artist_id,platform_id,month_id,followers,avg_engagement_rate
1,1,1,326460,0.0800
1,1,2,329725,0.0578
1,1,3,332989,0.0636
1,1,4,336254,0.0420
1,1,5,339519,0.0506
1,1,6,342783,0.0526
1,1,7,346048,0.0481
1,1,8,349312,0.0231
1,1,9,352577,0.0544
1,1,10,355842,0.0294
1,1,11,359106,0.0486
1,1,12,362371,0.0218
1,1,13,365635,0.0130
1,1,14,368900,0.0538
1,1,15,372165,0.0157
1,1,16,375429,0.0154
1,1,17,378694,0.0613
1,1,18,381958,0.0542
1,1,19,385223,0.0625
1,1,20,388488,0.0616
1,1,21,391752,0.0135
1,1,22,395017,0.0511
1,1,23,398281,0.0416
1,1,24,401546,0.0776
1,2,1,217640,0.0627
1,2,2,219817,0.0343
1,2,3,221993,0.0286
1,2,4,224169,0.0409
1,2,5,226346,0.0481
1,2,6,228522,0.0776
1,2,7,230699,0.0244
1,2,8,232875,0.0364
1,2,9,235051,0.0292
1,2,10,237228,0.0210
1,2,11,239404,0.0694
1,2,12,241581,0.0636
1,2,13,243757,0.0365
1,2,14,245933,0.0301
1,2,15,248110,0.0233
1,2,16,250286,0.0425
1,2,17,252463,0.0258
1,2,18,254639,0.0427
1,2,19,256815,0.0455
1,2,20,258992,0.0751
1,2,21,261168,0.0270
1,2,22,263345,0.0423
1,2,23,265521,0.0766
1,2,24,267697,0.0617
1,3,1,145093,0.0638
1,3,2,146544,0.0584
1,3,3,147995,0.0121
1,3,4,149446,0.0685
1,3,5,150897,0.0788
1,3,6,152348,0.0102
1,3,7,153799,0.0377
1,3,8,155250,0.0329
1,3,9,156701,0.0428
1,3,10,158152,0.0768
1,3,11,159603,0.0514
1,3,12,161054,0.0324
1,3,13,162505,0.0636
1,3,14,163956,0.0493
1,3,15,165407,0.0592
1,3,16,166857,0.0165
1,3,17,168308,0.0751
1,3,18,169759,0.0410
1,3,19,171210,0.0298
1,3,20,172661,0.0409
1,3,21,174112,0.0144
1,3,22,175563,0.0481
1,3,23,177014,0.0382
1,3,24,178465,0.0658
1,4,1,90683,0.0506
1,4,2,91590,0.0390
1,4,3,92497,0.0348
1,4,4,93404,0.0698
1,4,5,94311,0.0297
1,4,6,95218,0.0182
1,4,7,96124,0.0351
1,4,8,97031,0.0454
1,4,9,97938,0.0463
1,4,10,98845,0.0310
1,4,11,99752,0.0387
1,4,12,100659,0.0311
1,4,13,101565,0.0586
1,4,14,102472,0.0762
1,4,15,103379,0.0763
1,4,16,104286,0.0151
1,4,17,105193,0.0781
1,4,18,106100,0.0669
1,4,19,107006,0.0727
1,4,20,107913,0.0390
1,4,21,108820,0.0510
1,4,22,109727,0.0336
1,4,23,110634,0.0211
1,4,24,111541,0.0638
2,1,1,410449,0.0418
2,1,2,414554,0.0327
2,1,3,418658,0.0330
2,1,4,422763,0.0509
2,1,5,426867,0.0143
2,1,6,430972,0.0270
2,1,7,435076,0.0698
2,1,8,439181,0.0592
2,1,9,443285,0.0247
2,1,10,447390,0.0604
2,1,11,451494,0.0528
2,1,12,455599,0.0437
2,1,13,459703,0.0510
2,1,14,463808,0.0189
2,1,15,467912,0.0220
2,1,16,472017,0.0158
2,1,17,476121,0.0371
2,1,18,480225,0.0666
2,1,19,484330,0.0637
2,1,20,488434,0.0553
2,1,21,492539,0.0102
2,1,22,496643,0.0328
2,1,23,500748,0.0746
2,1,24,504852,0.0516
2,2,1,273633,0.0501
2,2,2,276369,0.0113
2,2,3,279105,0.0549
2,2,4,281842,0.0283
2,2,5,284578,0.0274
2,2,6,287314,0.0344
2,2,7,290051,0.0422
2,2,8,292787,0.0698
2,2,9,295523,0.0642
2,2,10,298260,0.0149
2,2,11,300996,0.0535
2,2,12,303732,0.0758
2,2,13,306469,0.0204
2,2,14,309205,0.0498
2,2,15,311941,0.0140
2,2,16,314678,0.0127
2,2,17,317414,0.0723
2,2,18,320150,0.0518
2,2,19,322887,0.0715
2,2,20,325623,0.0737
2,2,21,328359,0.0423
2,2,22,331096,0.0155
2,2,23,333832,0.0780
2,2,24,336568,0.0263
2,3,1,182422,0.0453
2,3,2,184246,0.0187
2,3,3,186070,0.0258
2,3,4,187894,0.0490
2,3,5,189719,0.0142
2,3,6,191543,0.0109
2,3,7,193367,0.0613
2,3,8,195191,0.0217
2,3,9,197016,0.0269
2,3,10,198840,0.0236
2,3,11,200664,0.0292
2,3,12,202488,0.0282
2,3,13,204312,0.0791
2,3,14,206137,0.0421
2,3,15,207961,0.0641
2,3,16,209785,0.0760
2,3,17,211609,0.0305
2,3,18,213434,0.0493
2,3,19,215258,0.0163
2,3,20,217082,0.0527
2,3,21,218906,0.0309
2,3,22,220730,0.0392
2,3,23,222555,0.0160
2,3,24,224379,0.0368
2,4,1,114014,0.0660
2,4,2,115154,0.0496
2,4,3,116294,0.0240
2,4,4,117434,0.0800
2,4,5,118574,0.0487
2,4,6,119714,0.0114
2,4,7,120854,0.0302
2,4,8,121995,0.0290
2,4,9,123135,0.0720
2,4,10,124275,0.0631
2,4,11,125415,0.0456
2,4,12,126555,0.0435
2,4,13,127695,0.0442
2,4,14,128835,0.0515
2,4,15,129976,0.0582
2,4,16,131116,0.0520
2,4,17,132256,0.0655
2,4,18,133396,0.0110
2,4,19,134536,0.0671
2,4,20,135676,0.0324
2,4,21,136816,0.0176
2,4,22,137957,0.0696
2,4,23,139097,0.0462
2,4,24,140237,0.0250
3,1,1,531515,0.0691
3,1,2,536830,0.0379
3,1,3,542145,0.0469
3,1,4,547460,0.0252
3,1,5,552775,0.0766
3,1,6,558090,0.0319
3,1,7,563406,0.0671
3,1,8,568721,0.0356
3,1,9,574036,0.0366
3,1,10,579351,0.0741
3,1,11,584666,0.0408
3,1,12,589981,0.0463
3,1,13,595296,0.0787
3,1,14,600612,0.0593
3,1,15,605927,0.0286
3,1,16,611242,0.0744
3,1,17,616557,0.0414
3,1,18,621872,0.0254
3,1,19,627187,0.0619
3,1,20,632503,0.0154
3,1,21,637818,0.0392
3,1,22,643133,0.0496
3,1,23,648448,0.0771
3,1,24,653763,0.0440
3,2,1,354343,0.0424
3,2,2,357887,0.0256
3,2,3,361430,0.0721
3,2,4,364973,0.0350
3,2,5,368517,0.0329
3,2,6,372060,0.0391
3,2,7,375604,0.0735
3,2,8,379147,0.0712
3,2,9,382691,0.0737
3,2,10,386234,0.0622
3,2,11,389777,0.0711
3,2,12,393321,0.0245
3,2,13,396864,0.0456
3,2,14,400408,0.0568
3,2,15,403951,0.0183
3,2,16,407495,0.0350
3,2,17,411038,0.0295
3,2,18,414581,0.0682
3,2,19,418125,0.0765
3,2,20,421668,0.0453
3,2,21,425212,0.0340
3,2,22,428755,0.0282
3,2,23,432299,0.0489
3,2,24,435842,0.0122
3,3,1,236229,0.0648
3,3,2,238591,0.0742
3,3,3,240953,0.0695
3,3,4,243316,0.0192
3,3,5,245678,0.0645
3,3,6,248040,0.0202
3,3,7,250402,0.0161
3,3,8,252765,0.0288
3,3,9,255127,0.0387
3,3,10,257489,0.0786
3,3,11,259852,0.0132
3,3,12,262214,0.0436
3,3,13,264576,0.0518
3,3,14,266938,0.0259
3,3,15,269301,0.0656
3,3,16,271663,0.0120
3,3,17,274025,0.0135
3,3,18,276388,0.0447
3,3,19,278750,0.0465
3,3,20,281112,0.0300
3,3,21,283475,0.0425
3,3,22,285837,0.0524
3,3,23,288199,0.0734
3,3,24,290561,0.0591
3,4,1,147643,0.0466
3,4,2,149119,0.0743
3,4,3,150596,0.0513
3,4,4,152072,0.0509
3,4,5,153549,0.0737
3,4,6,155025,0.0434
3,4,7,156502,0.0600
3,4,8,157978,0.0607
3,4,9,159454,0.0324
3,4,10,160931,0.0565
3,4,11,162407,0.0528
3,4,12,163884,0.0643
3,4,13,165360,0.0424
3,4,14,166837,0.0193
3,4,15,168313,0.0532
3,4,16,169789,0.0149
3,4,17,171266,0.0390
3,4,18,172742,0.0791
3,4,19,174219,0.0630
3,4,20,175695,0.0744
3,4,21,177172,0.0306
3,4,22,178648,0.0273
3,4,23,180124,0.0699
3,4,24,181601,0.0389
4,1,1,344877,0.0533
4,1,2,348325,0.0682
4,1,3,351774,0.0537
4,1,4,355223,0.0136
4,1,5,358672,0.0289
4,1,6,362121,0.0354
4,1,7,365569,0.0501
4,1,8,369018,0.0360
4,1,9,372467,0.0280
4,1,10,375916,0.0747
4,1,11,379364,0.0427
4,1,12,382813,0.0632
4,1,13,386262,0.0446
4,1,14,389711,0.0211
4,1,15,393159,0.0616
4,1,16,396608,0.0718
4,1,17,400057,0.0386
4,1,18,403506,0.0205
4,1,19,406954,0.0159
4,1,20,410403,0.0419
4,1,21,413852,0.0447
4,1,22,417301,0.0293
4,1,23,420750,0.0344
4,1,24,424198,0.0285
4,2,1,229918,0.0401
4,2,2,232217,0.0472
4,2,3,234516,0.0107
4,2,4,236815,0.0645
4,2,5,239114,0.0637
4,2,6,241414,0.0301
4,2,7,243713,0.0676
4,2,8,246012,0.0108
4,2,9,248311,0.0412
4,2,10,250610,0.0168
4,2,11,252910,0.0636
4,2,12,255209,0.0193
4,2,13,257508,0.0184
4,2,14,259807,0.0497
4,2,15,262106,0.0762
4,2,16,264405,0.0572
4,2,17,266705,0.0334
4,2,18,269004,0.0603
4,2,19,271303,0.0629
4,2,20,273602,0.0293
4,2,21,275901,0.0676
4,2,22,278201,0.0695
4,2,23,280500,0.0633
4,2,24,282799,0.0629
4,3,1,153279,0.0304
4,3,2,154811,0.0214
4,3,3,156344,0.0227
4,3,4,157877,0.0619
4,3,5,159410,0.0118
4,3,6,160942,0.0341
4,3,7,162475,0.0377
4,3,8,164008,0.0760
4,3,9,165541,0.0420
4,3,10,167074,0.0600
4,3,11,168606,0.0400
4,3,12,170139,0.0369
4,3,13,171672,0.0181
4,3,14,173205,0.0355
4,3,15,174738,0.0461
4,3,16,176270,0.0604
4,3,17,177803,0.0415
4,3,18,179336,0.0201
4,3,19,180869,0.0465
4,3,20,182401,0.0107
4,3,21,183934,0.0539
4,3,22,185467,0.0394
4,3,23,187000,0.0631
4,3,24,188533,0.0790
4,4,1,95799,0.0219
4,4,2,96757,0.0255
4,4,3,97715,0.0713
4,4,4,98673,0.0359
4,4,5,99631,0.0678
4,4,6,100589,0.0702
4,4,7,101547,0.0457
4,4,8,102505,0.0576
4,4,9,103463,0.0764
4,4,10,104421,0.0296
4,4,11,105379,0.0689
4,4,12,106337,0.0467
4,4,13,107295,0.0255
4,4,14,108253,0.0182
4,4,15,109211,0.0618
4,4,16,110169,0.0506
4,4,17,111127,0.0273
4,4,18,112085,0.0498
4,4,19,113043,0.0340
4,4,20,114001,0.0256
4,4,21,114959,0.0567
4,4,22,115917,0.0486
4,4,23,116875,0.0457
4,4,24,117833,0.0563
5,1,1,128489,0.0747
5,1,2,129774,0.0156
5,1,3,131059,0.0501
5,1,4,132344,0.0667
5,1,5,133629,0.0466
5,1,6,134914,0.0676
5,1,7,136199,0.0157
5,1,8,137484,0.0646
5,1,9,138769,0.0138
5,1,10,140054,0.0324
5,1,11,141338,0.0478
5,1,12,142623,0.0187
5,1,13,143908,0.0178
5,1,14,145193,0.0431
5,1,15,146478,0.0749
5,1,16,147763,0.0754
5,1,17,149048,0.0571
5,1,18,150333,0.0772
5,1,19,151618,0.0598
5,1,20,152902,0.0681
5,1,21,154187,0.0375
5,1,22,155472,0.0385
5,1,23,156757,0.0225
5,1,24,158042,0.0780
5,2,1,85660,0.0709
5,2,2,86516,0.0507
5,2,3,87373,0.0276
5,2,4,88229,0.0461
5,2,5,89086,0.0324
5,2,6,89943,0.0740
5,2,7,90799,0.0205
5,2,8,91656,0.0708
5,2,9,92512,0.0773
5,2,10,93369,0.0256
5,2,11,94226,0.0373
5,2,12,95082,0.0120
5,2,13,95939,0.0701
5,2,14,96795,0.0301
5,2,15,97652,0.0193
5,2,16,98509,0.0753
5,2,17,99365,0.0132
5,2,18,100222,0.0668
5,2,19,101078,0.0291
5,2,20,101935,0.0531
5,2,21,102792,0.0548
5,2,22,103648,0.0574
5,2,23,104505,0.0433
5,2,24,105361,0.0345
5,3,1,57106,0.0503
5,3,2,57678,0.0566
5,3,3,58249,0.0477
5,3,4,58820,0.0206
5,3,5,59391,0.0119
5,3,6,59962,0.0171
5,3,7,60533,0.0452
5,3,8,61104,0.0104
5,3,9,61675,0.0552
5,3,10,62246,0.0208
5,3,11,62817,0.0328
5,3,12,63388,0.0640
5,3,13,63959,0.0768
5,3,14,64530,0.0114
5,3,15,65101,0.0720
5,3,16,65672,0.0702
5,3,17,66243,0.0247
5,3,18,66815,0.0222
5,3,19,67386,0.0261
5,3,20,67957,0.0512
5,3,21,68528,0.0114
5,3,22,69099,0.0213
5,3,23,69670,0.0690
5,3,24,70241,0.0687
5,4,1,35692,0.0288
5,4,2,36048,0.0509
5,4,3,36405,0.0758
5,4,4,36762,0.0244
5,4,5,37119,0.0225
5,4,6,37476,0.0636
5,4,7,37833,0.0146
5,4,8,38190,0.0394
5,4,9,38547,0.0340
5,4,10,38904,0.0173
5,4,11,39261,0.0422
5,4,12,39618,0.0640
5,4,13,39975,0.0238
5,4,14,40331,0.0264
5,4,15,40688,0.0118
5,4,16,41045,0.0451
5,4,17,41402,0.0739
5,4,18,41759,0.0407
5,4,19,42116,0.0331
5,4,20,42473,0.0167
5,4,21,42830,0.0224
5,4,22,43187,0.0643
5,4,23,43544,0.0651
5,4,24,43901,0.0197
6,1,1,146467,0.0531
6,1,2,147932,0.0173
6,1,3,149397,0.0799
6,1,4,150861,0.0555
6,1,5,152326,0.0124
6,1,6,153791,0.0541
6,1,7,155255,0.0621
6,1,8,156720,0.0415
6,1,9,158185,0.0271
6,1,10,159649,0.0699
6,1,11,161114,0.0110
6,1,12,162579,0.0611
6,1,13,164043,0.0216
6,1,14,165508,0.0783
6,1,15,166973,0.0587
6,1,16,168437,0.0641
6,1,17,169902,0.0534
6,1,18,171367,0.0628
6,1,19,172831,0.0610
6,1,20,174296,0.0673
6,1,21,175761,0.0335
6,1,22,177225,0.0603
6,1,23,178690,0.0499
6,1,24,180155,0.0532
6,2,1,97645,0.0404
6,2,2,98621,0.0538
6,2,3,99598,0.0491
6,2,4,100574,0.0298
6,2,5,101551,0.0424
6,2,6,102527,0.0621
6,2,7,103503,0.0555
6,2,8,104480,0.0369
6,2,9,105456,0.0576
6,2,10,106433,0.0599
6,2,11,107409,0.0452
6,2,12,108386,0.0264
6,2,13,109362,0.0650
6,2,14,110339,0.0163
6,2,15,111315,0.0143
6,2,16,112291,0.0378
6,2,17,113268,0.0687
6,2,18,114244,0.0346
6,2,19,115221,0.0357
6,2,20,116197,0.0260
6,2,21,117174,0.0534
6,2,22,118150,0.0157
6,2,23,119127,0.0346
6,2,24,120103,0.0293
6,3,1,65097,0.0328
6,3,2,65747,0.0673
6,3,3,66398,0.0656
6,3,4,67049,0.0426
6,3,5,67700,0.0246
6,3,6,68351,0.0679
6,3,7,69002,0.0112
6,3,8,69653,0.0498
6,3,9,70304,0.0566
6,3,10,70955,0.0798
6,3,11,71606,0.0431
6,3,12,72257,0.0785
6,3,13,72908,0.0403
6,3,14,73559,0.0466
6,3,15,74210,0.0256
6,3,16,74861,0.0566
6,3,17,75512,0.0334
6,3,18,76163,0.0447
6,3,19,76814,0.0554
6,3,20,77465,0.0583
6,3,21,78116,0.0168
6,3,22,78767,0.0277
6,3,23,79418,0.0131
6,3,24,80069,0.0473
6,4,1,40685,0.0326
6,4,2,41092,0.0250
6,4,3,41499,0.0308
6,4,4,41906,0.0435
6,4,5,42313,0.0558
6,4,6,42720,0.0732
6,4,7,43126,0.0195
6,4,8,43533,0.0583
6,4,9,43940,0.0303
6,4,10,44347,0.0693
6,4,11,44754,0.0698
6,4,12,45161,0.0233
6,4,13,45568,0.0664
6,4,14,45974,0.0343
6,4,15,46381,0.0750
6,4,16,46788,0.0197
6,4,17,47195,0.0209
6,4,18,47602,0.0395
6,4,19,48009,0.0198
6,4,20,48416,0.0632
6,4,21,48822,0.0535
6,4,22,49229,0.0113
6,4,23,49636,0.0219
6,4,24,50043,0.0684
7,1,1,345517,0.0371
7,1,2,348973,0.0288
7,1,3,352428,0.0252
7,1,4,355883,0.0517
7,1,5,359338,0.0724
7,1,6,362793,0.0414
7,1,7,366248,0.0454
7,1,8,369704,0.0419
7,1,9,373159,0.0564
7,1,10,376614,0.0117
7,1,11,380069,0.0443
7,1,12,383524,0.0732
7,1,13,386979,0.0559
7,1,14,390435,0.0281
7,1,15,393890,0.0170
7,1,16,397345,0.0116
7,1,17,400800,0.0601
7,1,18,404255,0.0467
7,1,19,407711,0.0273
7,1,20,411166,0.0333
7,1,21,414621,0.0499
7,1,22,418076,0.0394
7,1,23,421531,0.0137
7,1,24,424986,0.0549
7,2,1,230345,0.0356
7,2,2,232648,0.0690
7,2,3,234952,0.0591
7,2,4,237255,0.0495
7,2,5,239559,0.0339
7,2,6,241862,0.0443
7,2,7,244166,0.0614
7,2,8,246469,0.0252
7,2,9,248773,0.0735
7,2,10,251076,0.0360
7,2,11,253379,0.0596
7,2,12,255683,0.0358
7,2,13,257986,0.0764
7,2,14,260290,0.0577
7,2,15,262593,0.0504
7,2,16,264897,0.0768
7,2,17,267200,0.0677
7,2,18,269504,0.0485
7,2,19,271807,0.0791
7,2,20,274110,0.0559
7,2,21,276414,0.0107
7,2,22,278717,0.0330
7,2,23,281021,0.0505
7,2,24,283324,0.0265
7,3,1,153563,0.0566
7,3,2,155099,0.0387
7,3,3,156635,0.0698
7,3,4,158170,0.0121
7,3,5,159706,0.0123
7,3,6,161241,0.0171
7,3,7,162777,0.0210
7,3,8,164313,0.0601
7,3,9,165848,0.0484
7,3,10,167384,0.0648
7,3,11,168920,0.0153
7,3,12,170455,0.0196
7,3,13,171991,0.0645
7,3,14,173527,0.0541
7,3,15,175062,0.0511
7,3,16,176598,0.0590
7,3,17,178133,0.0780
7,3,18,179669,0.0226
7,3,19,181205,0.0238
7,3,20,182740,0.0293
7,3,21,184276,0.0338
7,3,22,185812,0.0371
7,3,23,187347,0.0612
7,3,24,188883,0.0278
7,4,1,95977,0.0263
7,4,2,96937,0.0467
7,4,3,97897,0.0216
7,4,4,98856,0.0423
7,4,5,99816,0.0197
7,4,6,100776,0.0127
7,4,7,101736,0.0509
7,4,8,102695,0.0751
7,4,9,103655,0.0114
7,4,10,104615,0.0662
7,4,11,105575,0.0275
7,4,12,106535,0.0506
7,4,13,107494,0.0134
7,4,14,108454,0.0177
7,4,15,109414,0.0243
7,4,16,110374,0.0548
7,4,17,111333,0.0371
7,4,18,112293,0.0276
7,4,19,113253,0.0116
7,4,20,114213,0.0390
7,4,21,115172,0.0569
7,4,22,116132,0.0762
7,4,23,117092,0.0746
7,4,24,118052,0.0494
8,1,1,206835,0.0127
8,1,2,208903,0.0626
8,1,3,210972,0.0115
8,1,4,213040,0.0695
8,1,5,215109,0.0743
8,1,6,217177,0.0602
8,1,7,219245,0.0773
8,1,8,221314,0.0689
8,1,9,223382,0.0580
8,1,10,225450,0.0787
8,1,11,227519,0.0767
8,1,12,229587,0.0478
8,1,13,231655,0.0709
8,1,14,233724,0.0625
8,1,15,235792,0.0258
8,1,16,237860,0.0531
8,1,17,239929,0.0651
8,1,18,241997,0.0457
8,1,19,244065,0.0120
8,1,20,246134,0.0717
8,1,21,248202,0.0674
8,1,22,250270,0.0552
8,1,23,252339,0.0253
8,1,24,254407,0.0216
8,2,1,137890,0.0755
8,2,2,139269,0.0621
8,2,3,140648,0.0153
8,2,4,142027,0.0241
8,2,5,143406,0.0730
8,2,6,144785,0.0396
8,2,7,146163,0.0794
8,2,8,147542,0.0192
8,2,9,148921,0.0153
8,2,10,150300,0.0244
8,2,11,151679,0.0276
8,2,12,153058,0.0385
8,2,13,154437,0.0136
8,2,14,155816,0.0397
8,2,15,157195,0.0201
8,2,16,158574,0.0393
8,2,17,159952,0.0546
8,2,18,161331,0.0612
8,2,19,162710,0.0759
8,2,20,164089,0.0205
8,2,21,165468,0.0579
8,2,22,166847,0.0148
8,2,23,168226,0.0174
8,2,24,169605,0.0189
8,3,1,91927,0.0494
8,3,2,92846,0.0424
8,3,3,93765,0.0319
8,3,4,94685,0.0419
8,3,5,95604,0.0620
8,3,6,96523,0.0777
8,3,7,97442,0.0151
8,3,8,98362,0.0193
8,3,9,99281,0.0322
8,3,10,100200,0.0156
8,3,11,101119,0.0378
8,3,12,102039,0.0388
8,3,13,102958,0.0556
8,3,14,103877,0.0712
8,3,15,104796,0.0129
8,3,16,105716,0.0275
8,3,17,106635,0.0678
8,3,18,107554,0.0188
8,3,19,108474,0.0534
8,3,20,109393,0.0172
8,3,21,110312,0.0773
8,3,22,111231,0.0381
8,3,23,112151,0.0712
8,3,24,113070,0.0200
8,4,1,57454,0.0106
8,4,2,58029,0.0160
8,4,3,58603,0.0337
8,4,4,59178,0.0575
8,4,5,59752,0.0111
8,4,6,60327,0.0495
8,4,7,60901,0.0371
8,4,8,61476,0.0291
8,4,9,62051,0.0351
8,4,10,62625,0.0650
8,4,11,63200,0.0265
8,4,12,63774,0.0686
8,4,13,64349,0.0169
8,4,14,64923,0.0169
8,4,15,65498,0.0642
8,4,16,66072,0.0797
8,4,17,66647,0.0253
8,4,18,67221,0.0403
8,4,19,67796,0.0292
8,4,20,68370,0.0147
8,4,21,68945,0.0627
8,4,22,69520,0.0663
8,4,23,70094,0.0138
8,4,24,70669,0.0330
9,1,1,536274,0.0614
9,1,2,541637,0.0768
9,1,3,547000,0.0580
9,1,4,552362,0.0483
9,1,5,557725,0.0670
9,1,6,563088,0.0263
9,1,7,568451,0.0187
9,1,8,573813,0.0113
9,1,9,579176,0.0749
9,1,10,584539,0.0541
9,1,11,589902,0.0143
9,1,12,595264,0.0753
9,1,13,600627,0.0584
9,1,14,605990,0.0611
9,1,15,611353,0.0246
9,1,16,616715,0.0799
9,1,17,622078,0.0567
9,1,18,627441,0.0506
9,1,19,632804,0.0352
9,1,20,638166,0.0729
9,1,21,643529,0.0356
9,1,22,648892,0.0727
9,1,23,654255,0.0765
9,1,24,659617,0.0349
9,2,1,357516,0.0732
9,2,2,361091,0.0511
9,2,3,364667,0.0249
9,2,4,368242,0.0268
9,2,5,371817,0.0611
9,2,6,375392,0.0109
9,2,7,378967,0.0744
9,2,8,382542,0.0530
9,2,9,386117,0.0728
9,2,10,389693,0.0472
9,2,11,393268,0.0518
9,2,12,396843,0.0171
9,2,13,400418,0.0266
9,2,14,403993,0.0578
9,2,15,407568,0.0369
9,2,16,411144,0.0498
9,2,17,414719,0.0211
9,2,18,418294,0.0357
9,2,19,421869,0.0670
9,2,20,425444,0.0444
9,2,21,429019,0.0476
9,2,22,432595,0.0435
9,2,23,436170,0.0193
9,2,24,439745,0.0626
9,3,1,238344,0.0320
9,3,2,240728,0.0149
9,3,3,243111,0.0105
9,3,4,245494,0.0491
9,3,5,247878,0.0243
9,3,6,250261,0.0355
9,3,7,252645,0.0260
9,3,8,255028,0.0111
9,3,9,257412,0.0592
9,3,10,259795,0.0638
9,3,11,262179,0.0659
9,3,12,264562,0.0596
9,3,13,266945,0.0179
9,3,14,269329,0.0257
9,3,15,271712,0.0307
9,3,16,274096,0.0696
9,3,17,276479,0.0653
9,3,18,278863,0.0169
9,3,19,281246,0.0793
9,3,20,283630,0.0632
9,3,21,286013,0.0512
9,3,22,288396,0.0595
9,3,23,290780,0.0669
9,3,24,293163,0.0585
9,4,1,148965,0.0705
9,4,2,150455,0.0512
9,4,3,151944,0.0376
9,4,4,153434,0.0151
9,4,5,154924,0.0682
9,4,6,156413,0.0647
9,4,7,157903,0.0369
9,4,8,159393,0.0264
9,4,9,160882,0.0678
9,4,10,162372,0.0272
9,4,11,163862,0.0244
9,4,12,165351,0.0266
9,4,13,166841,0.0698
9,4,14,168331,0.0151
9,4,15,169820,0.0326
9,4,16,171310,0.0487
9,4,17,172799,0.0431
9,4,18,174289,0.0375
9,4,19,175779,0.0457
9,4,20,177268,0.0330
9,4,21,178758,0.0333
9,4,22,180248,0.0168
9,4,23,181737,0.0567
9,4,24,183227,0.0244
10,1,1,439516,0.0556
10,1,2,443911,0.0512
10,1,3,448306,0.0309
10,1,4,452701,0.0522
10,1,5,457097,0.0666
10,1,6,461492,0.0487
10,1,7,465887,0.0418
10,1,8,470282,0.0275
10,1,9,474677,0.0312
10,1,10,479072,0.0597
10,1,11,483468,0.0483
10,1,12,487863,0.0420
10,1,13,492258,0.0726
10,1,14,496653,0.0293
10,1,15,501048,0.0635
10,1,16,505443,0.0168
10,1,17,509839,0.0539
10,1,18,514234,0.0688
10,1,19,518629,0.0224
10,1,20,523024,0.0298
10,1,21,527419,0.0339
10,1,22,531814,0.0714
10,1,23,536210,0.0779
10,1,24,540605,0.0366
10,2,1,293011,0.0312
10,2,2,295941,0.0391
10,2,3,298871,0.0301
10,2,4,301801,0.0698
10,2,5,304731,0.0424
10,2,6,307661,0.0168
10,2,7,310591,0.0472
10,2,8,313521,0.0630
10,2,9,316452,0.0441
10,2,10,319382,0.0153
10,2,11,322312,0.0769
10,2,12,325242,0.0592
10,2,13,328172,0.0671
10,2,14,331102,0.0101
10,2,15,334032,0.0702
10,2,16,336962,0.0507
10,2,17,339892,0.0398
10,2,18,342822,0.0572
10,2,19,345753,0.0487
10,2,20,348683,0.0143
10,2,21,351613,0.0320
10,2,22,354543,0.0374
10,2,23,357473,0.0637
10,2,24,360403,0.0314
10,3,1,195340,0.0492
10,3,2,197294,0.0319
10,3,3,199247,0.0479
10,3,4,201201,0.0421
10,3,5,203154,0.0722
10,3,6,205107,0.0682
10,3,7,207061,0.0308
10,3,8,209014,0.0126
10,3,9,210968,0.0467
10,3,10,212921,0.0273
10,3,11,214874,0.0197
10,3,12,216828,0.0198
10,3,13,218781,0.0377
10,3,14,220735,0.0225
10,3,15,222688,0.0106
10,3,16,224642,0.0529
10,3,17,226595,0.0275
10,3,18,228548,0.0696
10,3,19,230502,0.0263
10,3,20,232455,0.0421
10,3,21,234409,0.0482
10,3,22,236362,0.0330
10,3,23,238315,0.0749
10,3,24,240269,0.0372
10,4,1,122088,0.0723
10,4,2,123309,0.0323
10,4,3,124530,0.0690
10,4,4,125750,0.0615
10,4,5,126971,0.0138
10,4,6,128192,0.0702
10,4,7,129413,0.0722
10,4,8,130634,0.0739
10,4,9,131855,0.0216
10,4,10,133076,0.0106
10,4,11,134297,0.0678
10,4,12,135517,0.0516
10,4,13,136738,0.0470
10,4,14,137959,0.0720
10,4,15,139180,0.0422
10,4,16,140401,0.0324
10,4,17,141622,0.0779
10,4,18,142843,0.0266
10,4,19,144064,0.0456
10,4,20,145284,0.0178
10,4,21,146505,0.0649
10,4,22,147726,0.0426
10,4,23,148947,0.0332
10,4,24,150168,0.0119
11,1,1,47408,0.0538
11,1,2,47882,0.0731
11,1,3,48356,0.0738
11,1,4,48830,0.0762
11,1,5,49304,0.0140
11,1,6,49778,0.0270
11,1,7,50252,0.0724
11,1,8,50726,0.0581
11,1,9,51200,0.0503
11,1,10,51674,0.0589
11,1,11,52148,0.0170
11,1,12,52623,0.0149
11,1,13,53097,0.0677
11,1,14,53571,0.0389
11,1,15,54045,0.0688
11,1,16,54519,0.0477
11,1,17,54993,0.0650
11,1,18,55467,0.0498
11,1,19,55941,0.0195
11,1,20,56415,0.0394
11,1,21,56889,0.0374
11,1,22,57363,0.0627
11,1,23,57837,0.0703
11,1,24,58311,0.0640
11,2,1,31605,0.0687
11,2,2,31921,0.0565
11,2,3,32237,0.0491
11,2,4,32553,0.0626
11,2,5,32869,0.0732
11,2,6,33185,0.0167
11,2,7,33501,0.0410
11,2,8,33817,0.0566
11,2,9,34134,0.0245
11,2,10,34450,0.0621
11,2,11,34766,0.0463
11,2,12,35082,0.0621
11,2,13,35398,0.0287
11,2,14,35714,0.0550
11,2,15,36030,0.0622
11,2,16,36346,0.0213
11,2,17,36662,0.0788
11,2,18,36978,0.0360
11,2,19,37294,0.0509
11,2,20,37610,0.0386
11,2,21,37926,0.0485
11,2,22,38242,0.0336
11,2,23,38558,0.0568
11,2,24,38874,0.0231
11,3,1,21070,0.0322
11,3,2,21281,0.0533
11,3,3,21491,0.0141
11,3,4,21702,0.0742
11,3,5,21913,0.0338
11,3,6,22124,0.0625
11,3,7,22334,0.0478
11,3,8,22545,0.0287
11,3,9,22756,0.0316
11,3,10,22966,0.0537
11,3,11,23177,0.0306
11,3,12,23388,0.0458
11,3,13,23598,0.0707
11,3,14,23809,0.0783
11,3,15,24020,0.0246
11,3,16,24231,0.0236
11,3,17,24441,0.0491
11,3,18,24652,0.0207
11,3,19,24863,0.0461
11,3,20,25073,0.0649
11,3,21,25284,0.0503
11,3,22,25495,0.0401
11,3,23,25705,0.0634
11,3,24,25916,0.0535
11,4,1,13169,0.0150
11,4,2,13300,0.0167
11,4,3,13432,0.0531
11,4,4,13564,0.0333
11,4,5,13696,0.0795
11,4,6,13827,0.0423
11,4,7,13959,0.0361
11,4,8,14091,0.0337
11,4,9,14222,0.0746
11,4,10,14354,0.0723
11,4,11,14486,0.0742
11,4,12,14617,0.0329
11,4,13,14749,0.0474
11,4,14,14881,0.0765
11,4,15,15012,0.0666
11,4,16,15144,0.0439
11,4,17,15276,0.0690
11,4,18,15407,0.0554
11,4,19,15539,0.0676
11,4,20,15671,0.0589
11,4,21,15803,0.0261
11,4,22,15934,0.0195
11,4,23,16066,0.0666
11,4,24,16198,0.0481
12,1,1,537141,0.0756
12,1,2,542512,0.0231
12,1,3,547884,0.0620
12,1,4,553255,0.0450
12,1,5,558626,0.0547
12,1,6,563998,0.0129
12,1,7,569369,0.0772
12,1,8,574741,0.0447
12,1,9,580112,0.0204
12,1,10,585483,0.0708
12,1,11,590855,0.0480
12,1,12,596226,0.0406
12,1,13,601598,0.0517
12,1,14,606969,0.0211
12,1,15,612340,0.0667
12,1,16,617712,0.0661
12,1,17,623083,0.0783
12,1,18,628455,0.0625
12,1,19,633826,0.0775
12,1,20,639197,0.0419
12,1,21,644569,0.0378
12,1,22,649940,0.0280
12,1,23,655312,0.0520
12,1,24,660683,0.0382
12,2,1,358094,0.0375
12,2,2,361675,0.0500
12,2,3,365256,0.0182
12,2,4,368837,0.0695
12,2,5,372418,0.0613
12,2,6,375998,0.0295
12,2,7,379579,0.0589
12,2,8,383160,0.0613
12,2,9,386741,0.0773
12,2,10,390322,0.0332
12,2,11,393903,0.0444
12,2,12,397484,0.0353
12,2,13,401065,0.0658
12,2,14,404646,0.0697
12,2,15,408227,0.0444
12,2,16,411808,0.0753
12,2,17,415389,0.0322
12,2,18,418970,0.0273
12,2,19,422551,0.0353
12,2,20,426132,0.0608
12,2,21,429713,0.0444
12,2,22,433293,0.0228
12,2,23,436874,0.0239
12,2,24,440455,0.0661
12,3,1,238729,0.0206
12,3,2,241116,0.0307
12,3,3,243504,0.0353
12,3,4,245891,0.0625
12,3,5,248278,0.0625
12,3,6,250666,0.0285
12,3,7,253053,0.0530
12,3,8,255440,0.0226
12,3,9,257828,0.0352
12,3,10,260215,0.0136
12,3,11,262602,0.0680
12,3,12,264989,0.0449
12,3,13,267377,0.0240
12,3,14,269764,0.0653
12,3,15,272151,0.0117
12,3,16,274539,0.0285
12,3,17,276926,0.0563
12,3,18,279313,0.0790
12,3,19,281700,0.0742
12,3,20,284088,0.0286
12,3,21,286475,0.0285
12,3,22,288862,0.0200
12,3,23,291250,0.0235
12,3,24,293637,0.0661
12,4,1,149206,0.0505
12,4,2,150698,0.0635
12,4,3,152190,0.0418
12,4,4,153682,0.0239
12,4,5,155174,0.0485
12,4,6,156666,0.0440
12,4,7,158158,0.0784
12,4,8,159650,0.0590
12,4,9,161142,0.0740
12,4,10,162634,0.0282
12,4,11,164126,0.0570
12,4,12,165618,0.0385
12,4,13,167110,0.0525
12,4,14,168602,0.0375
12,4,15,170095,0.0552
12,4,16,171587,0.0464
12,4,17,173079,0.0350
12,4,18,174571,0.0230
12,4,19,176063,0.0450
12,4,20,177555,0.0207
12,4,21,179047,0.0695
12,4,22,180539,0.0215
12,4,23,182031,0.0357
12,4,24,183523,0.0521
13,1,1,382130,0.0523
13,1,2,385952,0.0698
13,1,3,389773,0.0692
13,1,4,393594,0.0294
13,1,5,397416,0.0654
13,1,6,401237,0.0207
13,1,7,405058,0.0598
13,1,8,408880,0.0256
13,1,9,412701,0.0770
13,1,10,416522,0.0654
13,1,11,420344,0.0779
13,1,12,424165,0.0772
13,1,13,427986,0.0597
13,1,14,431807,0.0227
13,1,15,435629,0.0363
13,1,16,439450,0.0332
13,1,17,443271,0.0378
13,1,18,447093,0.0357
13,1,19,450914,0.0554
13,1,20,454735,0.0791
13,1,21,458557,0.0375
13,1,22,462378,0.0764
13,1,23,466199,0.0465
13,1,24,470020,0.0409
13,2,1,254754,0.0151
13,2,2,257301,0.0380
13,2,3,259849,0.0577
13,2,4,262396,0.0344
13,2,5,264944,0.0531
13,2,6,267491,0.0792
13,2,7,270039,0.0639
13,2,8,272586,0.0766
13,2,9,275134,0.0442
13,2,10,277681,0.0131
13,2,11,280229,0.0106
13,2,12,282777,0.0228
13,2,13,285324,0.0106
13,2,14,287872,0.0341
13,2,15,290419,0.0402
13,2,16,292967,0.0676
13,2,17,295514,0.0627
13,2,18,298062,0.0362
13,2,19,300609,0.0764
13,2,20,303157,0.0585
13,2,21,305704,0.0269
13,2,22,308252,0.0646
13,2,23,310799,0.0412
13,2,24,313347,0.0429
13,3,1,169836,0.0485
13,3,2,171534,0.0406
13,3,3,173232,0.0707
13,3,4,174931,0.0739
13,3,5,176629,0.0594
13,3,6,178328,0.0438
13,3,7,180026,0.0600
13,3,8,181724,0.0163
13,3,9,183423,0.0499
13,3,10,185121,0.0692
13,3,11,186819,0.0193
13,3,12,188518,0.0123
13,3,13,190216,0.0739
13,3,14,191914,0.0223
13,3,15,193613,0.0121
13,3,16,195311,0.0187
13,3,17,197009,0.0502
13,3,18,198708,0.0642
13,3,19,200406,0.0660
13,3,20,202105,0.0451
13,3,21,203803,0.0119
13,3,22,205501,0.0135
13,3,23,207200,0.0566
13,3,24,208898,0.0118
13,4,1,106147,0.0471
13,4,2,107209,0.0788
13,4,3,108270,0.0304
13,4,4,109332,0.0462
13,4,5,110393,0.0575
13,4,6,111455,0.0414
13,4,7,112516,0.0281
13,4,8,113578,0.0518
13,4,9,114639,0.0371
13,4,10,115701,0.0169
13,4,11,116762,0.0546
13,4,12,117824,0.0529
13,4,13,118885,0.0478
13,4,14,119947,0.0693
13,4,15,121008,0.0698
13,4,16,122069,0.0205
13,4,17,123131,0.0527
13,4,18,124192,0.0620
13,4,19,125254,0.0207
13,4,20,126315,0.0401
13,4,21,127377,0.0390
13,4,22,128438,0.0736
13,4,23,129500,0.0792
13,4,24,130561,0.0604
14,1,1,297880,0.0551
14,1,2,300859,0.0124
14,1,3,303838,0.0151
14,1,4,306817,0.0732
14,1,5,309795,0.0561
14,1,6,312774,0.0110
14,1,7,315753,0.0697
14,1,8,318732,0.0252
14,1,9,321711,0.0665
14,1,10,324689,0.0184
14,1,11,327668,0.0208
14,1,12,330647,0.0245
14,1,13,333626,0.0391
14,1,14,336605,0.0114
14,1,15,339583,0.0147
14,1,16,342562,0.0556
14,1,17,345541,0.0363
14,1,18,348520,0.0587
14,1,19,351499,0.0794
14,1,20,354477,0.0465
14,1,21,357456,0.0781
14,1,22,360435,0.0369
14,1,23,363414,0.0679
14,1,24,366393,0.0102
14,2,1,198587,0.0481
14,2,2,200573,0.0261
14,2,3,202559,0.0622
14,2,4,204544,0.0399
14,2,5,206530,0.0574
14,2,6,208516,0.0325
14,2,7,210502,0.0780
14,2,8,212488,0.0609
14,2,9,214474,0.0192
14,2,10,216460,0.0666
14,2,11,218445,0.0765
14,2,12,220431,0.0430
14,2,13,222417,0.0496
14,2,14,224403,0.0518
14,2,15,226389,0.0508
14,2,16,228375,0.0631
14,2,17,230361,0.0391
14,2,18,232347,0.0426
14,2,19,234332,0.0329
14,2,20,236318,0.0228
14,2,21,238304,0.0113
14,2,22,240290,0.0515
14,2,23,242276,0.0424
14,2,24,244262,0.0395
14,3,1,132391,0.0652
14,3,2,133715,0.0135
14,3,3,135039,0.0457
14,3,4,136363,0.0402
14,3,5,137687,0.0389
14,3,6,139011,0.0497
14,3,7,140335,0.0310
14,3,8,141659,0.0793
14,3,9,142982,0.0265
14,3,10,144306,0.0575
14,3,11,145630,0.0303
14,3,12,146954,0.0616
14,3,13,148278,0.0504
14,3,14,149602,0.0748
14,3,15,150926,0.0602
14,3,16,152250,0.0687
14,3,17,153574,0.0765
14,3,18,154898,0.0271
14,3,19,156222,0.0565
14,3,20,157546,0.0346
14,3,21,158869,0.0221
14,3,22,160193,0.0669
14,3,23,161517,0.0683
14,3,24,162841,0.0168
14,4,1,82745,0.0318
14,4,2,83572,0.0491
14,4,3,84399,0.0319
14,4,4,85227,0.0711
14,4,5,86054,0.0119
14,4,6,86882,0.0711
14,4,7,87709,0.0508
14,4,8,88537,0.0635
14,4,9,89364,0.0649
14,4,10,90192,0.0778
14,4,11,91019,0.0519
14,4,12,91846,0.0291
14,4,13,92674,0.0231
14,4,14,93501,0.0687
14,4,15,94329,0.0684
14,4,16,95156,0.0741
14,4,17,95984,0.0450
14,4,18,96811,0.0675
14,4,19,97639,0.0336
14,4,20,98466,0.0246
14,4,21,99293,0.0665
14,4,22,100121,0.0297
14,4,23,100948,0.0644
14,4,24,101776,0.0257
15,1,1,341660,0.0139
15,1,2,345076,0.0646
15,1,3,348493,0.0206
15,1,4,351909,0.0438
15,1,5,355326,0.0380
15,1,6,358743,0.0173
15,1,7,362159,0.0217
15,1,8,365576,0.0275
15,1,9,368992,0.0606
15,1,10,372409,0.0600
15,1,11,375826,0.0199
15,1,12,379242,0.0581
15,1,13,382659,0.0147
15,1,14,386075,0.0433
15,1,15,389492,0.0655
15,1,16,392909,0.0396
15,1,17,396325,0.0449
15,1,18,399742,0.0389
15,1,19,403158,0.0716
15,1,20,406575,0.0372
15,1,21,409992,0.0396
15,1,22,413408,0.0668
15,1,23,416825,0.0455
15,1,24,420241,0.0232
15,2,1,227773,0.0378
15,2,2,230051,0.0789
15,2,3,232329,0.0680
15,2,4,234606,0.0181
15,2,5,236884,0.0548
15,2,6,239162,0.0589
15,2,7,241439,0.0167
15,2,8,243717,0.0768
15,2,9,245995,0.0586
15,2,10,248273,0.0578
15,2,11,250550,0.0771
15,2,12,252828,0.0627
15,2,13,255106,0.0352
15,2,14,257384,0.0295
15,2,15,259661,0.0776
15,2,16,261939,0.0334
15,2,17,264217,0.0537
15,2,18,266495,0.0349
15,2,19,268772,0.0708
15,2,20,271050,0.0450
15,2,21,273328,0.0434
15,2,22,275605,0.0144
15,2,23,277883,0.0353
15,2,24,280161,0.0107
15,3,1,151849,0.0675
15,3,2,153367,0.0508
15,3,3,154886,0.0584
15,3,4,156404,0.0192
15,3,5,157923,0.0103
15,3,6,159441,0.0223
15,3,7,160960,0.0786
15,3,8,162478,0.0115
15,3,9,163997,0.0312
15,3,10,165515,0.0290
15,3,11,167034,0.0357
15,3,12,168552,0.0591
15,3,13,170071,0.0516
15,3,14,171589,0.0776
15,3,15,173108,0.0417
15,3,16,174626,0.0380
15,3,17,176145,0.0539
15,3,18,177663,0.0476
15,3,19,179181,0.0591
15,3,20,180700,0.0335
15,3,21,182218,0.0181
15,3,22,183737,0.0716
15,3,23,185255,0.0298
15,3,24,186774,0.0439
15,4,1,94905,0.0738
15,4,2,95855,0.0773
15,4,3,96804,0.0780
15,4,4,97753,0.0316
15,4,5,98702,0.0169
15,4,6,99651,0.0650
15,4,7,100600,0.0526
15,4,8,101549,0.0273
15,4,9,102498,0.0402
15,4,10,103447,0.0315
15,4,11,104396,0.0774
15,4,12,105345,0.0274
15,4,13,106294,0.0726
15,4,14,107243,0.0795
15,4,15,108192,0.0357
15,4,16,109141,0.0799
15,4,17,110090,0.0282
15,4,18,111039,0.0536
15,4,19,111988,0.0733
15,4,20,112937,0.0224
15,4,21,113887,0.0203
15,4,22,114836,0.0249
15,4,23,115785,0.0333
15,4,24,116734,0.0375
16,1,1,273307,0.0490
16,1,2,276040,0.0415
16,1,3,278773,0.0452
16,1,4,281506,0.0128
16,1,5,284240,0.0143
16,1,6,286973,0.0118
16,1,7,289706,0.0642
16,1,8,292439,0.0742
16,1,9,295172,0.0220
16,1,10,297905,0.0446
16,1,11,300638,0.0197
16,1,12,303371,0.0799
16,1,13,306104,0.0303
16,1,14,308837,0.0208
16,1,15,311570,0.0313
16,1,16,314303,0.0439
16,1,17,317036,0.0645
16,1,18,319769,0.0484
16,1,19,322503,0.0545
16,1,20,325236,0.0556
16,1,21,327969,0.0304
16,1,22,330702,0.0233
16,1,23,333435,0.0471
16,1,24,336168,0.0165
16,2,1,182205,0.0103
16,2,2,184027,0.0588
16,2,3,185849,0.0473
16,2,4,187671,0.0543
16,2,5,189493,0.0432
16,2,6,191315,0.0577
16,2,7,193137,0.0241
16,2,8,194959,0.0206
16,2,9,196781,0.0537
16,2,10,198603,0.0349
16,2,11,200425,0.0517
16,2,12,202247,0.0101
16,2,13,204069,0.0175
16,2,14,205891,0.0442
16,2,15,207713,0.0227
16,2,16,209536,0.0176
16,2,17,211358,0.0740
16,2,18,213180,0.0277
16,2,19,215002,0.0738
16,2,20,216824,0.0318
16,2,21,218646,0.0748
16,2,22,220468,0.0239
16,2,23,222290,0.0403
16,2,24,224112,0.0614
16,3,1,121470,0.0344
16,3,2,122685,0.0196
16,3,3,123899,0.0210
16,3,4,125114,0.0132
16,3,5,126329,0.0232
16,3,6,127543,0.0332
16,3,7,128758,0.0578
16,3,8,129973,0.0101
16,3,9,131187,0.0522
16,3,10,132402,0.0307
16,3,11,133617,0.0496
16,3,12,134832,0.0105
16,3,13,136046,0.0565
16,3,14,137261,0.0788
16,3,15,138476,0.0796
16,3,16,139690,0.0161
16,3,17,140905,0.0265
16,3,18,142120,0.0532
16,3,19,143334,0.0552
16,3,20,144549,0.0523
16,3,21,145764,0.0626
16,3,22,146979,0.0395
16,3,23,148193,0.0504
16,3,24,149408,0.0372
16,4,1,75919,0.0611
16,4,2,76678,0.0516
16,4,3,77437,0.0229
16,4,4,78196,0.0329
16,4,5,78955,0.0465
16,4,6,79715,0.0528
16,4,7,80474,0.0671
16,4,8,81233,0.0489
16,4,9,81992,0.0202
16,4,10,82751,0.0388
16,4,11,83511,0.0126
16,4,12,84270,0.0122
16,4,13,85029,0.0799
16,4,14,85788,0.0414
16,4,15,86547,0.0399
16,4,16,87306,0.0180
16,4,17,88066,0.0407
16,4,18,88825,0.0328
16,4,19,89584,0.0448
16,4,20,90343,0.0163
16,4,21,91102,0.0787
16,4,22,91862,0.0458
16,4,23,92621,0.0509
16,4,24,93380,0.0617
17,1,1,340208,0.0652
17,1,2,343610,0.0411
17,1,3,347012,0.0124
17,1,4,350414,0.0649
17,1,5,353816,0.0610
17,1,6,357218,0.0731
17,1,7,360620,0.0711
17,1,8,364022,0.0199
17,1,9,367424,0.0373
17,1,10,370827,0.0453
17,1,11,374229,0.0527
17,1,12,377631,0.0340
17,1,13,381033,0.0323
17,1,14,384435,0.0663
17,1,15,387837,0.0544
17,1,16,391239,0.0470
17,1,17,394641,0.0582
17,1,18,398043,0.0581
17,1,19,401445,0.0453
17,1,20,404847,0.0559
17,1,21,408249,0.0493
17,1,22,411651,0.0617
17,1,23,415054,0.0290
17,1,24,418456,0.0525
17,2,1,226805,0.0641
17,2,2,229073,0.0123
17,2,3,231341,0.0607
17,2,4,233609,0.0681
17,2,5,235877,0.0703
17,2,6,238145,0.0677
17,2,7,240414,0.0789
17,2,8,242682,0.0522
17,2,9,244950,0.0468
17,2,10,247218,0.0451
17,2,11,249486,0.0614
17,2,12,251754,0.0691
17,2,13,254022,0.0177
17,2,14,256290,0.0383
17,2,15,258558,0.0112
17,2,16,260826,0.0693
17,2,17,263094,0.0660
17,2,18,265362,0.0328
17,2,19,267630,0.0490
17,2,20,269898,0.0349
17,2,21,272166,0.0113
17,2,22,274434,0.0228
17,2,23,276702,0.0701
17,2,24,278970,0.0692
17,3,1,151203,0.0450
17,3,2,152716,0.0682
17,3,3,154228,0.0460
17,3,4,155740,0.0656
17,3,5,157252,0.0186
17,3,6,158764,0.0389
17,3,7,160276,0.0312
17,3,8,161788,0.0511
17,3,9,163300,0.0419
17,3,10,164812,0.0797
17,3,11,166324,0.0689
17,3,12,167836,0.0236
17,3,13,169348,0.0513
17,3,14,170860,0.0526
17,3,15,172372,0.0229
17,3,16,173884,0.0557
17,3,17,175396,0.0753
17,3,18,176908,0.0500
17,3,19,178420,0.0292
17,3,20,179932,0.0668
17,3,21,181444,0.0384
17,3,22,182956,0.0587
17,3,23,184468,0.0438
17,3,24,185980,0.0385
17,4,1,94502,0.0227
17,4,2,95447,0.0139
17,4,3,96392,0.0378
17,4,4,97337,0.0439
17,4,5,98282,0.0122
17,4,6,99227,0.0515
17,4,7,100172,0.0494
17,4,8,101117,0.0189
17,4,9,102062,0.0591
17,4,10,103007,0.0433
17,4,11,103952,0.0104
17,4,12,104897,0.0407
17,4,13,105842,0.0536
17,4,14,106787,0.0680
17,4,15,107732,0.0710
17,4,16,108678,0.0603
17,4,17,109623,0.0286
17,4,18,110568,0.0717
17,4,19,111513,0.0592
17,4,20,112458,0.0791
17,4,21,113403,0.0782
17,4,22,114348,0.0751
17,4,23,115293,0.0686
17,4,24,116238,0.0449
18,1,1,339767,0.0256
18,1,2,343165,0.0287
18,1,3,346563,0.0390
18,1,4,349960,0.0360
18,1,5,353358,0.0513
18,1,6,356756,0.0171
18,1,7,360154,0.0515
18,1,8,363551,0.0180
18,1,9,366949,0.0191
18,1,10,370347,0.0243
18,1,11,373744,0.0109
18,1,12,377142,0.0104
18,1,13,380540,0.0617
18,1,14,383937,0.0103
18,1,15,387335,0.0252
18,1,16,390733,0.0529
18,1,17,394130,0.0176
18,1,18,397528,0.0746
18,1,19,400926,0.0503
18,1,20,404323,0.0694
18,1,21,407721,0.0293
18,1,22,411119,0.0131
18,1,23,414516,0.0507
18,1,24,417914,0.0387
18,2,1,226512,0.0680
18,2,2,228777,0.0644
18,2,3,231042,0.0134
18,2,4,233307,0.0394
18,2,5,235572,0.0567
18,2,6,237837,0.0448
18,2,7,240102,0.0765
18,2,8,242367,0.0293
18,2,9,244633,0.0717
18,2,10,246898,0.0333
18,2,11,249163,0.0337
18,2,12,251428,0.0641
18,2,13,253693,0.0710
18,2,14,255958,0.0800
18,2,15,258223,0.0162
18,2,16,260488,0.0223
18,2,17,262754,0.0342
18,2,18,265019,0.0638
18,2,19,267284,0.0225
18,2,20,269549,0.0406
18,2,21,271814,0.0410
18,2,22,274079,0.0396
18,2,23,276344,0.0280
18,2,24,278609,0.0451
18,3,1,151008,0.0430
18,3,2,152518,0.0160
18,3,3,154028,0.0100
18,3,4,155538,0.0791
18,3,5,157048,0.0494
18,3,6,158558,0.0229
18,3,7,160068,0.0779
18,3,8,161578,0.0123
18,3,9,163088,0.0111
18,3,10,164598,0.0136
18,3,11,166109,0.0554
18,3,12,167619,0.0692
18,3,13,169129,0.0198
18,3,14,170639,0.0792
18,3,15,172149,0.0651
18,3,16,173659,0.0127
18,3,17,175169,0.0380
18,3,18,176679,0.0152
18,3,19,178189,0.0215
18,3,20,179699,0.0550
18,3,21,181209,0.0370
18,3,22,182719,0.0788
18,3,23,184229,0.0478
18,3,24,185740,0.0294
18,4,1,94380,0.0711
18,4,2,95324,0.0167
18,4,3,96267,0.0698
18,4,4,97211,0.0573
18,4,5,98155,0.0668
18,4,6,99099,0.0400
18,4,7,100043,0.0102
18,4,8,100986,0.0337
18,4,9,101930,0.0402
18,4,10,102874,0.0280
18,4,11,103818,0.0261
18,4,12,104762,0.0737
18,4,13,105705,0.0159
18,4,14,106649,0.0758
18,4,15,107593,0.0571
18,4,16,108537,0.0567
18,4,17,109481,0.0774
18,4,18,110424,0.0147
18,4,19,111368,0.0298
18,4,20,112312,0.0731
18,4,21,113256,0.0521
18,4,22,114200,0.0551
18,4,23,115143,0.0753
18,4,24,116087,0.0718
19,1,1,136864,0.0585
19,1,2,138232,0.0293
19,1,3,139601,0.0470
19,1,4,140970,0.0176
19,1,5,142338,0.0618
19,1,6,143707,0.0159
19,1,7,145076,0.0290
19,1,8,146444,0.0789
19,1,9,147813,0.0623
19,1,10,149182,0.0138
19,1,11,150550,0.0558
19,1,12,151919,0.0130
19,1,13,153287,0.0672
19,1,14,154656,0.0605
19,1,15,156025,0.0728
19,1,16,157393,0.0366
19,1,17,158762,0.0709
19,1,18,160131,0.0176
19,1,19,161499,0.0657
19,1,20,162868,0.0306
19,1,21,164237,0.0212
19,1,22,165605,0.0746
19,1,23,166974,0.0439
19,1,24,168342,0.0766
19,2,1,91243,0.0623
19,2,2,92155,0.0239
19,2,3,93067,0.0587
19,2,4,93980,0.0459
19,2,5,94892,0.0284
19,2,6,95805,0.0632
19,2,7,96717,0.0416
19,2,8,97630,0.0198
19,2,9,98542,0.0242
19,2,10,99454,0.0736
19,2,11,100367,0.0183
19,2,12,101279,0.0738
19,2,13,102192,0.0387
19,2,14,103104,0.0324
19,2,15,104016,0.0372
19,2,16,104929,0.0505
19,2,17,105841,0.0783
19,2,18,106754,0.0336
19,2,19,107666,0.0694
19,2,20,108579,0.0772
19,2,21,109491,0.0224
19,2,22,110403,0.0653
19,2,23,111316,0.0106
19,2,24,112228,0.0198
19,3,1,60828,0.0561
19,3,2,61437,0.0217
19,3,3,62045,0.0727
19,3,4,62653,0.0266
19,3,5,63261,0.0165
19,3,6,63870,0.0487
19,3,7,64478,0.0414
19,3,8,65086,0.0621
19,3,9,65695,0.0642
19,3,10,66303,0.0367
19,3,11,66911,0.0540
19,3,12,67519,0.0396
19,3,13,68128,0.0520
19,3,14,68736,0.0406
19,3,15,69344,0.0276
19,3,16,69953,0.0627
19,3,17,70561,0.0292
19,3,18,71169,0.0352
19,3,19,71777,0.0699
19,3,20,72386,0.0743
19,3,21,72994,0.0385
19,3,22,73602,0.0228
19,3,23,74211,0.0516
19,3,24,74819,0.0691
19,4,1,38018,0.0137
19,4,2,38398,0.0267
19,4,3,38778,0.0375
19,4,4,39158,0.0554
19,4,5,39538,0.0574
19,4,6,39919,0.0436
19,4,7,40299,0.0720
19,4,8,40679,0.0310
19,4,9,41059,0.0283
19,4,10,41439,0.0225
19,4,11,41819,0.0652
19,4,12,42200,0.0370
19,4,13,42580,0.0638
19,4,14,42960,0.0258
19,4,15,43340,0.0167
19,4,16,43720,0.0122
19,4,17,44101,0.0408
19,4,18,44481,0.0653
19,4,19,44861,0.0615
19,4,20,45241,0.0597
19,4,21,45621,0.0452
19,4,22,46001,0.0479
19,4,23,46382,0.0758
19,4,24,46762,0.0663
20,1,1,203667,0.0617
20,1,2,205704,0.0468
20,1,3,207741,0.0443
20,1,4,209778,0.0737
20,1,5,211814,0.0165
20,1,6,213851,0.0722
20,1,7,215888,0.0166
20,1,8,217924,0.0158
20,1,9,219961,0.0326
20,1,10,221998,0.0149
20,1,11,224034,0.0797
20,1,12,226071,0.0140
20,1,13,228108,0.0762
20,1,14,230144,0.0718
20,1,15,232181,0.0393
20,1,16,234218,0.0333
20,1,17,236254,0.0528
20,1,18,238291,0.0258
20,1,19,240328,0.0566
20,1,20,242364,0.0638
20,1,21,244401,0.0300
20,1,22,246438,0.0163
20,1,23,248474,0.0478
20,1,24,250511,0.0301
20,2,1,135778,0.0179
20,2,2,137136,0.0612
20,2,3,138494,0.0460
20,2,4,139852,0.0237
20,2,5,141209,0.0233
20,2,6,142567,0.0739
20,2,7,143925,0.0109
20,2,8,145283,0.0664
20,2,9,146641,0.0154
20,2,10,147998,0.0203
20,2,11,149356,0.0578
20,2,12,150714,0.0194
20,2,13,152072,0.0553
20,2,14,153430,0.0713
20,2,15,154787,0.0635
20,2,16,156145,0.0464
20,2,17,157503,0.0414
20,2,18,158861,0.0649
20,2,19,160218,0.0676
20,2,20,161576,0.0494
20,2,21,162934,0.0377
20,2,22,164292,0.0345
20,2,23,165650,0.0253
20,2,24,167007,0.0295
20,3,1,90519,0.0342
20,3,2,91424,0.0154
20,3,3,92329,0.0171
20,3,4,93234,0.0272
20,3,5,94140,0.0570
20,3,6,95045,0.0730
20,3,7,95950,0.0643
20,3,8,96855,0.0647
20,3,9,97760,0.0394
20,3,10,98666,0.0467
20,3,11,99571,0.0396
20,3,12,100476,0.0450
20,3,13,101381,0.0379
20,3,14,102286,0.0612
20,3,15,103192,0.0493
20,3,16,104097,0.0520
20,3,17,105002,0.0389
20,3,18,105907,0.0271
20,3,19,106812,0.0182
20,3,20,107717,0.0453
20,3,21,108623,0.0186
20,3,22,109528,0.0435
20,3,23,110433,0.0430
20,3,24,111338,0.0473
20,4,1,56574,0.0374
20,4,2,57140,0.0236
20,4,3,57706,0.0777
20,4,4,58272,0.0552
20,4,5,58837,0.0649
20,4,6,59403,0.0631
20,4,7,59969,0.0690
20,4,8,60535,0.0441
20,4,9,61100,0.0708
20,4,10,61666,0.0225
20,4,11,62232,0.0147
20,4,12,62797,0.0170
20,4,13,63363,0.0135
20,4,14,63929,0.0120
20,4,15,64495,0.0459
20,4,16,65060,0.0411
20,4,17,65626,0.0600
20,4,18,66192,0.0708
20,4,19,66758,0.0181
20,4,20,67323,0.0685
20,4,21,67889,0.0399
20,4,22,68455,0.0341
20,4,23,69021,0.0591
20,4,24,69586,0.0680
21,1,1,66396,0.0707
21,1,2,67060,0.0572
21,1,3,67724,0.0182
21,1,4,68388,0.0684
21,1,5,69052,0.0774
21,1,6,69715,0.0381
21,1,7,70379,0.0632
21,1,8,71043,0.0534
21,1,9,71707,0.0409
21,1,10,72371,0.0572
21,1,11,73035,0.0627
21,1,12,73699,0.0798
21,1,13,74363,0.0430
21,1,14,75027,0.0675
21,1,15,75691,0.0614
21,1,16,76355,0.0186
21,1,17,77019,0.0545
21,1,18,77683,0.0669
21,1,19,78347,0.0429
21,1,20,79011,0.0233
21,1,21,79675,0.0790
21,1,22,80339,0.0541
21,1,23,81003,0.0370
21,1,24,81667,0.0743
21,2,1,44264,0.0101
21,2,2,44706,0.0213
21,2,3,45149,0.0243
21,2,4,45592,0.0661
21,2,5,46034,0.0479
21,2,6,46477,0.0634
21,2,7,46920,0.0730
21,2,8,47362,0.0628
21,2,9,47805,0.0547
21,2,10,48248,0.0174
21,2,11,48690,0.0250
21,2,12,49133,0.0200
21,2,13,49575,0.0270
21,2,14,50018,0.0525
21,2,15,50461,0.0456
21,2,16,50903,0.0659
21,2,17,51346,0.0285
21,2,18,51789,0.0529
21,2,19,52231,0.0637
21,2,20,52674,0.0483
21,2,21,53117,0.0257
21,2,22,53559,0.0716
21,2,23,54002,0.0425
21,2,24,54444,0.0395
21,3,1,29509,0.0385
21,3,2,29804,0.0650
21,3,3,30099,0.0569
21,3,4,30394,0.0455
21,3,5,30690,0.0671
21,3,6,30985,0.0526
21,3,7,31280,0.0256
21,3,8,31575,0.0739
21,3,9,31870,0.0711
21,3,10,32165,0.0451
21,3,11,32460,0.0669
21,3,12,32755,0.0606
21,3,13,33050,0.0661
21,3,14,33345,0.0500
21,3,15,33640,0.0337
21,3,16,33936,0.0536
21,3,17,34231,0.0389
21,3,18,34526,0.0540
21,3,19,34821,0.0396
21,3,20,35116,0.0217
21,3,21,35411,0.0213
21,3,22,35706,0.0456
21,3,23,36001,0.0214
21,3,24,36296,0.0345
21,4,1,18443,0.0121
21,4,2,18628,0.0412
21,4,3,18812,0.0616
21,4,4,18997,0.0189
21,4,5,19181,0.0419
21,4,6,19365,0.0631
21,4,7,19550,0.0390
21,4,8,19734,0.0310
21,4,9,19919,0.0413
21,4,10,20103,0.0232
21,4,11,20288,0.0396
21,4,12,20472,0.0229
21,4,13,20656,0.0296
21,4,14,20841,0.0126
21,4,15,21025,0.0217
21,4,16,21210,0.0605
21,4,17,21394,0.0291
21,4,18,21579,0.0313
21,4,19,21763,0.0672
21,4,20,21947,0.0236
21,4,21,22132,0.0194
21,4,22,22316,0.0732
21,4,23,22501,0.0397
21,4,24,22685,0.0441
22,1,1,259626,0.0353
22,1,2,262222,0.0774
22,1,3,264818,0.0498
22,1,4,267415,0.0638
22,1,5,270011,0.0593
22,1,6,272607,0.0558
22,1,7,275203,0.0210
22,1,8,277800,0.0723
22,1,9,280396,0.0516
22,1,10,282992,0.0532
22,1,11,285588,0.0749
22,1,12,288185,0.0717
22,1,13,290781,0.0137
22,1,14,293377,0.0673
22,1,15,295973,0.0564
22,1,16,298570,0.0262
22,1,17,301166,0.0798
22,1,18,303762,0.0762
22,1,19,306358,0.0293
22,1,20,308955,0.0451
22,1,21,311551,0.0580
22,1,22,314147,0.0401
22,1,23,316743,0.0608
22,1,24,319340,0.0751
22,2,1,173084,0.0378
22,2,2,174815,0.0660
22,2,3,176546,0.0435
22,2,4,178276,0.0736
22,2,5,180007,0.0308
22,2,6,181738,0.0733
22,2,7,183469,0.0211
22,2,8,185200,0.0733
22,2,9,186931,0.0506
22,2,10,188661,0.0611
22,2,11,190392,0.0504
22,2,12,192123,0.0447
22,2,13,193854,0.0199
22,2,14,195585,0.0513
22,2,15,197316,0.0613
22,2,16,199046,0.0461
22,2,17,200777,0.0402
22,2,18,202508,0.0493
22,2,19,204239,0.0138
22,2,20,205970,0.0618
22,2,21,207701,0.0393
22,2,22,209431,0.0358
22,2,23,211162,0.0507
22,2,24,212893,0.0491
22,3,1,115389,0.0730
22,3,2,116543,0.0175
22,3,3,117697,0.0582
22,3,4,118851,0.0265
22,3,5,120005,0.0362
22,3,6,121159,0.0490
22,3,7,122313,0.0323
22,3,8,123466,0.0696
22,3,9,124620,0.0183
22,3,10,125774,0.0658
22,3,11,126928,0.0172
22,3,12,128082,0.0684
22,3,13,129236,0.0482
22,3,14,130390,0.0447
22,3,15,131544,0.0571
22,3,16,132698,0.0717
22,3,17,133852,0.0218
22,3,18,135005,0.0782
22,3,19,136159,0.0410
22,3,20,137313,0.0239
22,3,21,138467,0.0125
22,3,22,139621,0.0489
22,3,23,140775,0.0614
22,3,24,141929,0.0104
22,4,1,72118,0.0315
22,4,2,72839,0.0195
22,4,3,73561,0.0104
22,4,4,74282,0.0419
22,4,5,75003,0.0785
22,4,6,75724,0.0153
22,4,7,76445,0.0186
22,4,8,77167,0.0479
22,4,9,77888,0.0694
22,4,10,78609,0.0658
22,4,11,79330,0.0650
22,4,12,80051,0.0580
22,4,13,80772,0.0312
22,4,14,81494,0.0596
22,4,15,82215,0.0217
22,4,16,82936,0.0703
22,4,17,83657,0.0483
22,4,18,84378,0.0229
22,4,19,85100,0.0139
22,4,20,85821,0.0642
22,4,21,86542,0.0745
22,4,22,87263,0.0569
22,4,23,87984,0.0749
22,4,24,88705,0.0344
23,1,1,17592,0.0322
23,1,2,17768,0.0635
23,1,3,17944,0.0126
23,1,4,18120,0.0644
23,1,5,18296,0.0780
23,1,6,18472,0.0494
23,1,7,18648,0.0298
23,1,8,18824,0.0249
23,1,9,18999,0.0652
23,1,10,19175,0.0559
23,1,11,19351,0.0207
23,1,12,19527,0.0218
23,1,13,19703,0.0635
23,1,14,19879,0.0660
23,1,15,20055,0.0157
23,1,16,20231,0.0403
23,1,17,20407,0.0779
23,1,18,20583,0.0113
23,1,19,20759,0.0170
23,1,20,20935,0.0277
23,1,21,21111,0.0565
23,1,22,21286,0.0754
23,1,23,21462,0.0477
23,1,24,21638,0.0685
23,2,1,11728,0.0649
23,2,2,11845,0.0717
23,2,3,11963,0.0573
23,2,4,12080,0.0169
23,2,5,12197,0.0689
23,2,6,12314,0.0432
23,2,7,12432,0.0514
23,2,8,12549,0.0147
23,2,9,12666,0.0794
23,2,10,12784,0.0646
23,2,11,12901,0.0157
23,2,12,13018,0.0559
23,2,13,13135,0.0583
23,2,14,13253,0.0473
23,2,15,13370,0.0367
23,2,16,13487,0.0731
23,2,17,13605,0.0524
23,2,18,13722,0.0175
23,2,19,13839,0.0731
23,2,20,13956,0.0482
23,2,21,14074,0.0594
23,2,22,14191,0.0478
23,2,23,14308,0.0199
23,2,24,14426,0.0282
23,3,1,7819,0.0782
23,3,2,7897,0.0181
23,3,3,7975,0.0288
23,3,4,8053,0.0212
23,3,5,8131,0.0304
23,3,6,8210,0.0580
23,3,7,8288,0.0177
23,3,8,8366,0.0586
23,3,9,8444,0.0517
23,3,10,8522,0.0752
23,3,11,8601,0.0764
23,3,12,8679,0.0641
23,3,13,8757,0.0212
23,3,14,8835,0.0283
23,3,15,8913,0.0562
23,3,16,8992,0.0247
23,3,17,9070,0.0180
23,3,18,9148,0.0436
23,3,19,9226,0.0245
23,3,20,9304,0.0777
23,3,21,9382,0.0477
23,3,22,9461,0.0729
23,3,23,9539,0.0166
23,3,24,9617,0.0655
23,4,1,4887,0.0463
23,4,2,4936,0.0753
23,4,3,4984,0.0320
23,4,4,5033,0.0452
23,4,5,5082,0.0751
23,4,6,5131,0.0104
23,4,7,5180,0.0645
23,4,8,5229,0.0291
23,4,9,5278,0.0800
23,4,10,5327,0.0322
23,4,11,5375,0.0450
23,4,12,5424,0.0726
23,4,13,5473,0.0611
23,4,14,5522,0.0597
23,4,15,5571,0.0209
23,4,16,5620,0.0339
23,4,17,5669,0.0629
23,4,18,5717,0.0158
23,4,19,5766,0.0329
23,4,20,5815,0.0240
23,4,21,5864,0.0502
23,4,22,5913,0.0710
23,4,23,5962,0.0130
23,4,24,6011,0.0228
24,1,1,387734,0.0556
24,1,2,391611,0.0593
24,1,3,395488,0.0773
24,1,4,399366,0.0246
24,1,5,403243,0.0182
24,1,6,407120,0.0132
24,1,7,410998,0.0590
24,1,8,414875,0.0652
24,1,9,418752,0.0342
24,1,10,422630,0.0626
24,1,11,426507,0.0146
24,1,12,430384,0.0780
24,1,13,434262,0.0395
24,1,14,438139,0.0729
24,1,15,442016,0.0549
24,1,16,445894,0.0273
24,1,17,449771,0.0187
24,1,18,453649,0.0665
24,1,19,457526,0.0641
24,1,20,461403,0.0475
24,1,21,465281,0.0367
24,1,22,469158,0.0778
24,1,23,473035,0.0739
24,1,24,476913,0.0566
24,2,1,258489,0.0154
24,2,2,261074,0.0130
24,2,3,263659,0.0617
24,2,4,266244,0.0179
24,2,5,268829,0.0600
24,2,6,271414,0.0757
24,2,7,273999,0.0352
24,2,8,276583,0.0658
24,2,9,279168,0.0267
24,2,10,281753,0.0453
24,2,11,284338,0.0314
24,2,12,286923,0.0787
24,2,13,289508,0.0533
24,2,14,292093,0.0216
24,2,15,294678,0.0197
24,2,16,297263,0.0770
24,2,17,299847,0.0162
24,2,18,302432,0.0692
24,2,19,305017,0.0386
24,2,20,307602,0.0138
24,2,21,310187,0.0533
24,2,22,312772,0.0714
24,2,23,315357,0.0249
24,2,24,317942,0.0644
24,3,1,172326,0.0403
24,3,2,174049,0.0173
24,3,3,175773,0.0666
24,3,4,177496,0.0757
24,3,5,179219,0.0257
24,3,6,180942,0.0488
24,3,7,182666,0.0592
24,3,8,184389,0.0535
24,3,9,186112,0.0207
24,3,10,187835,0.0288
24,3,11,189559,0.0334
24,3,12,191282,0.0793
24,3,13,193005,0.0681
24,3,14,194729,0.0193
24,3,15,196452,0.0640
24,3,16,198175,0.0132
24,3,17,199898,0.0150
24,3,18,201622,0.0667
24,3,19,203345,0.0607
24,3,20,205068,0.0564
24,3,21,206791,0.0762
24,3,22,208515,0.0435
24,3,23,210238,0.0328
24,3,24,211961,0.0723
24,4,1,107704,0.0754
24,4,2,108781,0.0375
24,4,3,109858,0.0678
24,4,4,110935,0.0349
24,4,5,112012,0.0783
24,4,6,113089,0.0769
24,4,7,114166,0.0401
24,4,8,115243,0.0599
24,4,9,116320,0.0135
24,4,10,117397,0.0681
24,4,11,118474,0.0625
24,4,12,119551,0.0105
24,4,13,120628,0.0305
24,4,14,121705,0.0215
24,4,15,122782,0.0410
24,4,16,123859,0.0349
24,4,17,124936,0.0165
24,4,18,126013,0.0457
24,4,19,127091,0.0377
24,4,20,128168,0.0207
24,4,21,129245,0.0712
24,4,22,130322,0.0635
24,4,23,131399,0.0792
24,4,24,132476,0.0182
25,1,1,264542,0.0572
25,1,2,267187,0.0248
25,1,3,269833,0.0531
25,1,4,272478,0.0671
25,1,5,275124,0.0110
25,1,6,277769,0.0413
25,1,7,280414,0.0448
25,1,8,283060,0.0628
25,1,9,285705,0.0716
25,1,10,288351,0.0474
25,1,11,290996,0.0382
25,1,12,293642,0.0329
25,1,13,296287,0.0633
25,1,14,298932,0.0668
25,1,15,301578,0.0478
25,1,16,304223,0.0389
25,1,17,306869,0.0376
25,1,18,309514,0.0590
25,1,19,312160,0.0427
25,1,20,314805,0.0164
25,1,21,317450,0.0696
25,1,22,320096,0.0730
25,1,23,322741,0.0400
25,1,24,325387,0.0362
25,2,1,176361,0.0539
25,2,2,178125,0.0495
25,2,3,179889,0.0792
25,2,4,181652,0.0405
25,2,5,183416,0.0305
25,2,6,185179,0.0332
25,2,7,186943,0.0389
25,2,8,188707,0.0493
25,2,9,190470,0.0342
25,2,10,192234,0.0101
25,2,11,193997,0.0639
25,2,12,195761,0.0704
25,2,13,197525,0.0620
25,2,14,199288,0.0722
25,2,15,201052,0.0582
25,2,16,202815,0.0467
25,2,17,204579,0.0273
25,2,18,206343,0.0230
25,2,19,208106,0.0708
25,2,20,209870,0.0340
25,2,21,211634,0.0338
25,2,22,213397,0.0603
25,2,23,215161,0.0610
25,2,24,216924,0.0145
25,3,1,117574,0.0180
25,3,2,118750,0.0232
25,3,3,119926,0.0165
25,3,4,121101,0.0614
25,3,5,122277,0.0393
25,3,6,123453,0.0322
25,3,7,124629,0.0502
25,3,8,125804,0.0479
25,3,9,126980,0.0162
25,3,10,128156,0.0383
25,3,11,129332,0.0548
25,3,12,130507,0.0334
25,3,13,131683,0.0401
25,3,14,132859,0.0103
25,3,15,134035,0.0677
25,3,16,135210,0.0367
25,3,17,136386,0.0135
25,3,18,137562,0.0678
25,3,19,138738,0.0760
25,3,20,139913,0.0405
25,3,21,141089,0.0201
25,3,22,142265,0.0724
25,3,23,143441,0.0349
25,3,24,144616,0.0240
25,4,1,73484,0.0581
25,4,2,74219,0.0273
25,4,3,74954,0.0448
25,4,4,75688,0.0355
25,4,5,76423,0.0250
25,4,6,77158,0.0515
25,4,7,77893,0.0544
25,4,8,78628,0.0117
25,4,9,79363,0.0383
25,4,10,80097,0.0113
25,4,11,80832,0.0724
25,4,12,81567,0.0157
25,4,13,82302,0.0747
25,4,14,83037,0.0348
25,4,15,83772,0.0140
25,4,16,84506,0.0336
25,4,17,85241,0.0459
25,4,18,85976,0.0502
25,4,19,86711,0.0174
25,4,20,87446,0.0209
25,4,21,88181,0.0594
25,4,22,88915,0.0314
25,4,23,89650,0.0515
25,4,24,90385,0.0664
26,1,1,158159,0.0432
26,1,2,159741,0.0606
26,1,3,161322,0.0138
26,1,4,162904,0.0705
26,1,5,164485,0.0595
26,1,6,166067,0.0131
26,1,7,167649,0.0529
26,1,8,169230,0.0622
26,1,9,170812,0.0766
26,1,10,172393,0.0788
26,1,11,173975,0.0637
26,1,12,175556,0.0265
26,1,13,177138,0.0422
26,1,14,178720,0.0305
26,1,15,180301,0.0618
26,1,16,181883,0.0391
26,1,17,183464,0.0746
26,1,18,185046,0.0420
26,1,19,186628,0.0204
26,1,20,188209,0.0649
26,1,21,189791,0.0317
26,1,22,191372,0.0173
26,1,23,192954,0.0424
26,1,24,194536,0.0165
26,2,1,105439,0.0183
26,2,2,106494,0.0448
26,2,3,107548,0.0456
26,2,4,108602,0.0255
26,2,5,109657,0.0598
26,2,6,110711,0.0554
26,2,7,111766,0.0229
26,2,8,112820,0.0158
26,2,9,113874,0.0126
26,2,10,114929,0.0555
26,2,11,115983,0.0723
26,2,12,117038,0.0626
26,2,13,118092,0.0643
26,2,14,119146,0.0585
26,2,15,120201,0.0271
26,2,16,121255,0.0462
26,2,17,122310,0.0154
26,2,18,123364,0.0462
26,2,19,124418,0.0699
26,2,20,125473,0.0601
26,2,21,126527,0.0536
26,2,22,127582,0.0404
26,2,23,128636,0.0576
26,2,24,129690,0.0385
26,3,1,70293,0.0220
26,3,2,70996,0.0320
26,3,3,71699,0.0366
26,3,4,72402,0.0462
26,3,5,73105,0.0403
26,3,6,73808,0.0178
26,3,7,74510,0.0158
26,3,8,75213,0.0222
26,3,9,75916,0.0332
26,3,10,76619,0.0314
26,3,11,77322,0.0206
26,3,12,78025,0.0133
26,3,13,78728,0.0446
26,3,14,79431,0.0509
26,3,15,80134,0.0798
26,3,16,80837,0.0339
26,3,17,81540,0.0532
26,3,18,82243,0.0249
26,3,19,82946,0.0682
26,3,20,83649,0.0255
26,3,21,84351,0.0232
26,3,22,85054,0.0699
26,3,23,85757,0.0110
26,3,24,86460,0.0627
26,4,1,43933,0.0450
26,4,2,44372,0.0158
26,4,3,44812,0.0361
26,4,4,45251,0.0745
26,4,5,45690,0.0123
26,4,6,46130,0.0526
26,4,7,46569,0.0701
26,4,8,47008,0.0539
26,4,9,47448,0.0484
26,4,10,47887,0.0501
26,4,11,48326,0.0161
26,4,12,48766,0.0787
26,4,13,49205,0.0200
26,4,14,49644,0.0690
26,4,15,50084,0.0280
26,4,16,50523,0.0207
26,4,17,50962,0.0697
26,4,18,51402,0.0459
26,4,19,51841,0.0513
26,4,20,52280,0.0774
26,4,21,52720,0.0149
26,4,22,53159,0.0783
26,4,23,53598,0.0121
26,4,24,54038,0.0481
27,1,1,535819,0.0381
27,1,2,541178,0.0669
27,1,3,546536,0.0580
27,1,4,551894,0.0544
27,1,5,557252,0.0478
27,1,6,562610,0.0643
27,1,7,567968,0.0597
27,1,8,573327,0.0251
27,1,9,578685,0.0450
27,1,10,584043,0.0292
27,1,11,589401,0.0252
27,1,12,594759,0.0645
27,1,13,600118,0.0633
27,1,14,605476,0.0286
27,1,15,610834,0.0337
27,1,16,616192,0.0755
27,1,17,621550,0.0391
27,1,18,626909,0.0754
27,1,19,632267,0.0654
27,1,20,637625,0.0260
27,1,21,642983,0.0631
27,1,22,648341,0.0119
27,1,23,653700,0.0242
27,1,24,659058,0.0789
27,2,1,357213,0.0404
27,2,2,360785,0.0218
27,2,3,364357,0.0373
27,2,4,367929,0.0244
27,2,5,371501,0.0559
27,2,6,375074,0.0746
27,2,7,378646,0.0576
27,2,8,382218,0.0785
27,2,9,385790,0.0308
27,2,10,389362,0.0488
27,2,11,392934,0.0148
27,2,12,396506,0.0620
27,2,13,400078,0.0115
27,2,14,403651,0.0331
27,2,15,407223,0.0230
27,2,16,410795,0.0594
27,2,17,414367,0.0213
27,2,18,417939,0.0513
27,2,19,421511,0.0691
27,2,20,425083,0.0401
27,2,21,428655,0.0184
27,2,22,432228,0.0502
27,2,23,435800,0.0383
27,2,24,439372,0.0396
27,3,1,238142,0.0776
27,3,2,240523,0.0384
27,3,3,242905,0.0726
27,3,4,245286,0.0188
27,3,5,247668,0.0561
27,3,6,250049,0.0303
27,3,7,252430,0.0290
27,3,8,254812,0.0272
27,3,9,257193,0.0789
27,3,10,259575,0.0762
27,3,11,261956,0.0587
27,3,12,264338,0.0366
27,3,13,266719,0.0676
27,3,14,269100,0.0695
27,3,15,271482,0.0738
27,3,16,273863,0.0607
27,3,17,276245,0.0493
27,3,18,278626,0.0204
27,3,19,281007,0.0692
27,3,20,283389,0.0426
27,3,21,285770,0.0323
27,3,22,288152,0.0653
27,3,23,290533,0.0389
27,3,24,292915,0.0213
27,4,1,148839,0.0470
27,4,2,150327,0.0467
27,4,3,151815,0.0309
27,4,4,153304,0.0109
27,4,5,154792,0.0325
27,4,6,156281,0.0578
27,4,7,157769,0.0323
27,4,8,159257,0.0302
27,4,9,160746,0.0124
27,4,10,162234,0.0147
27,4,11,163723,0.0291
27,4,12,165211,0.0570
27,4,13,166699,0.0135
27,4,14,168188,0.0284
27,4,15,169676,0.0800
27,4,16,171165,0.0452
27,4,17,172653,0.0327
27,4,18,174141,0.0781
27,4,19,175630,0.0586
27,4,20,177118,0.0126
27,4,21,178606,0.0266
27,4,22,180095,0.0258
27,4,23,181583,0.0697
27,4,24,183072,0.0476
28,1,1,43270,0.0144
28,1,2,43703,0.0696
28,1,3,44135,0.0169
28,1,4,44568,0.0618
28,1,5,45001,0.0616
28,1,6,45433,0.0360
28,1,7,45866,0.0190
28,1,8,46299,0.0281
28,1,9,46732,0.0278
28,1,10,47164,0.0781
28,1,11,47597,0.0206
28,1,12,48030,0.0175
28,1,13,48462,0.0366
28,1,14,48895,0.0206
28,1,15,49328,0.0269
28,1,16,49760,0.0219
28,1,17,50193,0.0582
28,1,18,50626,0.0595
28,1,19,51059,0.0529
28,1,20,51491,0.0390
28,1,21,51924,0.0114
28,1,22,52357,0.0251
28,1,23,52789,0.0403
28,1,24,53222,0.0622
28,2,1,28847,0.0328
28,2,2,29135,0.0485
28,2,3,29424,0.0250
28,2,4,29712,0.0350
28,2,5,30000,0.0604
28,2,6,30289,0.0234
28,2,7,30577,0.0593
28,2,8,30866,0.0742
28,2,9,31154,0.0395
28,2,10,31443,0.0796
28,2,11,31731,0.0372
28,2,12,32020,0.0198
28,2,13,32308,0.0286
28,2,14,32597,0.0678
28,2,15,32885,0.0469
28,2,16,33174,0.0368
28,2,17,33462,0.0635
28,2,18,33751,0.0169
28,2,19,34039,0.0514
28,2,20,34327,0.0314
28,2,21,34616,0.0584
28,2,22,34904,0.0611
28,2,23,35193,0.0268
28,2,24,35481,0.0201
28,3,1,19231,0.0405
28,3,2,19423,0.0237
28,3,3,19616,0.0643
28,3,4,19808,0.0496
28,3,5,20000,0.0372
28,3,6,20193,0.0692
28,3,7,20385,0.0193
28,3,8,20577,0.0669
28,3,9,20770,0.0341
28,3,10,20962,0.0137
28,3,11,21154,0.0444
28,3,12,21346,0.0362
28,3,13,21539,0.0230
28,3,14,21731,0.0569
28,3,15,21923,0.0738
28,3,16,22116,0.0386
28,3,17,22308,0.0630
28,3,18,22500,0.0360
28,3,19,22693,0.0182
28,3,20,22885,0.0297
28,3,21,23077,0.0380
28,3,22,23270,0.0799
28,3,23,23462,0.0731
28,3,24,23654,0.0437
28,4,1,12019,0.0242
28,4,2,12140,0.0331
28,4,3,12260,0.0265
28,4,4,12380,0.0632
28,4,5,12500,0.0647
28,4,6,12620,0.0559
28,4,7,12741,0.0488
28,4,8,12861,0.0320
28,4,9,12981,0.0421
28,4,10,13101,0.0298
28,4,11,13221,0.0302
28,4,12,13342,0.0418
28,4,13,13462,0.0193
28,4,14,13582,0.0715
28,4,15,13702,0.0784
28,4,16,13822,0.0725
28,4,17,13943,0.0441
28,4,18,14063,0.0492
28,4,19,14183,0.0668
28,4,20,14303,0.0444
28,4,21,14423,0.0746
28,4,22,14544,0.0662
28,4,23,14664,0.0649
28,4,24,14784,0.0783
29,1,1,227541,0.0411
29,1,2,229817,0.0428
29,1,3,232092,0.0751
29,1,4,234368,0.0554
29,1,5,236643,0.0347
29,1,6,238918,0.0517
29,1,7,241194,0.0153
29,1,8,243469,0.0234
29,1,9,245745,0.0121
29,1,10,248020,0.0742
29,1,11,250296,0.0346
29,1,12,252571,0.0726
29,1,13,254846,0.0700
29,1,14,257122,0.0767
29,1,15,259397,0.0291
29,1,16,261673,0.0563
29,1,17,263948,0.0365
29,1,18,266223,0.0198
29,1,19,268499,0.0115
29,1,20,270774,0.0739
29,1,21,273050,0.0266
29,1,22,275325,0.0751
29,1,23,277601,0.0307
29,1,24,279876,0.0597
29,2,1,151694,0.0799
29,2,2,153211,0.0729
29,2,3,154728,0.0379
29,2,4,156245,0.0349
29,2,5,157762,0.0225
29,2,6,159279,0.0348
29,2,7,160796,0.0355
29,2,8,162313,0.0753
29,2,9,163830,0.0168
29,2,10,165347,0.0612
29,2,11,166864,0.0255
29,2,12,168381,0.0501
29,2,13,169898,0.0317
29,2,14,171415,0.0194
29,2,15,172931,0.0608
29,2,16,174448,0.0306
29,2,17,175965,0.0525
29,2,18,177482,0.0584
29,2,19,178999,0.0258
29,2,20,180516,0.0566
29,2,21,182033,0.0414
29,2,22,183550,0.0584
29,2,23,185067,0.0442
29,2,24,186584,0.0757
29,3,1,101130,0.0563
29,3,2,102141,0.0161
29,3,3,103152,0.0241
29,3,4,104163,0.0681
29,3,5,105175,0.0683
29,3,6,106186,0.0790
29,3,7,107197,0.0516
29,3,8,108209,0.0166
29,3,9,109220,0.0375
29,3,10,110231,0.0737
29,3,11,111242,0.0140
29,3,12,112254,0.0225
29,3,13,113265,0.0786
29,3,14,114276,0.0669
29,3,15,115288,0.0668
29,3,16,116299,0.0440
29,3,17,117310,0.0729
29,3,18,118322,0.0124
29,3,19,119333,0.0149
29,3,20,120344,0.0514
29,3,21,121355,0.0470
29,3,22,122367,0.0565
29,3,23,123378,0.0490
29,3,24,124389,0.0494
29,4,1,63206,0.0315
29,4,2,63838,0.0619
29,4,3,64470,0.0670
29,4,4,65102,0.0159
29,4,5,65734,0.0541
29,4,6,66366,0.0703
29,4,7,66998,0.0713
29,4,8,67630,0.0570
29,4,9,68262,0.0572
29,4,10,68894,0.0346
29,4,11,69527,0.0532
29,4,12,70159,0.0224
29,4,13,70791,0.0777
29,4,14,71423,0.0561
29,4,15,72055,0.0714
29,4,16,72687,0.0482
29,4,17,73319,0.0570
29,4,18,73951,0.0167
29,4,19,74583,0.0569
29,4,20,75215,0.0771
29,4,21,75847,0.0310
29,4,22,76479,0.0272
29,4,23,77111,0.0324
29,4,24,77743,0.0798
30,1,1,466547,0.0299
30,1,2,471213,0.0462
30,1,3,475878,0.0384
30,1,4,480544,0.0504
30,1,5,485209,0.0737
30,1,6,489875,0.0771
30,1,7,494540,0.0469
30,1,8,499206,0.0488
30,1,9,503871,0.0165
30,1,10,508537,0.0509
30,1,11,513202,0.0535
30,1,12,517868,0.0355
30,1,13,522533,0.0172
30,1,14,527198,0.0108
30,1,15,531864,0.0642
30,1,16,536529,0.0614
30,1,17,541195,0.0178
30,1,18,545860,0.0320
30,1,19,550526,0.0635
30,1,20,555191,0.0617
30,1,21,559857,0.0375
30,1,22,564522,0.0410
30,1,23,569188,0.0286
30,1,24,573853,0.0486
30,2,1,311032,0.0518
30,2,2,314142,0.0228
30,2,3,317252,0.0309
30,2,4,320362,0.0723
30,2,5,323473,0.0237
30,2,6,326583,0.0285
30,2,7,329693,0.0209
30,2,8,332804,0.0454
30,2,9,335914,0.0709
30,2,10,339024,0.0481
30,2,11,342135,0.0347
30,2,12,345245,0.0547
30,2,13,348355,0.0374
30,2,14,351466,0.0467
30,2,15,354576,0.0528
30,2,16,357686,0.0750
30,2,17,360797,0.0108
30,2,18,363907,0.0394
30,2,19,367017,0.0636
30,2,20,370128,0.0612
30,2,21,373238,0.0414
30,2,22,376348,0.0370
30,2,23,379458,0.0660
30,2,24,382569,0.0687
30,3,1,207354,0.0190
30,3,2,209428,0.0355
30,3,3,211501,0.0291
30,3,4,213575,0.0601
30,3,5,215649,0.0276
30,3,6,217722,0.0414
30,3,7,219796,0.0236
30,3,8,221869,0.0708
30,3,9,223943,0.0151
30,3,10,226016,0.0776
30,3,11,228090,0.0733
30,3,12,230163,0.0170
30,3,13,232237,0.0553
30,3,14,234310,0.0513
30,3,15,236384,0.0615
30,3,16,238458,0.0409
30,3,17,240531,0.0606
30,3,18,242605,0.0209
30,3,19,244678,0.0476
30,3,20,246752,0.0410
30,3,21,248825,0.0147
30,3,22,250899,0.0519
30,3,23,252972,0.0241
30,3,24,255046,0.0477
30,4,1,129596,0.0696
30,4,2,130892,0.0293
30,4,3,132188,0.0427
30,4,4,133484,0.0738
30,4,5,134780,0.0566
30,4,6,136076,0.0416
30,4,7,137372,0.0456
30,4,8,138668,0.0679
30,4,9,139964,0.0628
30,4,10,141260,0.0239
30,4,11,142556,0.0421
30,4,12,143852,0.0509
30,4,13,145148,0.0143
30,4,14,146444,0.0362
30,4,15,147740,0.0691
30,4,16,149036,0.0394
30,4,17,150332,0.0506
30,4,18,151628,0.0461
30,4,19,152924,0.0369
30,4,20,154220,0.0113
30,4,21,155516,0.0792
30,4,22,156812,0.0686
30,4,23,158108,0.0527
30,4,24,159404,0.0223
31,1,1,28762,0.0649
31,1,2,29050,0.0691
31,1,3,29338,0.0547
31,1,4,29625,0.0354
31,1,5,29913,0.0627
31,1,6,30200,0.0445
31,1,7,30488,0.0783
31,1,8,30776,0.0639
31,1,9,31063,0.0741
31,1,10,31351,0.0129
31,1,11,31639,0.0371
31,1,12,31926,0.0521
31,1,13,32214,0.0409
31,1,14,32501,0.0349
31,1,15,32789,0.0312
31,1,16,33077,0.0319
31,1,17,33364,0.0396
31,1,18,33652,0.0279
31,1,19,33940,0.0613
31,1,20,34227,0.0187
31,1,21,34515,0.0150
31,1,22,34802,0.0182
31,1,23,35090,0.0671
31,1,24,35378,0.0710
31,2,1,19175,0.0418
31,2,2,19367,0.0656
31,2,3,19558,0.0144
31,2,4,19750,0.0731
31,2,5,19942,0.0299
31,2,6,20134,0.0573
31,2,7,20325,0.0564
31,2,8,20517,0.0364
31,2,9,20709,0.0330
31,2,10,20901,0.0716
31,2,11,21092,0.0193
31,2,12,21284,0.0226
31,2,13,21476,0.0415
31,2,14,21668,0.0490
31,2,15,21859,0.0788
31,2,16,22051,0.0181
31,2,17,22243,0.0625
31,2,18,22435,0.0714
31,2,19,22626,0.0178
31,2,20,22818,0.0674
31,2,21,23010,0.0482
31,2,22,23202,0.0769
31,2,23,23393,0.0284
31,2,24,23585,0.0662
31,3,1,12783,0.0746
31,3,2,12911,0.0409
31,3,3,13039,0.0380
31,3,4,13167,0.0391
31,3,5,13295,0.0216
31,3,6,13422,0.0733
31,3,7,13550,0.0368
31,3,8,13678,0.0502
31,3,9,13806,0.0727
31,3,10,13934,0.0295
31,3,11,14062,0.0451
31,3,12,14189,0.0166
31,3,13,14317,0.0747
31,3,14,14445,0.0603
31,3,15,14573,0.0103
31,3,16,14701,0.0547
31,3,17,14829,0.0436
31,3,18,14956,0.0532
31,3,19,15084,0.0352
31,3,20,15212,0.0610
31,3,21,15340,0.0460
31,3,22,15468,0.0399
31,3,23,15596,0.0706
31,3,24,15723,0.0382
31,4,1,7990,0.0274
31,4,2,8069,0.0675
31,4,3,8149,0.0666
31,4,4,8229,0.0364
31,4,5,8309,0.0780
31,4,6,8389,0.0445
31,4,7,8469,0.0750
31,4,8,8549,0.0618
31,4,9,8629,0.0444
31,4,10,8709,0.0625
31,4,11,8788,0.0176
31,4,12,8868,0.0754
31,4,13,8948,0.0293
31,4,14,9028,0.0743
31,4,15,9108,0.0151
31,4,16,9188,0.0690
31,4,17,9268,0.0205
31,4,18,9348,0.0418
31,4,19,9428,0.0427
31,4,20,9508,0.0229
31,4,21,9587,0.0753
31,4,22,9667,0.0290
31,4,23,9747,0.0480
31,4,24,9827,0.0523
32,1,1,362820,0.0314
32,1,2,366448,0.0659
32,1,3,370076,0.0786
32,1,4,373705,0.0742
32,1,5,377333,0.0434
32,1,6,380961,0.0418
32,1,7,384589,0.0683
32,1,8,388217,0.0129
32,1,9,391846,0.0667
32,1,10,395474,0.0271
32,1,11,399102,0.0567
32,1,12,402730,0.0312
32,1,13,406358,0.0741
32,1,14,409987,0.0105
32,1,15,413615,0.0242
32,1,16,417243,0.0761
32,1,17,420871,0.0219
32,1,18,424499,0.0249
32,1,19,428128,0.0271
32,1,20,431756,0.0710
32,1,21,435384,0.0383
32,1,22,439012,0.0331
32,1,23,442640,0.0175
32,1,24,446269,0.0432
32,2,1,241880,0.0506
32,2,2,244299,0.0417
32,2,3,246718,0.0796
32,2,4,249136,0.0494
32,2,5,251555,0.0508
32,2,6,253974,0.0347
32,2,7,256393,0.0656
32,2,8,258812,0.0326
32,2,9,261230,0.0538
32,2,10,263649,0.0571
32,2,11,266068,0.0551
32,2,12,268487,0.0156
32,2,13,270906,0.0488
32,2,14,273324,0.0560
32,2,15,275743,0.0339
32,2,16,278162,0.0664
32,2,17,280581,0.0307
32,2,18,283000,0.0271
32,2,19,285418,0.0692
32,2,20,287837,0.0297
32,2,21,290256,0.0686
32,2,22,292675,0.0514
32,2,23,295094,0.0523
32,2,24,297512,0.0538
32,3,1,161253,0.0791
32,3,2,162866,0.0707
32,3,3,164478,0.0123
32,3,4,166091,0.0146
32,3,5,167703,0.0439
32,3,6,169316,0.0379
32,3,7,170929,0.0430
32,3,8,172541,0.0439
32,3,9,174154,0.0591
32,3,10,175766,0.0542
32,3,11,177379,0.0256
32,3,12,178991,0.0446
32,3,13,180604,0.0120
32,3,14,182216,0.0283
32,3,15,183829,0.0167
32,3,16,185441,0.0236
32,3,17,187054,0.0781
32,3,18,188666,0.0508
32,3,19,190279,0.0447
32,3,20,191891,0.0656
32,3,21,193504,0.0782
32,3,22,195117,0.0777
32,3,23,196729,0.0590
32,3,24,198342,0.0593
32,4,1,100783,0.0236
32,4,2,101791,0.0787
32,4,3,102799,0.0225
32,4,4,103807,0.0545
32,4,5,104815,0.0572
32,4,6,105823,0.0754
32,4,7,106830,0.0782
32,4,8,107838,0.0420
32,4,9,108846,0.0541
32,4,10,109854,0.0199
32,4,11,110862,0.0228
32,4,12,111870,0.0261
32,4,13,112877,0.0434
32,4,14,113885,0.0338
32,4,15,114893,0.0421
32,4,16,115901,0.0490
32,4,17,116909,0.0781
32,4,18,117917,0.0229
32,4,19,118924,0.0758
32,4,20,119932,0.0188
32,4,21,120940,0.0351
32,4,22,121948,0.0143
32,4,23,122956,0.0580
32,4,24,123964,0.0551
33,1,1,106463,0.0521
33,1,2,107528,0.0255
33,1,3,108592,0.0534
33,1,4,109657,0.0328
33,1,5,110722,0.0558
33,1,6,111786,0.0343
33,1,7,112851,0.0382
33,1,8,113916,0.0168
33,1,9,114980,0.0756
33,1,10,116045,0.0361
33,1,11,117109,0.0126
33,1,12,118174,0.0156
33,1,13,119239,0.0656
33,1,14,120303,0.0399
33,1,15,121368,0.0113
33,1,16,122433,0.0585
33,1,17,123497,0.0234
33,1,18,124562,0.0782
33,1,19,125627,0.0774
33,1,20,126691,0.0147
33,1,21,127756,0.0548
33,1,22,128820,0.0745
33,1,23,129885,0.0104
33,1,24,130950,0.0108
33,2,1,70975,0.0220
33,2,2,71685,0.0448
33,2,3,72395,0.0646
33,2,4,73105,0.0248
33,2,5,73814,0.0236
33,2,6,74524,0.0797
33,2,7,75234,0.0777
33,2,8,75944,0.0592
33,2,9,76653,0.0534
33,2,10,77363,0.0576
33,2,11,78073,0.0268
33,2,12,78783,0.0625
33,2,13,79492,0.0465
33,2,14,80202,0.0542
33,2,15,80912,0.0687
33,2,16,81622,0.0783
33,2,17,82332,0.0419
33,2,18,83041,0.0104
33,2,19,83751,0.0760
33,2,20,84461,0.0353
33,2,21,85171,0.0161
33,2,22,85880,0.0435
33,2,23,86590,0.0411
33,2,24,87300,0.0430
33,3,1,47317,0.0136
33,3,2,47790,0.0674
33,3,3,48263,0.0129
33,3,4,48736,0.0157
33,3,5,49210,0.0108
33,3,6,49683,0.0755
33,3,7,50156,0.0541
33,3,8,50629,0.0258
33,3,9,51102,0.0304
33,3,10,51575,0.0295
33,3,11,52049,0.0163
33,3,12,52522,0.0459
33,3,13,52995,0.0256
33,3,14,53468,0.0713
33,3,15,53941,0.0196
33,3,16,54415,0.0662
33,3,17,54888,0.0594
33,3,18,55361,0.0172
33,3,19,55834,0.0676
33,3,20,56307,0.0526
33,3,21,56780,0.0462
33,3,22,57254,0.0540
33,3,23,57727,0.0246
33,3,24,58200,0.0325
33,4,1,29573,0.0618
33,4,2,29869,0.0529
33,4,3,30165,0.0709
33,4,4,30460,0.0641
33,4,5,30756,0.0430
33,4,6,31052,0.0585
33,4,7,31347,0.0273
33,4,8,31643,0.0111
33,4,9,31939,0.0516
33,4,10,32235,0.0348
33,4,11,32530,0.0610
33,4,12,32826,0.0321
33,4,13,33122,0.0485
33,4,14,33418,0.0439
33,4,15,33713,0.0217
33,4,16,34009,0.0160
33,4,17,34305,0.0213
33,4,18,34601,0.0450
33,4,19,34896,0.0302
33,4,20,35192,0.0770
33,4,21,35488,0.0327
33,4,22,35783,0.0593
33,4,23,36079,0.0597
33,4,24,36375,0.0236
34,1,1,522506,0.0476
34,1,2,527731,0.0642
34,1,3,532956,0.0359
34,1,4,538181,0.0290
34,1,5,543406,0.0563
34,1,6,548631,0.0520
34,1,7,553856,0.0172
34,1,8,559081,0.0796
34,1,9,564306,0.0652
34,1,10,569531,0.0286
34,1,11,574756,0.0588
34,1,12,579981,0.0386
34,1,13,585206,0.0397
34,1,14,590431,0.0517
34,1,15,595656,0.0376
34,1,16,600881,0.0666
34,1,17,606107,0.0713
34,1,18,611332,0.0582
34,1,19,616557,0.0138
34,1,20,621782,0.0117
34,1,21,627007,0.0760
34,1,22,632232,0.0267
34,1,23,637457,0.0256
34,1,24,642682,0.0484
34,2,1,348337,0.0283
34,2,2,351820,0.0495
34,2,3,355304,0.0492
34,2,4,358787,0.0795
34,2,5,362271,0.0409
34,2,6,365754,0.0544
34,2,7,369237,0.0206
34,2,8,372721,0.0525
34,2,9,376204,0.0491
34,2,10,379687,0.0221
34,2,11,383171,0.0191
34,2,12,386654,0.0267
34,2,13,390138,0.0788
34,2,14,393621,0.0481
34,2,15,397104,0.0738
34,2,16,400588,0.0784
34,2,17,404071,0.0731
34,2,18,407554,0.0604
34,2,19,411038,0.0272
34,2,20,414521,0.0717
34,2,21,418004,0.0669
34,2,22,421488,0.0584
34,2,23,424971,0.0424
34,2,24,428455,0.0464
34,3,1,232225,0.0587
34,3,2,234547,0.0450
34,3,3,236869,0.0583
34,3,4,239191,0.0203
34,3,5,241514,0.0256
34,3,6,243836,0.0360
34,3,7,246158,0.0414
34,3,8,248480,0.0139
34,3,9,250803,0.0398
34,3,10,253125,0.0144
34,3,11,255447,0.0489
34,3,12,257769,0.0777
34,3,13,260092,0.0551
34,3,14,262414,0.0755
34,3,15,264736,0.0363
34,3,16,267058,0.0420
34,3,17,269381,0.0715
34,3,18,271703,0.0471
34,3,19,274025,0.0143
34,3,20,276347,0.0331
34,3,21,278670,0.0266
34,3,22,280992,0.0619
34,3,23,283314,0.0551
34,3,24,285636,0.0769
34,4,1,145140,0.0586
34,4,2,146592,0.0665
34,4,3,148043,0.0638
34,4,4,149495,0.0634
34,4,5,150946,0.0651
34,4,6,152397,0.0769
34,4,7,153849,0.0652
34,4,8,155300,0.0418
34,4,9,156752,0.0418
34,4,10,158203,0.0657
34,4,11,159654,0.0370
34,4,12,161106,0.0184
34,4,13,162557,0.0288
34,4,14,164009,0.0133
34,4,15,165460,0.0201
34,4,16,166912,0.0347
34,4,17,168363,0.0582
34,4,18,169814,0.0445
34,4,19,171266,0.0503
34,4,20,172717,0.0106
34,4,21,174169,0.0623
34,4,22,175620,0.0544
34,4,23,177071,0.0684
34,4,24,178523,0.0253
35,1,1,131789,0.0298
35,1,2,133107,0.0269
35,1,3,134425,0.0398
35,1,4,135743,0.0607
35,1,5,137060,0.0360
35,1,6,138378,0.0480
35,1,7,139696,0.0615
35,1,8,141014,0.0479
35,1,9,142332,0.0308
35,1,10,143650,0.0596
35,1,11,144968,0.0236
35,1,12,146286,0.0403
35,1,13,147604,0.0793
35,1,14,148921,0.0108
35,1,15,150239,0.0436
35,1,16,151557,0.0683
35,1,17,152875,0.0481
35,1,18,154193,0.0687
35,1,19,155511,0.0419
35,1,20,156829,0.0753
35,1,21,158147,0.0651
35,1,22,159465,0.0471
35,1,23,160782,0.0271
35,1,24,162100,0.0371
35,2,1,87859,0.0543
35,2,2,88738,0.0669
35,2,3,89616,0.0360
35,2,4,90495,0.0677
35,2,5,91374,0.0456
35,2,6,92252,0.0182
35,2,7,93131,0.0617
35,2,8,94009,0.0273
35,2,9,94888,0.0204
35,2,10,95767,0.0410
35,2,11,96645,0.0141
35,2,12,97524,0.0157
35,2,13,98402,0.0393
35,2,14,99281,0.0769
35,2,15,100160,0.0775
35,2,16,101038,0.0523
35,2,17,101917,0.0769
35,2,18,102795,0.0688
35,2,19,103674,0.0777
35,2,20,104553,0.0697
35,2,21,105431,0.0357
35,2,22,106310,0.0687
35,2,23,107188,0.0459
35,2,24,108067,0.0695
35,3,1,58573,0.0322
35,3,2,59159,0.0338
35,3,3,59744,0.0508
35,3,4,60330,0.0761
35,3,5,60916,0.0397
35,3,6,61501,0.0772
35,3,7,62087,0.0438
35,3,8,62673,0.0528
35,3,9,63259,0.0697
35,3,10,63844,0.0162
35,3,11,64430,0.0596
35,3,12,65016,0.0177
35,3,13,65602,0.0186
35,3,14,66187,0.0619
35,3,15,66773,0.0370
35,3,16,67359,0.0467
35,3,17,67944,0.0201
35,3,18,68530,0.0582
35,3,19,69116,0.0429
35,3,20,69702,0.0426
35,3,21,70287,0.0432
35,3,22,70873,0.0526
35,3,23,71459,0.0680
35,3,24,72045,0.0164
35,4,1,36608,0.0582
35,4,2,36974,0.0282
35,4,3,37340,0.0658
35,4,4,37706,0.0276
35,4,5,38072,0.0520
35,4,6,38438,0.0416
35,4,7,38805,0.0239
35,4,8,39171,0.0320
35,4,9,39537,0.0674
35,4,10,39903,0.0179
35,4,11,40269,0.0357
35,4,12,40635,0.0313
35,4,13,41001,0.0352
35,4,14,41367,0.0690
35,4,15,41733,0.0124
35,4,16,42099,0.0668
35,4,17,42465,0.0697
35,4,18,42831,0.0746
35,4,19,43197,0.0415
35,4,20,43564,0.0640
35,4,21,43930,0.0290
35,4,22,44296,0.0465
35,4,23,44662,0.0522
35,4,24,45028,0.0732
36,1,1,170078,0.0448
36,1,2,171779,0.0365
36,1,3,173479,0.0536
36,1,4,175180,0.0787
36,1,5,176881,0.0541
36,1,6,178582,0.0298
36,1,7,180283,0.0753
36,1,8,181983,0.0764
36,1,9,183684,0.0476
36,1,10,185385,0.0274
36,1,11,187086,0.0764
36,1,12,188786,0.0180
36,1,13,190487,0.0386
36,1,14,192188,0.0238
36,1,15,193889,0.0215
36,1,16,195590,0.0257
36,1,17,197290,0.0511
36,1,18,198991,0.0119
36,1,19,200692,0.0434
36,1,20,202393,0.0513
36,1,21,204093,0.0298
36,1,22,205794,0.0232
36,1,23,207495,0.0647
36,1,24,209196,0.0444
36,2,1,113385,0.0475
36,2,2,114519,0.0450
36,2,3,115653,0.0126
36,2,4,116787,0.0707
36,2,5,117921,0.0104
36,2,6,119055,0.0714
36,2,7,120188,0.0350
36,2,8,121322,0.0355
36,2,9,122456,0.0700
36,2,10,123590,0.0726
36,2,11,124724,0.0748
36,2,12,125858,0.0354
36,2,13,126991,0.0329
36,2,14,128125,0.0531
36,2,15,129259,0.0469
36,2,16,130393,0.0645
36,2,17,131527,0.0129
36,2,18,132661,0.0589
36,2,19,133795,0.0598
36,2,20,134928,0.0611
36,2,21,136062,0.0566
36,2,22,137196,0.0208
36,2,23,138330,0.0216
36,2,24,139464,0.0374
36,3,1,75590,0.0228
36,3,2,76346,0.0355
36,3,3,77102,0.0321
36,3,4,77858,0.0375
36,3,5,78614,0.0198
36,3,6,79370,0.0475
36,3,7,80126,0.0788
36,3,8,80881,0.0781
36,3,9,81637,0.0571
36,3,10,82393,0.0608
36,3,11,83149,0.0645
36,3,12,83905,0.0431
36,3,13,84661,0.0387
36,3,14,85417,0.0438
36,3,15,86173,0.0199
36,3,16,86929,0.0254
36,3,17,87685,0.0413
36,3,18,88440,0.0388
36,3,19,89196,0.0186
36,3,20,89952,0.0718
36,3,21,90708,0.0436
36,3,22,91464,0.0247
36,3,23,92220,0.0440
36,3,24,92976,0.0439
36,4,1,47244,0.0315
36,4,2,47716,0.0322
36,4,3,48189,0.0425
36,4,4,48661,0.0352
36,4,5,49134,0.0576
36,4,6,49606,0.0133
36,4,7,50078,0.0693
36,4,8,50551,0.0639
36,4,9,51023,0.0655
36,4,10,51496,0.0760
36,4,11,51968,0.0182
36,4,12,52441,0.0291
36,4,13,52913,0.0148
36,4,14,53386,0.0500
36,4,15,53858,0.0187
36,4,16,54330,0.0635
36,4,17,54803,0.0179
36,4,18,55275,0.0775
36,4,19,55748,0.0435
36,4,20,56220,0.0258
36,4,21,56693,0.0384
36,4,22,57165,0.0507
36,4,23,57637,0.0750
36,4,24,58110,0.0273
37,1,1,453673,0.0431
37,1,2,458210,0.0485
37,1,3,462747,0.0402
37,1,4,467283,0.0553
37,1,5,471820,0.0105
37,1,6,476357,0.0350
37,1,7,480894,0.0734
37,1,8,485430,0.0360
37,1,9,489967,0.0295
37,1,10,494504,0.0445
37,1,11,499040,0.0143
37,1,12,503577,0.0130
37,1,13,508114,0.0199
37,1,14,512651,0.0797
37,1,15,517187,0.0354
37,1,16,521724,0.0388
37,1,17,526261,0.0359
37,1,18,530798,0.0538
37,1,19,535334,0.0143
37,1,20,539871,0.0555
37,1,21,544408,0.0582
37,1,22,548945,0.0347
37,1,23,553481,0.0199
37,1,24,558018,0.0793
37,2,1,302449,0.0226
37,2,2,305473,0.0385
37,2,3,308498,0.0469
37,2,4,311522,0.0447
37,2,5,314547,0.0270
37,2,6,317571,0.0576
37,2,7,320596,0.0565
37,2,8,323620,0.0265
37,2,9,326645,0.0621
37,2,10,329669,0.0438
37,2,11,332694,0.0288
37,2,12,335718,0.0460
37,2,13,338743,0.0663
37,2,14,341767,0.0224
37,2,15,344792,0.0144
37,2,16,347816,0.0517
37,2,17,350841,0.0335
37,2,18,353865,0.0510
37,2,19,356890,0.0761
37,2,20,359914,0.0181
37,2,21,362939,0.0727
37,2,22,365963,0.0741
37,2,23,368988,0.0473
37,2,24,372012,0.0118
37,3,1,201633,0.0436
37,3,2,203649,0.0373
37,3,3,205665,0.0337
37,3,4,207681,0.0478
37,3,5,209698,0.0237
37,3,6,211714,0.0329
37,3,7,213730,0.0524
37,3,8,215747,0.0146
37,3,9,217763,0.0722
37,3,10,219779,0.0753
37,3,11,221796,0.0212
37,3,12,223812,0.0411
37,3,13,225828,0.0517
37,3,14,227845,0.0730
37,3,15,229861,0.0257
37,3,16,231877,0.0618
37,3,17,233894,0.0496
37,3,18,235910,0.0137
37,3,19,237926,0.0475
37,3,20,239943,0.0539
37,3,21,241959,0.0389
37,3,22,243975,0.0464
37,3,23,245992,0.0270
37,3,24,248008,0.0212
37,4,1,126020,0.0702
37,4,2,127281,0.0610
37,4,3,128541,0.0179
37,4,4,129801,0.0247
37,4,5,131061,0.0273
37,4,6,132321,0.0518
37,4,7,133582,0.0124
37,4,8,134842,0.0534
37,4,9,136102,0.0245
37,4,10,137362,0.0251
37,4,11,138622,0.0796
37,4,12,139883,0.0575
37,4,13,141143,0.0496
37,4,14,142403,0.0778
37,4,15,143663,0.0754
37,4,16,144923,0.0742
37,4,17,146184,0.0675
37,4,18,147444,0.0454
37,4,19,148704,0.0693
37,4,20,149964,0.0652
37,4,21,151224,0.0364
37,4,22,152485,0.0695
37,4,23,153745,0.0532
37,4,24,155005,0.0607
38,1,1,136782,0.0343
38,1,2,138150,0.0605
38,1,3,139517,0.0541
38,1,4,140885,0.0440
38,1,5,142253,0.0617
38,1,6,143621,0.0101
38,1,7,144989,0.0364
38,1,8,146356,0.0708
38,1,9,147724,0.0200
38,1,10,149092,0.0682
38,1,11,150460,0.0740
38,1,12,151828,0.0270
38,1,13,153196,0.0440
38,1,14,154563,0.0605
38,1,15,155931,0.0722
38,1,16,157299,0.0187
38,1,17,158667,0.0260
38,1,18,160035,0.0233
38,1,19,161402,0.0599
38,1,20,162770,0.0545
38,1,21,164138,0.0303
38,1,22,165506,0.0783
38,1,23,166874,0.0275
38,1,24,168242,0.0703
38,2,1,91188,0.0156
38,2,2,92100,0.0313
38,2,3,93012,0.0743
38,2,4,93923,0.0790
38,2,5,94835,0.0500
38,2,6,95747,0.0791
38,2,7,96659,0.0291
38,2,8,97571,0.0511
38,2,9,98483,0.0272
38,2,10,99395,0.0417
38,2,11,100307,0.0204
38,2,12,101218,0.0114
38,2,13,102130,0.0323
38,2,14,103042,0.0233
38,2,15,103954,0.0316
38,2,16,104866,0.0712
38,2,17,105778,0.0684
38,2,18,106690,0.0629
38,2,19,107602,0.0655
38,2,20,108514,0.0783
38,2,21,109425,0.0644
38,2,22,110337,0.0658
38,2,23,111249,0.0104
38,2,24,112161,0.0609
38,3,1,60792,0.0352
38,3,2,61400,0.0352
38,3,3,62008,0.0593
38,3,4,62616,0.0432
38,3,5,63224,0.0547
38,3,6,63831,0.0754
38,3,7,64439,0.0262
38,3,8,65047,0.0328
38,3,9,65655,0.0659
38,3,10,66263,0.0639
38,3,11,66871,0.0102
38,3,12,67479,0.0362
38,3,13,68087,0.0196
38,3,14,68695,0.0652
38,3,15,69303,0.0716
38,3,16,69911,0.0100
38,3,17,70519,0.0438
38,3,18,71126,0.0245
38,3,19,71734,0.0675
38,3,20,72342,0.0779
38,3,21,72950,0.0109
38,3,22,73558,0.0139
38,3,23,74166,0.0293
38,3,24,74774,0.0137
38,4,1,37995,0.0490
38,4,2,38375,0.0720
38,4,3,38755,0.0637
38,4,4,39135,0.0387
38,4,5,39515,0.0436
38,4,6,39895,0.0596
38,4,7,40275,0.0337
38,4,8,40655,0.0710
38,4,9,41035,0.0277
38,4,10,41414,0.0443
38,4,11,41794,0.0498
38,4,12,42174,0.0665
38,4,13,42554,0.0612
38,4,14,42934,0.0359
38,4,15,43314,0.0431
38,4,16,43694,0.0364
38,4,17,44074,0.0740
38,4,18,44454,0.0639
38,4,19,44834,0.0612
38,4,20,45214,0.0748
38,4,21,45594,0.0615
38,4,22,45974,0.0724
38,4,23,46354,0.0352
38,4,24,46734,0.0157
39,1,1,401539,0.0372
39,1,2,405555,0.0449
39,1,3,409570,0.0588
39,1,4,413586,0.0424
39,1,5,417601,0.0162
39,1,6,421616,0.0541
39,1,7,425632,0.0626
39,1,8,429647,0.0428
39,1,9,433663,0.0282
39,1,10,437678,0.0443
39,1,11,441693,0.0721
39,1,12,445709,0.0125
39,1,13,449724,0.0114
39,1,14,453740,0.0131
39,1,15,457755,0.0594
39,1,16,461770,0.0145
39,1,17,465786,0.0628
39,1,18,469801,0.0203
39,1,19,473817,0.0268
39,1,20,477832,0.0267
39,1,21,481847,0.0588
39,1,22,485863,0.0221
39,1,23,489878,0.0115
39,1,24,493893,0.0596
39,2,1,267693,0.0442
39,2,2,270370,0.0544
39,2,3,273047,0.0420
39,2,4,275724,0.0544
39,2,5,278401,0.0309
39,2,6,281078,0.0200
39,2,7,283755,0.0713
39,2,8,286431,0.0672
39,2,9,289108,0.0399
39,2,10,291785,0.0237
39,2,11,294462,0.0314
39,2,12,297139,0.0426
39,2,13,299816,0.0287
39,2,14,302493,0.0151
39,2,15,305170,0.0142
39,2,16,307847,0.0379
39,2,17,310524,0.0703
39,2,18,313201,0.0508
39,2,19,315878,0.0439
39,2,20,318555,0.0571
39,2,21,321232,0.0640
39,2,22,323908,0.0212
39,2,23,326585,0.0436
39,2,24,329262,0.0710
39,3,1,178462,0.0296
39,3,2,180247,0.0574
39,3,3,182031,0.0239
39,3,4,183816,0.0648
39,3,5,185600,0.0257
39,3,6,187385,0.0680
39,3,7,189170,0.0188
39,3,8,190954,0.0578
39,3,9,192739,0.0351
39,3,10,194524,0.0456
39,3,11,196308,0.0707
39,3,12,198093,0.0255
39,3,13,199877,0.0292
39,3,14,201662,0.0263
39,3,15,203447,0.0225
39,3,16,205231,0.0663
39,3,17,207016,0.0132
39,3,18,208800,0.0434
39,3,19,210585,0.0590
39,3,20,212370,0.0556
39,3,21,214154,0.0635
39,3,22,215939,0.0294
39,3,23,217724,0.0335
39,3,24,219508,0.0262
39,4,1,111539,0.0755
39,4,2,112654,0.0439
39,4,3,113769,0.0533
39,4,4,114885,0.0106
39,4,5,116000,0.0259
39,4,6,117116,0.0601
39,4,7,118231,0.0101
39,4,8,119346,0.0772
39,4,9,120462,0.0456
39,4,10,121577,0.0770
39,4,11,122693,0.0393
39,4,12,123808,0.0597
39,4,13,124923,0.0500
39,4,14,126039,0.0760
39,4,15,127154,0.0601
39,4,16,128270,0.0677
39,4,17,129385,0.0548
39,4,18,130500,0.0546
39,4,19,131616,0.0135
39,4,20,132731,0.0267
39,4,21,133846,0.0454
39,4,22,134962,0.0734
39,4,23,136077,0.0265
39,4,24,137193,0.0480
40,1,1,516002,0.0177
40,1,2,521162,0.0504
40,1,3,526322,0.0480
40,1,4,531482,0.0416
40,1,5,536642,0.0198
40,1,6,541803,0.0555
40,1,7,546963,0.0728
40,1,8,552123,0.0342
40,1,9,557283,0.0781
40,1,10,562443,0.0268
40,1,11,567603,0.0451
40,1,12,572763,0.0614
40,1,13,577923,0.0744
40,1,14,583083,0.0705
40,1,15,588243,0.0778
40,1,16,593403,0.0784
40,1,17,598563,0.0777
40,1,18,603723,0.0107
40,1,19,608883,0.0501
40,1,20,614043,0.0700
40,1,21,619203,0.0537
40,1,22,624363,0.0286
40,1,23,629523,0.0284
40,1,24,634683,0.0687
40,2,1,344002,0.0575
40,2,2,347442,0.0374
40,2,3,350882,0.0184
40,2,4,354322,0.0279
40,2,5,357762,0.0496
40,2,6,361202,0.0719
40,2,7,364642,0.0755
40,2,8,368082,0.0791
40,2,9,371522,0.0753
40,2,10,374962,0.0151
40,2,11,378402,0.0574
40,2,12,381842,0.0247
40,2,13,385282,0.0597
40,2,14,388722,0.0225
40,2,15,392162,0.0415
40,2,16,395602,0.0465
40,2,17,399042,0.0629
40,2,18,402482,0.0392
40,2,19,405922,0.0327
40,2,20,409362,0.0367
40,2,21,412802,0.0440
40,2,22,416242,0.0403
40,2,23,419682,0.0532
40,2,24,423122,0.0370
40,3,1,229334,0.0144
40,3,2,231628,0.0259
40,3,3,233921,0.0780
40,3,4,236214,0.0749
40,3,5,238508,0.0384
40,3,6,240801,0.0431
40,3,7,243094,0.0790
40,3,8,245388,0.0727
40,3,9,247681,0.0620
40,3,10,249974,0.0547
40,3,11,252268,0.0717
40,3,12,254561,0.0694
40,3,13,256855,0.0653
40,3,14,259148,0.0310
40,3,15,261441,0.0342
40,3,16,263735,0.0570
40,3,17,266028,0.0715
40,3,18,268321,0.0139
40,3,19,270615,0.0732
40,3,20,272908,0.0332
40,3,21,275201,0.0486
40,3,22,277495,0.0358
40,3,23,279788,0.0307
40,3,24,282081,0.0388
40,4,1,143334,0.0294
40,4,2,144767,0.0771
40,4,3,146201,0.0449
40,4,4,147634,0.0705
40,4,5,149067,0.0334
40,4,6,150501,0.0598
40,4,7,151934,0.0185
40,4,8,153367,0.0462
40,4,9,154801,0.0740
40,4,10,156234,0.0785
40,4,11,157667,0.0364
40,4,12,159101,0.0526
40,4,13,160534,0.0675
40,4,14,161967,0.0775
40,4,15,163401,0.0366
40,4,16,164834,0.0658
40,4,17,166267,0.0186
40,4,18,167701,0.0119
40,4,19,169134,0.0481
40,4,20,170567,0.0459
40,4,21,172001,0.0312
40,4,22,173434,0.0482
40,4,23,174867,0.0542
40,4,24,176301,0.0730
41,1,1,294044,0.0705
41,1,2,296984,0.0640
41,1,3,299925,0.0701
41,1,4,302865,0.0160
41,1,5,305806,0.0726
41,1,6,308746,0.0511
41,1,7,311687,0.0305
41,1,8,314627,0.0289
41,1,9,317568,0.0224
41,1,10,320508,0.0154
41,1,11,323448,0.0519
41,1,12,326389,0.0525
41,1,13,329329,0.0763
41,1,14,332270,0.0241
41,1,15,335210,0.0411
41,1,16,338151,0.0569
41,1,17,341091,0.0354
41,1,18,344032,0.0471
41,1,19,346972,0.0744
41,1,20,349912,0.0575
41,1,21,352853,0.0374
41,1,22,355793,0.0105
41,1,23,358734,0.0362
41,1,24,361674,0.0239
41,2,1,196029,0.0507
41,2,2,197990,0.0783
41,2,3,199950,0.0509
41,2,4,201910,0.0509
41,2,5,203871,0.0366
41,2,6,205831,0.0297
41,2,7,207791,0.0247
41,2,8,209751,0.0624
41,2,9,211712,0.0519
41,2,10,213672,0.0426
41,2,11,215632,0.0311
41,2,12,217593,0.0599
41,2,13,219553,0.0152
41,2,14,221513,0.0161
41,2,15,223473,0.0598
41,2,16,225434,0.0245
41,2,17,227394,0.0466
41,2,18,229354,0.0515
41,2,19,231315,0.0264
41,2,20,233275,0.0650
41,2,21,235235,0.0155
41,2,22,237196,0.0527
41,2,23,239156,0.0134
41,2,24,241116,0.0214
41,3,1,130686,0.0317
41,3,2,131993,0.0498
41,3,3,133300,0.0340
41,3,4,134607,0.0565
41,3,5,135914,0.0252
41,3,6,137221,0.0549
41,3,7,138527,0.0219
41,3,8,139834,0.0753
41,3,9,141141,0.0426
41,3,10,142448,0.0169
41,3,11,143755,0.0596
41,3,12,145062,0.0618
41,3,13,146369,0.0473
41,3,14,147675,0.0681
41,3,15,148982,0.0255
41,3,16,150289,0.0118
41,3,17,151596,0.0466
41,3,18,152903,0.0363
41,3,19,154210,0.0388
41,3,20,155517,0.0727
41,3,21,156823,0.0255
41,3,22,158130,0.0117
41,3,23,159437,0.0187
41,3,24,160744,0.0254
41,4,1,81679,0.0665
41,4,2,82496,0.0740
41,4,3,83312,0.0772
41,4,4,84129,0.0499
41,4,5,84946,0.0763
41,4,6,85763,0.0355
41,4,7,86580,0.0254
41,4,8,87396,0.0393
41,4,9,88213,0.0474
41,4,10,89030,0.0166
41,4,11,89847,0.0549
41,4,12,90664,0.0495
41,4,13,91480,0.0409
41,4,14,92297,0.0721
41,4,15,93114,0.0781
41,4,16,93931,0.0453
41,4,17,94748,0.0134
41,4,18,95564,0.0169
41,4,19,96381,0.0347
41,4,20,97198,0.0185
41,4,21,98015,0.0708
41,4,22,98831,0.0305
41,4,23,99648,0.0433
41,4,24,100465,0.0524
42,1,1,460862,0.0472
42,1,2,465471,0.0549
42,1,3,470080,0.0769
42,1,4,474688,0.0688
42,1,5,479297,0.0110
42,1,6,483906,0.0438
42,1,7,488514,0.0391
42,1,8,493123,0.0359
42,1,9,497731,0.0441
42,1,10,502340,0.0107
42,1,11,506949,0.0446
42,1,12,511557,0.0271
42,1,13,516166,0.0628
42,1,14,520775,0.0284
42,1,15,525383,0.0251
42,1,16,529992,0.0115
42,1,17,534600,0.0310
42,1,18,539209,0.0212
42,1,19,543818,0.0787
42,1,20,548426,0.0253
42,1,21,553035,0.0756
42,1,22,557644,0.0568
42,1,23,562252,0.0162
42,1,24,566861,0.0176
42,2,1,307242,0.0311
42,2,2,310314,0.0357
42,2,3,313386,0.0459
42,2,4,316459,0.0398
42,2,5,319531,0.0423
42,2,6,322604,0.0210
42,2,7,325676,0.0630
42,2,8,328749,0.0121
42,2,9,331821,0.0553
42,2,10,334893,0.0750
42,2,11,337966,0.0348
42,2,12,341038,0.0546
42,2,13,344111,0.0233
42,2,14,347183,0.0189
42,2,15,350255,0.0597
42,2,16,353328,0.0252
42,2,17,356400,0.0497
42,2,18,359473,0.0335
42,2,19,362545,0.0277
42,2,20,365618,0.0508
42,2,21,368690,0.0616
42,2,22,371762,0.0535
42,2,23,374835,0.0458
42,2,24,377907,0.0183
42,3,1,204828,0.0737
42,3,2,206876,0.0737
42,3,3,208924,0.0588
42,3,4,210973,0.0524
42,3,5,213021,0.0283
42,3,6,215069,0.0334
42,3,7,217117,0.0477
42,3,8,219166,0.0127
42,3,9,221214,0.0644
42,3,10,223262,0.0527
42,3,11,225311,0.0301
42,3,12,227359,0.0420
42,3,13,229407,0.0580
42,3,14,231455,0.0694
42,3,15,233504,0.0734
42,3,16,235552,0.0115
42,3,17,237600,0.0753
42,3,18,239648,0.0238
42,3,19,241697,0.0321
42,3,20,243745,0.0282
42,3,21,245793,0.0713
42,3,22,247842,0.0172
42,3,23,249890,0.0301
42,3,24,251938,0.0287
42,4,1,128017,0.0553
42,4,2,129298,0.0417
42,4,3,130578,0.0762
42,4,4,131858,0.0628
42,4,5,133138,0.0747
42,4,6,134418,0.0243
42,4,7,135698,0.0394
42,4,8,136979,0.0175
42,4,9,138259,0.0758
42,4,10,139539,0.0284
42,4,11,140819,0.0362
42,4,12,142099,0.0361
42,4,13,143379,0.0702
42,4,14,144660,0.0702
42,4,15,145940,0.0377
42,4,16,147220,0.0419
42,4,17,148500,0.0775
42,4,18,149780,0.0785
42,4,19,151060,0.0675
42,4,20,152341,0.0487
42,4,21,153621,0.0219
42,4,22,154901,0.0554
42,4,23,156181,0.0734
42,4,24,157461,0.0784
43,1,1,340831,0.0748
43,1,2,344239,0.0187
43,1,3,347648,0.0702
43,1,4,351056,0.0610
43,1,5,354464,0.0750
43,1,6,357873,0.0606
43,1,7,361281,0.0515
43,1,8,364689,0.0470
43,1,9,368097,0.0453
43,1,10,371506,0.0172
43,1,11,374914,0.0471
43,1,12,378322,0.0730
43,1,13,381731,0.0230
43,1,14,385139,0.0521
43,1,15,388547,0.0759
43,1,16,391956,0.0396
43,1,17,395364,0.0266
43,1,18,398772,0.0645
43,1,19,402181,0.0696
43,1,20,405589,0.0637
43,1,21,408997,0.0293
43,1,22,412405,0.0295
43,1,23,415814,0.0242
43,1,24,419222,0.0456
43,2,1,227221,0.0244
43,2,2,229493,0.0344
43,2,3,231765,0.0726
43,2,4,234037,0.0336
43,2,5,236309,0.0122
43,2,6,238582,0.0112
43,2,7,240854,0.0549
43,2,8,243126,0.0133
43,2,9,245398,0.0209
43,2,10,247671,0.0397
43,2,11,249943,0.0683
43,2,12,252215,0.0284
43,2,13,254487,0.0403
43,2,14,256759,0.0180
43,2,15,259032,0.0739
43,2,16,261304,0.0342
43,2,17,263576,0.0116
43,2,18,265848,0.0569
43,2,19,268120,0.0159
43,2,20,270393,0.0723
43,2,21,272665,0.0549
43,2,22,274937,0.0230
43,2,23,277209,0.0422
43,2,24,279481,0.0518
43,3,1,151480,0.0274
43,3,2,152995,0.0360
43,3,3,154510,0.0721
43,3,4,156025,0.0447
43,3,5,157540,0.0361
43,3,6,159054,0.0742
43,3,7,160569,0.0397
43,3,8,162084,0.0555
43,3,9,163599,0.0287
43,3,10,165114,0.0669
43,3,11,166628,0.0501
43,3,12,168143,0.0528
43,3,13,169658,0.0526
43,3,14,171173,0.0638
43,3,15,172688,0.0619
43,3,16,174203,0.0422
43,3,17,175717,0.0379
43,3,18,177232,0.0109
43,3,19,178747,0.0706
43,3,20,180262,0.0202
43,3,21,181777,0.0367
43,3,22,183291,0.0166
43,3,23,184806,0.0583
43,3,24,186321,0.0423
43,4,1,94675,0.0540
43,4,2,95622,0.0665
43,4,3,96569,0.0630
43,4,4,97516,0.0429
43,4,5,98462,0.0639
43,4,6,99409,0.0475
43,4,7,100356,0.0239
43,4,8,101303,0.0176
43,4,9,102249,0.0706
43,4,10,103196,0.0652
43,4,11,104143,0.0355
43,4,12,105090,0.0291
43,4,13,106036,0.0622
43,4,14,106983,0.0449
43,4,15,107930,0.0775
43,4,16,108877,0.0285
43,4,17,109823,0.0746
43,4,18,110770,0.0139
43,4,19,111717,0.0152
43,4,20,112664,0.0140
43,4,21,113610,0.0788
43,4,22,114557,0.0738
43,4,23,115504,0.0149
43,4,24,116451,0.0462
44,1,1,320218,0.0141
44,1,2,323420,0.0508
44,1,3,326622,0.0600
44,1,4,329824,0.0440
44,1,5,333026,0.0167
44,1,6,336228,0.0414
44,1,7,339431,0.0331
44,1,8,342633,0.0493
44,1,9,345835,0.0717
44,1,10,349037,0.0722
44,1,11,352239,0.0642
44,1,12,355442,0.0209
44,1,13,358644,0.0460
44,1,14,361846,0.0759
44,1,15,365048,0.0499
44,1,16,368250,0.0744
44,1,17,371452,0.0231
44,1,18,374655,0.0370
44,1,19,377857,0.0264
44,1,20,381059,0.0300
44,1,21,384261,0.0532
44,1,22,387463,0.0215
44,1,23,390665,0.0601
44,1,24,393868,0.0379
44,2,1,213478,0.0424
44,2,2,215613,0.0111
44,2,3,217748,0.0334
44,2,4,219883,0.0164
44,2,5,222018,0.0128
44,2,6,224152,0.0753
44,2,7,226287,0.0101
44,2,8,228422,0.0184
44,2,9,230557,0.0327
44,2,10,232691,0.0376
44,2,11,234826,0.0247
44,2,12,236961,0.0616
44,2,13,239096,0.0219
44,2,14,241231,0.0362
44,2,15,243365,0.0259
44,2,16,245500,0.0493
44,2,17,247635,0.0699
44,2,18,249770,0.0539
44,2,19,251904,0.0173
44,2,20,254039,0.0153
44,2,21,256174,0.0218
44,2,22,258309,0.0538
44,2,23,260444,0.0486
44,2,24,262578,0.0174
44,3,1,142319,0.0195
44,3,2,143742,0.0332
44,3,3,145165,0.0469
44,3,4,146588,0.0103
44,3,5,148012,0.0739
44,3,6,149435,0.0326
44,3,7,150858,0.0115
44,3,8,152281,0.0741
44,3,9,153704,0.0782
44,3,10,155128,0.0316
44,3,11,156551,0.0610
44,3,12,157974,0.0254
44,3,13,159397,0.0313
44,3,14,160820,0.0136
44,3,15,162244,0.0397
44,3,16,163667,0.0131
44,3,17,165090,0.0601
44,3,18,166513,0.0787
44,3,19,167936,0.0671
44,3,20,169360,0.0461
44,3,21,170783,0.0794
44,3,22,172206,0.0546
44,3,23,173629,0.0528
44,3,24,175052,0.0332
44,4,1,88949,0.0305
44,4,2,89839,0.0528
44,4,3,90728,0.0543
44,4,4,91618,0.0622
44,4,5,92507,0.0411
44,4,6,93397,0.0669
44,4,7,94286,0.0172
44,4,8,95176,0.0250
44,4,9,96065,0.0728
44,4,10,96955,0.0353
44,4,11,97844,0.0111
44,4,12,98734,0.0721
44,4,13,99623,0.0110
44,4,14,100513,0.0194
44,4,15,101402,0.0410
44,4,16,102292,0.0479
44,4,17,103181,0.0110
44,4,18,104071,0.0119
44,4,19,104960,0.0637
44,4,20,105850,0.0350
44,4,21,106739,0.0417
44,4,22,107629,0.0314
44,4,23,108518,0.0380
44,4,24,109408,0.0339
45,1,1,37245,0.0160
45,1,2,37618,0.0704
45,1,3,37990,0.0282
45,1,4,38363,0.0649
45,1,5,38735,0.0746
45,1,6,39107,0.0374
45,1,7,39480,0.0430
45,1,8,39852,0.0526
45,1,9,40225,0.0735
45,1,10,40597,0.0760
45,1,11,40970,0.0692
45,1,12,41342,0.0610
45,1,13,41715,0.0757
45,1,14,42087,0.0602
45,1,15,42459,0.0722
45,1,16,42832,0.0741
45,1,17,43204,0.0120
45,1,18,43577,0.0297
45,1,19,43949,0.0365
45,1,20,44322,0.0788
45,1,21,44694,0.0356
45,1,22,45067,0.0657
45,1,23,45439,0.0760
45,1,24,45812,0.0138
45,2,1,24830,0.0360
45,2,2,25078,0.0152
45,2,3,25327,0.0344
45,2,4,25575,0.0336
45,2,5,25823,0.0621
45,2,6,26072,0.0444
45,2,7,26320,0.0627
45,2,8,26568,0.0599
45,2,9,26817,0.0494
45,2,10,27065,0.0794
45,2,11,27313,0.0172
45,2,12,27561,0.0438
45,2,13,27810,0.0348
45,2,14,28058,0.0212
45,2,15,28306,0.0582
45,2,16,28555,0.0471
45,2,17,28803,0.0135
45,2,18,29051,0.0193
45,2,19,29300,0.0485
45,2,20,29548,0.0382
45,2,21,29796,0.0683
45,2,22,30044,0.0681
45,2,23,30293,0.0159
45,2,24,30541,0.0377
45,3,1,16553,0.0518
45,3,2,16719,0.0647
45,3,3,16884,0.0771
45,3,4,17050,0.0333
45,3,5,17216,0.0766
45,3,6,17381,0.0300
45,3,7,17547,0.0344
45,3,8,17712,0.0614
45,3,9,17878,0.0165
45,3,10,18043,0.0188
45,3,11,18209,0.0783
45,3,12,18374,0.0262
45,3,13,18540,0.0770
45,3,14,18705,0.0557
45,3,15,18871,0.0642
45,3,16,19036,0.0731
45,3,17,19202,0.0217
45,3,18,19367,0.0673
45,3,19,19533,0.0531
45,3,20,19699,0.0145
45,3,21,19864,0.0147
45,3,22,20030,0.0635
45,3,23,20195,0.0515
45,3,24,20361,0.0669
45,4,1,10346,0.0712
45,4,2,10449,0.0580
45,4,3,10553,0.0623
45,4,4,10656,0.0556
45,4,5,10760,0.0470
45,4,6,10863,0.0769
45,4,7,10967,0.0441
45,4,8,11070,0.0474
45,4,9,11174,0.0644
45,4,10,11277,0.0560
45,4,11,11380,0.0502
45,4,12,11484,0.0596
45,4,13,11587,0.0604
45,4,14,11691,0.0645
45,4,15,11794,0.0666
45,4,16,11898,0.0743
45,4,17,12001,0.0578
45,4,18,12105,0.0588
45,4,19,12208,0.0398
45,4,20,12312,0.0180
45,4,21,12415,0.0686
45,4,22,12519,0.0332
45,4,23,12622,0.0601
45,4,24,12725,0.0713
46,1,1,304223,0.0691
46,1,2,307265,0.0676
46,1,3,310307,0.0172
46,1,4,313349,0.0666
46,1,5,316392,0.0611
46,1,6,319434,0.0604
46,1,7,322476,0.0510
46,1,8,325518,0.0144
46,1,9,328561,0.0385
46,1,10,331603,0.0276
46,1,11,334645,0.0472
46,1,12,337687,0.0506
46,1,13,340730,0.0327
46,1,14,343772,0.0269
46,1,15,346814,0.0651
46,1,16,349856,0.0261
46,1,17,352898,0.0497
46,1,18,355941,0.0561
46,1,19,358983,0.0697
46,1,20,362025,0.0326
46,1,21,365067,0.0434
46,1,22,368110,0.0407
46,1,23,371152,0.0378
46,1,24,374194,0.0505
46,2,1,202815,0.0524
46,2,2,204843,0.0329
46,2,3,206871,0.0539
46,2,4,208900,0.0177
46,2,5,210928,0.0394
46,2,6,212956,0.0308
46,2,7,214984,0.0383
46,2,8,217012,0.0326
46,2,9,219040,0.0718
46,2,10,221069,0.0572
46,2,11,223097,0.0699
46,2,12,225125,0.0194
46,2,13,227153,0.0284
46,2,14,229181,0.0463
46,2,15,231209,0.0271
46,2,16,233237,0.0291
46,2,17,235266,0.0613
46,2,18,237294,0.0638
46,2,19,239322,0.0608
46,2,20,241350,0.0440
46,2,21,243378,0.0202
46,2,22,245406,0.0546
46,2,23,247435,0.0274
46,2,24,249463,0.0288
46,3,1,135210,0.0448
46,3,2,136562,0.0220
46,3,3,137914,0.0680
46,3,4,139266,0.0188
46,3,5,140619,0.0740
46,3,6,141971,0.0329
46,3,7,143323,0.0284
46,3,8,144675,0.0400
46,3,9,146027,0.0237
46,3,10,147379,0.0530
46,3,11,148731,0.0580
46,3,12,150083,0.0754
46,3,13,151435,0.0339
46,3,14,152787,0.0708
46,3,15,154140,0.0701
46,3,16,155492,0.0574
46,3,17,156844,0.0775
46,3,18,158196,0.0708
46,3,19,159548,0.0149
46,3,20,160900,0.0423
46,3,21,162252,0.0307
46,3,22,163604,0.0705
46,3,23,164956,0.0137
46,3,24,166308,0.0527
46,4,1,84506,0.0569
46,4,2,85351,0.0710
46,4,3,86196,0.0283
46,4,4,87042,0.0307
46,4,5,87887,0.0317
46,4,6,88732,0.0619
46,4,7,89577,0.0171
46,4,8,90422,0.0222
46,4,9,91267,0.0331
46,4,10,92112,0.0135
46,4,11,92957,0.0703
46,4,12,93802,0.0287
46,4,13,94647,0.0745
46,4,14,95492,0.0650
46,4,15,96337,0.0495
46,4,16,97182,0.0494
46,4,17,98027,0.0537
46,4,18,98872,0.0124
46,4,19,99717,0.0222
46,4,20,100563,0.0693
46,4,21,101408,0.0129
46,4,22,102253,0.0390
46,4,23,103098,0.0464
46,4,24,103943,0.0272
47,1,1,328028,0.0795
47,1,2,331308,0.0139
47,1,3,334589,0.0172
47,1,4,337869,0.0265
47,1,5,341149,0.0252
47,1,6,344430,0.0274
47,1,7,347710,0.0541
47,1,8,350990,0.0498
47,1,9,354270,0.0112
47,1,10,357551,0.0327
47,1,11,360831,0.0645
47,1,12,364111,0.0686
47,1,13,367392,0.0724
47,1,14,370672,0.0118
47,1,15,373952,0.0118
47,1,16,377232,0.0454
47,1,17,380513,0.0284
47,1,18,383793,0.0106
47,1,19,387073,0.0727
47,1,20,390353,0.0190
47,1,21,393634,0.0724
47,1,22,396914,0.0176
47,1,23,400194,0.0430
47,1,24,403475,0.0702
47,2,1,218685,0.0518
47,2,2,220872,0.0650
47,2,3,223059,0.0334
47,2,4,225246,0.0628
47,2,5,227433,0.0664
47,2,6,229620,0.0200
47,2,7,231807,0.0423
47,2,8,233993,0.0145
47,2,9,236180,0.0297
47,2,10,238367,0.0656
47,2,11,240554,0.0290
47,2,12,242741,0.0697
47,2,13,244928,0.0275
47,2,14,247115,0.0444
47,2,15,249301,0.0533
47,2,16,251488,0.0538
47,2,17,253675,0.0755
47,2,18,255862,0.0681
47,2,19,258049,0.0477
47,2,20,260236,0.0574
47,2,21,262423,0.0653
47,2,22,264609,0.0498
47,2,23,266796,0.0197
47,2,24,268983,0.0300
47,3,1,145790,0.0105
47,3,2,147248,0.0634
47,3,3,148706,0.0357
47,3,4,150164,0.0145
47,3,5,151622,0.0365
47,3,6,153080,0.0780
47,3,7,154538,0.0392
47,3,8,155996,0.0533
47,3,9,157454,0.0348
47,3,10,158911,0.0797
47,3,11,160369,0.0112
47,3,12,161827,0.0627
47,3,13,163285,0.0500
47,3,14,164743,0.0363
47,3,15,166201,0.0110
47,3,16,167659,0.0526
47,3,17,169117,0.0722
47,3,18,170575,0.0186
47,3,19,172033,0.0103
47,3,20,173490,0.0102
47,3,21,174948,0.0290
47,3,22,176406,0.0463
47,3,23,177864,0.0297
47,3,24,179322,0.0697
47,4,1,91119,0.0268
47,4,2,92030,0.0420
47,4,3,92941,0.0682
47,4,4,93852,0.0141
47,4,5,94764,0.0432
47,4,6,95675,0.0398
47,4,7,96586,0.0590
47,4,8,97497,0.0728
47,4,9,98408,0.0748
47,4,10,99320,0.0521
47,4,11,100231,0.0293
47,4,12,101142,0.0245
47,4,13,102053,0.0177
47,4,14,102964,0.0382
47,4,15,103876,0.0249
47,4,16,104787,0.0220
47,4,17,105698,0.0544
47,4,18,106609,0.0188
47,4,19,107520,0.0383
47,4,20,108432,0.0787
47,4,21,109343,0.0792
47,4,22,110254,0.0723
47,4,23,111165,0.0793
47,4,24,112076,0.0384
48,1,1,186123,0.0167
48,1,2,187985,0.0576
48,1,3,189846,0.0656
48,1,4,191707,0.0382
48,1,5,193568,0.0181
48,1,6,195430,0.0222
48,1,7,197291,0.0401
48,1,8,199152,0.0657
48,1,9,201013,0.0595
48,1,10,202875,0.0618
48,1,11,204736,0.0361
48,1,12,206597,0.0206
48,1,13,208458,0.0345
48,1,14,210319,0.0427
48,1,15,212181,0.0126
48,1,16,214042,0.0136
48,1,17,215903,0.0511
48,1,18,217764,0.0690
48,1,19,219626,0.0493
48,1,20,221487,0.0531
48,1,21,223348,0.0467
48,1,22,225209,0.0714
48,1,23,227071,0.0371
48,1,24,228932,0.0228
48,2,1,124082,0.0300
48,2,2,125323,0.0225
48,2,3,126564,0.0248
48,2,4,127805,0.0353
48,2,5,129046,0.0756
48,2,6,130286,0.0731
48,2,7,131527,0.0613
48,2,8,132768,0.0431
48,2,9,134009,0.0104
48,2,10,135250,0.0310
48,2,11,136491,0.0611
48,2,12,137731,0.0110
48,2,13,138972,0.0360
48,2,14,140213,0.0698
48,2,15,141454,0.0504
48,2,16,142695,0.0354
48,2,17,143935,0.0305
48,2,18,145176,0.0212
48,2,19,146417,0.0114
48,2,20,147658,0.0720
48,2,21,148899,0.0617
48,2,22,150140,0.0295
48,2,23,151380,0.0339
48,2,24,152621,0.0236
48,3,1,82722,0.0200
48,3,2,83549,0.0698
48,3,3,84376,0.0573
48,3,4,85203,0.0521
48,3,5,86030,0.0337
48,3,6,86858,0.0789
48,3,7,87685,0.0360
48,3,8,88512,0.0785
48,3,9,89339,0.0732
48,3,10,90166,0.0298
48,3,11,90994,0.0472
48,3,12,91821,0.0532
48,3,13,92648,0.0664
48,3,14,93475,0.0710
48,3,15,94303,0.0645
48,3,16,95130,0.0560
48,3,17,95957,0.0591
48,3,18,96784,0.0291
48,3,19,97611,0.0391
48,3,20,98439,0.0509
48,3,21,99266,0.0186
48,3,22,100093,0.0631
48,3,23,100920,0.0482
48,3,24,101747,0.0396
48,4,1,51701,0.0697
48,4,2,52218,0.0612
48,4,3,52735,0.0619
48,4,4,53252,0.0744
48,4,5,53769,0.0719
48,4,6,54286,0.0249
48,4,7,54803,0.0560
48,4,8,55320,0.0431
48,4,9,55837,0.0451
48,4,10,56354,0.0458
48,4,11,56871,0.0427
48,4,12,57388,0.0132
48,4,13,57905,0.0739
48,4,14,58422,0.0655
48,4,15,58939,0.0213
48,4,16,59456,0.0241
48,4,17,59973,0.0542
48,4,18,60490,0.0717
48,4,19,61007,0.0113
48,4,20,61524,0.0284
48,4,21,62041,0.0378
48,4,22,62558,0.0772
48,4,23,63075,0.0592
48,4,24,63592,0.0472
49,1,1,485182,0.0766
49,1,2,490034,0.0749
49,1,3,494886,0.0784
49,1,4,499738,0.0369
49,1,5,504589,0.0114
49,1,6,509441,0.0424
49,1,7,514293,0.0263
49,1,8,519145,0.0425
49,1,9,523997,0.0290
49,1,10,528849,0.0348
49,1,11,533700,0.0432
49,1,12,538552,0.0519
49,1,13,543404,0.0230
49,1,14,548256,0.0543
49,1,15,553108,0.0237
49,1,16,557959,0.0415
49,1,17,562811,0.0689
49,1,18,567663,0.0635
49,1,19,572515,0.0553
49,1,20,577367,0.0708
49,1,21,582219,0.0605
49,1,22,587070,0.0769
49,1,23,591922,0.0324
49,1,24,596774,0.0688
49,2,1,323455,0.0482
49,2,2,326689,0.0757
49,2,3,329924,0.0552
49,2,4,333158,0.0530
49,2,5,336393,0.0643
49,2,6,339628,0.0303
49,2,7,342862,0.0350
49,2,8,346097,0.0394
49,2,9,349331,0.0589
49,2,10,352566,0.0319
49,2,11,355800,0.0459
49,2,12,359035,0.0225
49,2,13,362269,0.0696
49,2,14,365504,0.0254
49,2,15,368738,0.0288
49,2,16,371973,0.0195
49,2,17,375208,0.0534
49,2,18,378442,0.0132
49,2,19,381677,0.0428
49,2,20,384911,0.0417
49,2,21,388146,0.0634
49,2,22,391380,0.0533
49,2,23,394615,0.0234
49,2,24,397849,0.0548
49,3,1,215637,0.0715
49,3,2,217793,0.0737
49,3,3,219949,0.0311
49,3,4,222106,0.0742
49,3,5,224262,0.0673
49,3,6,226418,0.0144
49,3,7,228575,0.0158
49,3,8,230731,0.0594
49,3,9,232887,0.0576
49,3,10,235044,0.0449
49,3,11,237200,0.0197
49,3,12,239357,0.0169
49,3,13,241513,0.0589
49,3,14,243669,0.0243
49,3,15,245826,0.0630
49,3,16,247982,0.0330
49,3,17,250138,0.0506
49,3,18,252295,0.0753
49,3,19,254451,0.0380
49,3,20,256607,0.0559
49,3,21,258764,0.0555
49,3,22,260920,0.0259
49,3,23,263077,0.0794
49,3,24,265233,0.0575
49,4,1,134773,0.0626
49,4,2,136121,0.0616
49,4,3,137468,0.0496
49,4,4,138816,0.0622
49,4,5,140164,0.0638
49,4,6,141511,0.0409
49,4,7,142859,0.0339
49,4,8,144207,0.0289
49,4,9,145555,0.0310
49,4,10,146902,0.0487
49,4,11,148250,0.0208
49,4,12,149598,0.0768
49,4,13,150946,0.0757
49,4,14,152293,0.0352
49,4,15,153641,0.0787
49,4,16,154989,0.0265
49,4,17,156336,0.0127
49,4,18,157684,0.0469
49,4,19,159032,0.0515
49,4,20,160380,0.0746
49,4,21,161727,0.0775
49,4,22,163075,0.0296
49,4,23,164423,0.0370
49,4,24,165771,0.0430
50,1,1,246191,0.0353
50,1,2,248653,0.0429
50,1,3,251115,0.0349
50,1,4,253577,0.0340
50,1,5,256038,0.0102
50,1,6,258500,0.0519
50,1,7,260962,0.0457
50,1,8,263424,0.0597
50,1,9,265886,0.0239
50,1,10,268348,0.0370
50,1,11,270810,0.0344
50,1,12,273272,0.0144
50,1,13,275734,0.0569
50,1,14,278196,0.0779
50,1,15,280658,0.0574
50,1,16,283119,0.0507
50,1,17,285581,0.0529
50,1,18,288043,0.0650
50,1,19,290505,0.0195
50,1,20,292967,0.0331
50,1,21,295429,0.0768
50,1,22,297891,0.0323
50,1,23,300353,0.0698
50,1,24,302815,0.0186
50,2,1,164127,0.0776
50,2,2,165769,0.0206
50,2,3,167410,0.0601
50,2,4,169051,0.0232
50,2,5,170692,0.0266
50,2,6,172334,0.0723
50,2,7,173975,0.0419
50,2,8,175616,0.0398
50,2,9,177257,0.0673
50,2,10,178899,0.0562
50,2,11,180540,0.0545
50,2,12,182181,0.0258
50,2,13,183823,0.0463
50,2,14,185464,0.0105
50,2,15,187105,0.0591
50,2,16,188746,0.0225
50,2,17,190388,0.0262
50,2,18,192029,0.0155
50,2,19,193670,0.0747
50,2,20,195311,0.0711
50,2,21,196953,0.0235
50,2,22,198594,0.0343
50,2,23,200235,0.0245
50,2,24,201877,0.0350
50,3,1,109418,0.0621
50,3,2,110512,0.0343
50,3,3,111607,0.0457
50,3,4,112701,0.0743
50,3,5,113795,0.0224
50,3,6,114889,0.0557
50,3,7,115983,0.0623
50,3,8,117077,0.0796
50,3,9,118172,0.0450
50,3,10,119266,0.0198
50,3,11,120360,0.0193
50,3,12,121454,0.0760
50,3,13,122548,0.0508
50,3,14,123643,0.0188
50,3,15,124737,0.0434
50,3,16,125831,0.0207
50,3,17,126925,0.0325
50,3,18,128019,0.0125
50,3,19,129113,0.0248
50,3,20,130208,0.0362
50,3,21,131302,0.0171
50,3,22,132396,0.0646
50,3,23,133490,0.0432
50,3,24,134584,0.0393
50,4,1,68386,0.0677
50,4,2,69070,0.0296
50,4,3,69754,0.0380
50,4,4,70438,0.0115
50,4,5,71122,0.0222
50,4,6,71806,0.0514
50,4,7,72490,0.0358
50,4,8,73173,0.0589
50,4,9,73857,0.0129
50,4,10,74541,0.0607
50,4,11,75225,0.0630
50,4,12,75909,0.0125
50,4,13,76593,0.0354
50,4,14,77277,0.0527
50,4,15,77960,0.0296
50,4,16,78644,0.0259
50,4,17,79328,0.0736
50,4,18,80012,0.0761
50,4,19,80696,0.0299
50,4,20,81380,0.0276
50,4,21,82064,0.0749
50,4,22,82747,0.0701
50,4,23,83431,0.0624
50,4,24,84115,0.0116
51,1,1,314058,0.0605
51,1,2,317199,0.0702
51,1,3,320339,0.0516
51,1,4,323480,0.0773
51,1,5,326620,0.0402
51,1,6,329761,0.0248
51,1,7,332902,0.0249
51,1,8,336042,0.0202
51,1,9,339183,0.0703
51,1,10,342323,0.0371
51,1,11,345464,0.0660
51,1,12,348604,0.0145
51,1,13,351745,0.0344
51,1,14,354886,0.0744
51,1,15,358026,0.0595
51,1,16,361167,0.0356
51,1,17,364307,0.0727
51,1,18,367448,0.0633
51,1,19,370589,0.0128
51,1,20,373729,0.0582
51,1,21,376870,0.0440
51,1,22,380010,0.0359
51,1,23,383151,0.0511
51,1,24,386291,0.0722
51,2,1,209372,0.0706
51,2,2,211466,0.0656
51,2,3,213559,0.0675
51,2,4,215653,0.0550
51,2,5,217747,0.0700
51,2,6,219841,0.0597
51,2,7,221934,0.0736
51,2,8,224028,0.0755
51,2,9,226122,0.0159
51,2,10,228216,0.0722
51,2,11,230309,0.0780
51,2,12,232403,0.0248
51,2,13,234497,0.0734
51,2,14,236590,0.0675
51,2,15,238684,0.0679
51,2,16,240778,0.0695
51,2,17,242872,0.0177
51,2,18,244965,0.0764
51,2,19,247059,0.0552
51,2,20,249153,0.0244
51,2,21,251246,0.0695
51,2,22,253340,0.0527
51,2,23,255434,0.0690
51,2,24,257528,0.0780
51,3,1,139581,0.0217
51,3,2,140977,0.0375
51,3,3,142373,0.0329
51,3,4,143769,0.0330
51,3,5,145165,0.0794
51,3,6,146560,0.0739
51,3,7,147956,0.0731
51,3,8,149352,0.0267
51,3,9,150748,0.0686
51,3,10,152144,0.0297
51,3,11,153539,0.0417
51,3,12,154935,0.0703
51,3,13,156331,0.0439
51,3,14,157727,0.0344
51,3,15,159123,0.0110
51,3,16,160519,0.0210
51,3,17,161914,0.0705
51,3,18,163310,0.0422
51,3,19,164706,0.0178
51,3,20,166102,0.0772
51,3,21,167498,0.0655
51,3,22,168893,0.0757
51,3,23,170289,0.0419
51,3,24,171685,0.0232
51,4,1,87238,0.0266
51,4,2,88111,0.0506
51,4,3,88983,0.0217
51,4,4,89856,0.0601
51,4,5,90728,0.0371
51,4,6,91600,0.0404
51,4,7,92473,0.0648
51,4,8,93345,0.0370
51,4,9,94217,0.0752
51,4,10,95090,0.0619
51,4,11,95962,0.0344
51,4,12,96835,0.0574
51,4,13,97707,0.0592
51,4,14,98579,0.0295
51,4,15,99452,0.0515
51,4,16,100324,0.0265
51,4,17,101196,0.0794
51,4,18,102069,0.0419
51,4,19,102941,0.0533
51,4,20,103814,0.0229
51,4,21,104686,0.0389
51,4,22,105558,0.0702
51,4,23,106431,0.0623
51,4,24,107303,0.0121
52,1,1,290369,0.0412
52,1,2,293272,0.0232
52,1,3,296176,0.0118
52,1,4,299080,0.0181
52,1,5,301983,0.0453
52,1,6,304887,0.0271
52,1,7,307791,0.0646
52,1,8,310694,0.0120
52,1,9,313598,0.0481
52,1,10,316502,0.0583
52,1,11,319405,0.0410
52,1,12,322309,0.0146
52,1,13,325213,0.0319
52,1,14,328116,0.0248
52,1,15,331020,0.0689
52,1,16,333924,0.0330
52,1,17,336827,0.0410
52,1,18,339731,0.0710
52,1,19,342635,0.0708
52,1,20,345539,0.0791
52,1,21,348442,0.0425
52,1,22,351346,0.0362
52,1,23,354250,0.0263
52,1,24,357153,0.0579
52,2,1,193579,0.0367
52,2,2,195515,0.0644
52,2,3,197451,0.0379
52,2,4,199386,0.0142
52,2,5,201322,0.0611
52,2,6,203258,0.0458
52,2,7,205194,0.0798
52,2,8,207130,0.0208
52,2,9,209065,0.0498
52,2,10,211001,0.0314
52,2,11,212937,0.0483
52,2,12,214873,0.0128
52,2,13,216809,0.0422
52,2,14,218744,0.0478
52,2,15,220680,0.0157
52,2,16,222616,0.0598
52,2,17,224552,0.0141
52,2,18,226487,0.0379
52,2,19,228423,0.0514
52,2,20,230359,0.0579
52,2,21,232295,0.0377
52,2,22,234231,0.0447
52,2,23,236166,0.0194
52,2,24,238102,0.0596
52,3,1,129053,0.0496
52,3,2,130343,0.0326
52,3,3,131634,0.0742
52,3,4,132924,0.0766
52,3,5,134215,0.0198
52,3,6,135505,0.0678
52,3,7,136796,0.0552
52,3,8,138086,0.0580
52,3,9,139377,0.0245
52,3,10,140667,0.0422
52,3,11,141958,0.0383
52,3,12,143248,0.0101
52,3,13,144539,0.0353
52,3,14,145830,0.0145
52,3,15,147120,0.0719
52,3,16,148411,0.0498
52,3,17,149701,0.0775
52,3,18,150992,0.0368
52,3,19,152282,0.0346
52,3,20,153573,0.0422
52,3,21,154863,0.0511
52,3,22,156154,0.0352
52,3,23,157444,0.0780
52,3,24,158735,0.0446
52,4,1,80658,0.0582
52,4,2,81465,0.0298
52,4,3,82271,0.0371
52,4,4,83078,0.0503
52,4,5,83884,0.0455
52,4,6,84691,0.0518
52,4,7,85497,0.0265
52,4,8,86304,0.0777
52,4,9,87111,0.0331
52,4,10,87917,0.0370
52,4,11,88724,0.0366
52,4,12,89530,0.0723
52,4,13,90337,0.0401
52,4,14,91143,0.0591
52,4,15,91950,0.0221
52,4,16,92757,0.0597
52,4,17,93563,0.0551
52,4,18,94370,0.0603
52,4,19,95176,0.0790
52,4,20,95983,0.0275
52,4,21,96790,0.0625
52,4,22,97596,0.0316
52,4,23,98403,0.0421
52,4,24,99209,0.0340
53,1,1,508318,0.0208
53,1,2,513401,0.0670
53,1,3,518484,0.0344
53,1,4,523567,0.0522
53,1,5,528650,0.0682
53,1,6,533734,0.0442
53,1,7,538817,0.0217
53,1,8,543900,0.0280
53,1,9,548983,0.0222
53,1,10,554066,0.0580
53,1,11,559149,0.0161
53,1,12,564233,0.0216
53,1,13,569316,0.0468
53,1,14,574399,0.0507
53,1,15,579482,0.0446
53,1,16,584565,0.0738
53,1,17,589648,0.0716
53,1,18,594732,0.0497
53,1,19,599815,0.0518
53,1,20,604898,0.0130
53,1,21,609981,0.0626
53,1,22,615064,0.0417
53,1,23,620148,0.0175
53,1,24,625231,0.0623
53,2,1,338878,0.0448
53,2,2,342267,0.0534
53,2,3,345656,0.0430
53,2,4,349045,0.0794
53,2,5,352434,0.0656
53,2,6,355822,0.0528
53,2,7,359211,0.0539
53,2,8,362600,0.0543
53,2,9,365989,0.0710
53,2,10,369377,0.0162
53,2,11,372766,0.0442
53,2,12,376155,0.0115
53,2,13,379544,0.0158
53,2,14,382933,0.0129
53,2,15,386321,0.0706
53,2,16,389710,0.0149
53,2,17,393099,0.0387
53,2,18,396488,0.0529
53,2,19,399877,0.0653
53,2,20,403265,0.0759
53,2,21,406654,0.0186
53,2,22,410043,0.0429
53,2,23,413432,0.0170
53,2,24,416820,0.0567
53,3,1,225919,0.0116
53,3,2,228178,0.0560
53,3,3,230437,0.0319
53,3,4,232697,0.0202
53,3,5,234956,0.0435
53,3,6,237215,0.0513
53,3,7,239474,0.0542
53,3,8,241733,0.0376
53,3,9,243992,0.0683
53,3,10,246252,0.0371
53,3,11,248511,0.0228
53,3,12,250770,0.0526
53,3,13,253029,0.0686
53,3,14,255288,0.0423
53,3,15,257548,0.0690
53,3,16,259807,0.0531
53,3,17,262066,0.0388
53,3,18,264325,0.0357
53,3,19,266584,0.0208
53,3,20,268844,0.0504
53,3,21,271103,0.0351
53,3,22,273362,0.0794
53,3,23,275621,0.0226
53,3,24,277880,0.0167
53,4,1,141199,0.0536
53,4,2,142611,0.0398
53,4,3,144023,0.0206
53,4,4,145435,0.0630
53,4,5,146847,0.0105
53,4,6,148259,0.0184
53,4,7,149671,0.0293
53,4,8,151083,0.0149
53,4,9,152495,0.0486
53,4,10,153907,0.0567
53,4,11,155319,0.0413
53,4,12,156731,0.0788
53,4,13,158143,0.0755
53,4,14,159555,0.0227
53,4,15,160967,0.0536
53,4,16,162379,0.0708
53,4,17,163791,0.0681
53,4,18,165203,0.0797
53,4,19,166615,0.0384
53,4,20,168027,0.0146
53,4,21,169439,0.0396
53,4,22,170851,0.0481
53,4,23,172263,0.0519
53,4,24,173675,0.0436
54,1,1,49133,0.0257
54,1,2,49624,0.0614
54,1,3,50116,0.0460
54,1,4,50607,0.0277
54,1,5,51098,0.0741
54,1,6,51590,0.0469
54,1,7,52081,0.0445
54,1,8,52572,0.0337
54,1,9,53064,0.0694
54,1,10,53555,0.0521
54,1,11,54046,0.0476
54,1,12,54538,0.0755
54,1,13,55029,0.0448
54,1,14,55520,0.0182
54,1,15,56012,0.0269
54,1,16,56503,0.0710
54,1,17,56994,0.0373
54,1,18,57486,0.0299
54,1,19,57977,0.0505
54,1,20,58468,0.0768
54,1,21,58960,0.0462
54,1,22,59451,0.0535
54,1,23,59942,0.0554
54,1,24,60434,0.0133
54,2,1,32755,0.0154
54,2,2,33083,0.0790
54,2,3,33410,0.0724
54,2,4,33738,0.0779
54,2,5,34066,0.0635
54,2,6,34393,0.0466
54,2,7,34721,0.0167
54,2,8,35048,0.0637
54,2,9,35376,0.0419
54,2,10,35703,0.0141
54,2,11,36031,0.0123
54,2,12,36358,0.0161
54,2,13,36686,0.0746
54,2,14,37014,0.0278
54,2,15,37341,0.0579
54,2,16,37669,0.0511
54,2,17,37996,0.0252
54,2,18,38324,0.0211
54,2,19,38651,0.0708
54,2,20,38979,0.0694
54,2,21,39306,0.0749
54,2,22,39634,0.0170
54,2,23,39961,0.0250
54,2,24,40289,0.0356
54,3,1,21837,0.0599
54,3,2,22055,0.0610
54,3,3,22274,0.0739
54,3,4,22492,0.0166
54,3,5,22710,0.0155
54,3,6,22929,0.0124
54,3,7,23147,0.0799
54,3,8,23365,0.0673
54,3,9,23584,0.0615
54,3,10,23802,0.0441
54,3,11,24021,0.0485
54,3,12,24239,0.0540
54,3,13,24457,0.0189
54,3,14,24676,0.0746
54,3,15,24894,0.0589
54,3,16,25112,0.0324
54,3,17,25331,0.0740
54,3,18,25549,0.0761
54,3,19,25768,0.0523
54,3,20,25986,0.0364
54,3,21,26204,0.0159
54,3,22,26423,0.0546
54,3,23,26641,0.0191
54,3,24,26859,0.0582
54,4,1,13648,0.0335
54,4,2,13785,0.0577
54,4,3,13921,0.0726
54,4,4,14057,0.0491
54,4,5,14194,0.0168
54,4,6,14330,0.0523
54,4,7,14467,0.0593
54,4,8,14603,0.0653
54,4,9,14740,0.0316
54,4,10,14876,0.0284
54,4,11,15013,0.0555
54,4,12,15149,0.0719
54,4,13,15286,0.0704
54,4,14,15422,0.0697
54,4,15,15559,0.0410
54,4,16,15695,0.0688
54,4,17,15832,0.0746
54,4,18,15968,0.0271
54,4,19,16105,0.0394
54,4,20,16241,0.0340
54,4,21,16378,0.0549
54,4,22,16514,0.0720
54,4,23,16651,0.0101
54,4,24,16787,0.0340
55,1,1,339362,0.0474
55,1,2,342756,0.0149
55,1,3,346149,0.0587
55,1,4,349543,0.0518
55,1,5,352937,0.0333
55,1,6,356330,0.0312
55,1,7,359724,0.0120
55,1,8,363118,0.0528
55,1,9,366511,0.0592
55,1,10,369905,0.0690
55,1,11,373298,0.0589
55,1,12,376692,0.0444
55,1,13,380086,0.0228
55,1,14,383479,0.0472
55,1,15,386873,0.0403
55,1,16,390267,0.0522
55,1,17,393660,0.0373
55,1,18,397054,0.0110
55,1,19,400447,0.0104
55,1,20,403841,0.0471
55,1,21,407235,0.0229
55,1,22,410628,0.0324
55,1,23,414022,0.0338
55,1,24,417415,0.0475
55,2,1,226241,0.0181
55,2,2,228504,0.0521
55,2,3,230766,0.0291
55,2,4,233029,0.0101
55,2,5,235291,0.0428
55,2,6,237554,0.0522
55,2,7,239816,0.0293
55,2,8,242078,0.0221
55,2,9,244341,0.0498
55,2,10,246603,0.0184
55,2,11,248866,0.0424
55,2,12,251128,0.0727
55,2,13,253390,0.0384
55,2,14,255653,0.0603
55,2,15,257915,0.0454
55,2,16,260178,0.0618
55,2,17,262440,0.0257
55,2,18,264703,0.0751
55,2,19,266965,0.0486
55,2,20,269227,0.0189
55,2,21,271490,0.0194
55,2,22,273752,0.0272
55,2,23,276015,0.0489
55,2,24,278277,0.0569
55,3,1,150828,0.0782
55,3,2,152336,0.0659
55,3,3,153844,0.0296
55,3,4,155352,0.0250
55,3,5,156861,0.0343
55,3,6,158369,0.0176
55,3,7,159877,0.0305
55,3,8,161386,0.0120
55,3,9,162894,0.0613
55,3,10,164402,0.0148
55,3,11,165910,0.0252
55,3,12,167419,0.0104
55,3,13,168927,0.0436
55,3,14,170435,0.0799
55,3,15,171944,0.0263
55,3,16,173452,0.0721
55,3,17,174960,0.0767
55,3,18,176468,0.0524
55,3,19,177977,0.0618
55,3,20,179485,0.0129
55,3,21,180993,0.0181
55,3,22,182501,0.0287
55,3,23,184010,0.0630
55,3,24,185518,0.0622
55,4,1,94267,0.0466
55,4,2,95210,0.0230
55,4,3,96153,0.0507
55,4,4,97095,0.0147
55,4,5,98038,0.0329
55,4,6,98981,0.0612
55,4,7,99923,0.0545
55,4,8,100866,0.0536
55,4,9,101809,0.0774
55,4,10,102751,0.0787
55,4,11,103694,0.0589
55,4,12,104637,0.0340
55,4,13,105579,0.0231
55,4,14,106522,0.0685
55,4,15,107465,0.0552
55,4,16,108407,0.0253
55,4,17,109350,0.0165
55,4,18,110293,0.0269
55,4,19,111235,0.0133
55,4,20,112178,0.0678
55,4,21,113121,0.0223
55,4,22,114063,0.0518
55,4,23,115006,0.0183
55,4,24,115949,0.0601
56,1,1,468062,0.0433
56,1,2,472743,0.0305
56,1,3,477424,0.0273
56,1,4,482104,0.0677
56,1,5,486785,0.0422
56,1,6,491465,0.0108
56,1,7,496146,0.0467
56,1,8,500827,0.0599
56,1,9,505507,0.0550
56,1,10,510188,0.0313
56,1,11,514869,0.0407
56,1,12,519549,0.0196
56,1,13,524230,0.0778
56,1,14,528910,0.0747
56,1,15,533591,0.0543
56,1,16,538272,0.0722
56,1,17,542952,0.0664
56,1,18,547633,0.0365
56,1,19,552313,0.0757
56,1,20,556994,0.0596
56,1,21,561675,0.0437
56,1,22,566355,0.0120
56,1,23,571036,0.0223
56,1,24,575717,0.0587
56,2,1,312042,0.0783
56,2,2,315162,0.0637
56,2,3,318282,0.0385
56,2,4,321403,0.0141
56,2,5,324523,0.0617
56,2,6,327644,0.0345
56,2,7,330764,0.0421
56,2,8,333884,0.0325
56,2,9,337005,0.0558
56,2,10,340125,0.0739
56,2,11,343246,0.0146
56,2,12,346366,0.0442
56,2,13,349487,0.0469
56,2,14,352607,0.0343
56,2,15,355727,0.0702
56,2,16,358848,0.0390
56,2,17,361968,0.0602
56,2,18,365089,0.0666
56,2,19,368209,0.0389
56,2,20,371329,0.0282
56,2,21,374450,0.0789
56,2,22,377570,0.0309
56,2,23,380691,0.0363
56,2,24,383811,0.0734
56,3,1,208028,0.0415
56,3,2,210108,0.0767
56,3,3,212188,0.0304
56,3,4,214269,0.0677
56,3,5,216349,0.0320
56,3,6,218429,0.0600
56,3,7,220509,0.0606
56,3,8,222590,0.0429
56,3,9,224670,0.0339
56,3,10,226750,0.0556
56,3,11,228830,0.0109
56,3,12,230911,0.0125
56,3,13,232991,0.0610
56,3,14,235071,0.0774
56,3,15,237152,0.0381
56,3,16,239232,0.0381
56,3,17,241312,0.0216
56,3,18,243392,0.0734
56,3,19,245473,0.0278
56,3,20,247553,0.0222
56,3,21,249633,0.0433
56,3,22,251713,0.0385
56,3,23,253794,0.0344
56,3,24,255874,0.0411
56,4,1,130017,0.0326
56,4,2,131317,0.0427
56,4,3,132618,0.0263
56,4,4,133918,0.0761
56,4,5,135218,0.0347
56,4,6,136518,0.0464
56,4,7,137818,0.0265
56,4,8,139119,0.0371
56,4,9,140419,0.0623
56,4,10,141719,0.0463
56,4,11,143019,0.0708
56,4,12,144319,0.0596
56,4,13,145619,0.0145
56,4,14,146920,0.0640
56,4,15,148220,0.0398
56,4,16,149520,0.0637
56,4,17,150820,0.0574
56,4,18,152120,0.0173
56,4,19,153420,0.0120
56,4,20,154721,0.0165
56,4,21,156021,0.0399
56,4,22,157321,0.0198
56,4,23,158621,0.0530
56,4,24,159921,0.0451
57,1,1,240875,0.0763
57,1,2,243284,0.0348
57,1,3,245693,0.0703
57,1,4,248102,0.0102
57,1,5,250510,0.0431
57,1,6,252919,0.0613
57,1,7,255328,0.0383
57,1,8,257737,0.0697
57,1,9,260145,0.0273
57,1,10,262554,0.0686
57,1,11,264963,0.0161
57,1,12,267372,0.0258
57,1,13,269780,0.0524
57,1,14,272189,0.0460
57,1,15,274598,0.0497
57,1,16,277007,0.0394
57,1,17,279415,0.0209
57,1,18,281824,0.0626
57,1,19,284233,0.0563
57,1,20,286642,0.0662
57,1,21,289050,0.0298
57,1,22,291459,0.0179
57,1,23,293868,0.0638
57,1,24,296277,0.0286
57,2,1,160584,0.0659
57,2,2,162189,0.0449
57,2,3,163795,0.0249
57,2,4,165401,0.0675
57,2,5,167007,0.0625
57,2,6,168613,0.0371
57,2,7,170219,0.0413
57,2,8,171824,0.0142
57,2,9,173430,0.0506
57,2,10,175036,0.0273
57,2,11,176642,0.0311
57,2,12,178248,0.0792
57,2,13,179854,0.0168
57,2,14,181459,0.0112
57,2,15,183065,0.0218
57,2,16,184671,0.0286
57,2,17,186277,0.0724
57,2,18,187883,0.0415
57,2,19,189489,0.0398
57,2,20,191094,0.0164
57,2,21,192700,0.0626
57,2,22,194306,0.0341
57,2,23,195912,0.0777
57,2,24,197518,0.0353
57,3,1,107056,0.0204
57,3,2,108126,0.0400
57,3,3,109197,0.0436
57,3,4,110267,0.0170
57,3,5,111338,0.0331
57,3,6,112409,0.0618
57,3,7,113479,0.0114
57,3,8,114550,0.0619
57,3,9,115620,0.0213
57,3,10,116691,0.0608
57,3,11,117761,0.0270
57,3,12,118832,0.0288
57,3,13,119902,0.0567
57,3,14,120973,0.0477
57,3,15,122044,0.0197
57,3,16,123114,0.0150
57,3,17,124185,0.0793
57,3,18,125255,0.0797
57,3,19,126326,0.0200
57,3,20,127396,0.0133
57,3,21,128467,0.0739
57,3,22,129537,0.0369
57,3,23,130608,0.0470
57,3,24,131679,0.0106
57,4,1,66910,0.0344
57,4,2,67579,0.0553
57,4,3,68248,0.0631
57,4,4,68917,0.0123
57,4,5,69586,0.0379
57,4,6,70255,0.0477
57,4,7,70924,0.0631
57,4,8,71594,0.0468
57,4,9,72263,0.0147
57,4,10,72932,0.0719
57,4,11,73601,0.0320
57,4,12,74270,0.0365
57,4,13,74939,0.0132
57,4,14,75608,0.0551
57,4,15,76277,0.0230
57,4,16,76946,0.0489
57,4,17,77615,0.0295
57,4,18,78284,0.0540
57,4,19,78954,0.0405
57,4,20,79623,0.0772
57,4,21,80292,0.0316
57,4,22,80961,0.0721
57,4,23,81630,0.0617
57,4,24,82299,0.0771
58,1,1,338840,0.0656
58,1,2,342228,0.0635
58,1,3,345617,0.0136
58,1,4,349005,0.0193
58,1,5,352394,0.0512
58,1,6,355782,0.0184
58,1,7,359170,0.0270
58,1,8,362559,0.0560
58,1,9,365947,0.0101
58,1,10,369336,0.0383
58,1,11,372724,0.0416
58,1,12,376112,0.0587
58,1,13,379501,0.0385
58,1,14,382889,0.0126
58,1,15,386278,0.0300
58,1,16,389666,0.0480
58,1,17,393054,0.0532
58,1,18,396443,0.0474
58,1,19,399831,0.0121
58,1,20,403220,0.0781
58,1,21,406608,0.0105
58,1,22,409996,0.0310
58,1,23,413385,0.0317
58,1,24,416773,0.0306
58,2,1,225893,0.0610
58,2,2,228152,0.0138
58,2,3,230411,0.0705
58,2,4,232670,0.0666
58,2,5,234929,0.0719
58,2,6,237188,0.0657
58,2,7,239447,0.0617
58,2,8,241706,0.0355
58,2,9,243965,0.0577
58,2,10,246224,0.0466
58,2,11,248483,0.0278
58,2,12,250742,0.0729
58,2,13,253001,0.0237
58,2,14,255259,0.0784
58,2,15,257518,0.0748
58,2,16,259777,0.0587
58,2,17,262036,0.0522
58,2,18,264295,0.0784
58,2,19,266554,0.0546
58,2,20,268813,0.0485
58,2,21,271072,0.0626
58,2,22,273331,0.0777
58,2,23,275590,0.0444
58,2,24,277849,0.0400
58,3,1,150596,0.0283
58,3,2,152102,0.0788
58,3,3,153607,0.0219
58,3,4,155113,0.0551
58,3,5,156619,0.0558
58,3,6,158125,0.0530
58,3,7,159631,0.0774
58,3,8,161137,0.0695
58,3,9,162643,0.0382
58,3,10,164149,0.0381
58,3,11,165655,0.0743
58,3,12,167161,0.0384
58,3,13,168667,0.0629
58,3,14,170173,0.0643
58,3,15,171679,0.0638
58,3,16,173185,0.0696
58,3,17,174691,0.0214
58,3,18,176197,0.0300
58,3,19,177703,0.0166
58,3,20,179209,0.0681
58,3,21,180715,0.0617
58,3,22,182221,0.0753
58,3,23,183727,0.0472
58,3,24,185233,0.0283
58,4,1,94122,0.0182
58,4,2,95063,0.0624
58,4,3,96005,0.0278
58,4,4,96946,0.0658
58,4,5,97887,0.0533
58,4,6,98828,0.0580
58,4,7,99770,0.0522
58,4,8,100711,0.0211
58,4,9,101652,0.0781
58,4,10,102593,0.0409
58,4,11,103534,0.0683
58,4,12,104476,0.0334
58,4,13,105417,0.0235
58,4,14,106358,0.0763
58,4,15,107299,0.0148
58,4,16,108241,0.0218
58,4,17,109182,0.0105
58,4,18,110123,0.0446
58,4,19,111064,0.0495
58,4,20,112005,0.0453
58,4,21,112947,0.0406
58,4,22,113888,0.0632
58,4,23,114829,0.0225
58,4,24,115770,0.0113
59,1,1,430223,0.0104
59,1,2,434526,0.0196
59,1,3,438828,0.0247
59,1,4,443130,0.0531
59,1,5,447432,0.0586
59,1,6,451735,0.0648
59,1,7,456037,0.0696
59,1,8,460339,0.0301
59,1,9,464641,0.0642
59,1,10,468944,0.0680
59,1,11,473246,0.0163
59,1,12,477548,0.0792
59,1,13,481850,0.0263
59,1,14,486152,0.0270
59,1,15,490455,0.0118
59,1,16,494757,0.0363
59,1,17,499059,0.0461
59,1,18,503361,0.0625
59,1,19,507664,0.0140
59,1,20,511966,0.0789
59,1,21,516268,0.0486
59,1,22,520570,0.0178
59,1,23,524873,0.0329
59,1,24,529175,0.0663
59,2,1,286816,0.0745
59,2,2,289684,0.0601
59,2,3,292552,0.0211
59,2,4,295420,0.0372
59,2,5,298288,0.0619
59,2,6,301156,0.0376
59,2,7,304025,0.0586
59,2,8,306893,0.0349
59,2,9,309761,0.0449
59,2,10,312629,0.0192
59,2,11,315497,0.0769
59,2,12,318365,0.0736
59,2,13,321233,0.0434
59,2,14,324102,0.0478
59,2,15,326970,0.0416
59,2,16,329838,0.0371
59,2,17,332706,0.0649
59,2,18,335574,0.0328
59,2,19,338442,0.0619
59,2,20,341311,0.0491
59,2,21,344179,0.0780
59,2,22,347047,0.0151
59,2,23,349915,0.0643
59,2,24,352783,0.0567
59,3,1,191210,0.0510
59,3,2,193123,0.0219
59,3,3,195035,0.0212
59,3,4,196947,0.0165
59,3,5,198859,0.0537
59,3,6,200771,0.0533
59,3,7,202683,0.0743
59,3,8,204595,0.0742
59,3,9,206507,0.0220
59,3,10,208419,0.0219
59,3,11,210331,0.0455
59,3,12,212244,0.0505
59,3,13,214156,0.0582
59,3,14,216068,0.0779
59,3,15,217980,0.0228
59,3,16,219892,0.0668
59,3,17,221804,0.0359
59,3,18,223716,0.0368
59,3,19,225628,0.0478
59,3,20,227540,0.0686
59,3,21,229452,0.0245
59,3,22,231365,0.0120
59,3,23,233277,0.0728
59,3,24,235189,0.0747
59,4,1,119507,0.0215
59,4,2,120702,0.0593
59,4,3,121897,0.0326
59,4,4,123092,0.0308
59,4,5,124287,0.0729
59,4,6,125482,0.0737
59,4,7,126677,0.0455
59,4,8,127872,0.0465
59,4,9,129067,0.0352
59,4,10,130262,0.0420
59,4,11,131457,0.0569
59,4,12,132652,0.0215
59,4,13,133847,0.0107
59,4,14,135042,0.0260
59,4,15,136237,0.0491
59,4,16,137432,0.0724
59,4,17,138628,0.0448
59,4,18,139823,0.0753
59,4,19,141018,0.0432
59,4,20,142213,0.0460
59,4,21,143408,0.0185
59,4,22,144603,0.0749
59,4,23,145798,0.0213
59,4,24,146993,0.0534
60,1,1,53248,0.0213
60,1,2,53781,0.0436
60,1,3,54313,0.0476
60,1,4,54845,0.0262
60,1,5,55378,0.0642
60,1,6,55910,0.0525
60,1,7,56443,0.0242
60,1,8,56975,0.0317
60,1,9,57508,0.0195
60,1,10,58040,0.0639
60,1,11,58573,0.0515
60,1,12,59105,0.0105
60,1,13,59638,0.0333
60,1,14,60170,0.0213
60,1,15,60703,0.0324
60,1,16,61235,0.0519
60,1,17,61768,0.0455
60,1,18,62300,0.0743
60,1,19,62833,0.0769
60,1,20,63365,0.0634
60,1,21,63898,0.0390
60,1,22,64430,0.0155
60,1,23,64963,0.0700
60,1,24,65495,0.0144
60,2,1,35499,0.0227
60,2,2,35854,0.0187
60,2,3,36209,0.0667
60,2,4,36564,0.0209
60,2,5,36919,0.0787
60,2,6,37274,0.0357
60,2,7,37629,0.0660
60,2,8,37984,0.0377
60,2,9,38339,0.0559
60,2,10,38694,0.0372
60,2,11,39049,0.0505
60,2,12,39404,0.0712
60,2,13,39759,0.0579
60,2,14,40114,0.0166
60,2,15,40469,0.0780
60,2,16,40824,0.0541
60,2,17,41178,0.0749
60,2,18,41533,0.0587
60,2,19,41888,0.0512
60,2,20,42243,0.0795
60,2,21,42598,0.0116
60,2,22,42953,0.0149
60,2,23,43308,0.0746
60,2,24,43663,0.0675
60,3,1,23666,0.0397
60,3,2,23902,0.0228
60,3,3,24139,0.0406
60,3,4,24376,0.0160
60,3,5,24612,0.0512
60,3,6,24849,0.0109
60,3,7,25086,0.0374
60,3,8,25322,0.0136
60,3,9,25559,0.0709
60,3,10,25796,0.0545
60,3,11,26032,0.0178
60,3,12,26269,0.0345
60,3,13,26506,0.0395
60,3,14,26742,0.0792
60,3,15,26979,0.0728
60,3,16,27216,0.0347
60,3,17,27452,0.0180
60,3,18,27689,0.0607
60,3,19,27926,0.0156
60,3,20,28162,0.0572
60,3,21,28399,0.0708
60,3,22,28636,0.0178
60,3,23,28872,0.0129
60,3,24,29109,0.0742
60,4,1,14791,0.0504
60,4,2,14939,0.0480
60,4,3,15087,0.0631
60,4,4,15235,0.0771
60,4,5,15383,0.0800
60,4,6,15531,0.0774
60,4,7,15679,0.0489
60,4,8,15827,0.0150
60,4,9,15974,0.0369
60,4,10,16122,0.0106
60,4,11,16270,0.0674
60,4,12,16418,0.0190
60,4,13,16566,0.0138
60,4,14,16714,0.0562
60,4,15,16862,0.0499
60,4,16,17010,0.0713
60,4,17,17158,0.0652
60,4,18,17306,0.0475
60,4,19,17454,0.0542
60,4,20,17601,0.0377
60,4,21,17749,0.0291
60,4,22,17897,0.0345
60,4,23,18045,0.0409
60,4,24,18193,0.0185
61,1,1,54220,0.0135
61,1,2,54762,0.0646
61,1,3,55304,0.0691
61,1,4,55846,0.0470
61,1,5,56388,0.0624
61,1,6,56930,0.0206
61,1,7,57473,0.0671
61,1,8,58015,0.0597
61,1,9,58557,0.0434
61,1,10,59099,0.0444
61,1,11,59641,0.0256
61,1,12,60184,0.0567
61,1,13,60726,0.0267
61,1,14,61268,0.0708
61,1,15,61810,0.0583
61,1,16,62352,0.0416
61,1,17,62895,0.0500
61,1,18,63437,0.0267
61,1,19,63979,0.0467
61,1,20,64521,0.0381
61,1,21,65063,0.0717
61,1,22,65606,0.0254
61,1,23,66148,0.0250
61,1,24,66690,0.0527
61,2,1,36146,0.0366
61,2,2,36508,0.0524
61,2,3,36869,0.0612
61,2,4,37231,0.0570
61,2,5,37592,0.0372
61,2,6,37954,0.0452
61,2,7,38315,0.0704
61,2,8,38677,0.0112
61,2,9,39038,0.0153
61,2,10,39400,0.0401
61,2,11,39761,0.0779
61,2,12,40122,0.0536
61,2,13,40484,0.0582
61,2,14,40845,0.0244
61,2,15,41207,0.0515
61,2,16,41568,0.0759
61,2,17,41930,0.0779
61,2,18,42291,0.0383
61,2,19,42653,0.0666
61,2,20,43014,0.0152
61,2,21,43376,0.0244
61,2,22,43737,0.0493
61,2,23,44099,0.0346
61,2,24,44460,0.0325
61,3,1,24098,0.0625
61,3,2,24339,0.0581
61,3,3,24580,0.0188
61,3,4,24820,0.0638
61,3,5,25061,0.0589
61,3,6,25302,0.0141
61,3,7,25543,0.0707
61,3,8,25784,0.0771
61,3,9,26025,0.0763
61,3,10,26266,0.0575
61,3,11,26507,0.0229
61,3,12,26748,0.0182
61,3,13,26989,0.0609
61,3,14,27230,0.0397
61,3,15,27471,0.0729
61,3,16,27712,0.0349
61,3,17,27953,0.0195
61,3,18,28194,0.0311
61,3,19,28435,0.0430
61,3,20,28676,0.0216
61,3,21,28917,0.0370
61,3,22,29158,0.0205
61,3,23,29399,0.0179
61,3,24,29640,0.0642
61,4,1,15061,0.0529
61,4,2,15212,0.0536
61,4,3,15362,0.0402
61,4,4,15513,0.0681
61,4,5,15663,0.0327
61,4,6,15814,0.0649
61,4,7,15965,0.0626
61,4,8,16115,0.0617
61,4,9,16266,0.0457
61,4,10,16416,0.0172
61,4,11,16567,0.0106
61,4,12,16718,0.0600
61,4,13,16868,0.0499
61,4,14,17019,0.0452
61,4,15,17170,0.0599
61,4,16,17320,0.0766
61,4,17,17471,0.0640
61,4,18,17621,0.0306
61,4,19,17772,0.0751
61,4,20,17923,0.0523
61,4,21,18073,0.0318
61,4,22,18224,0.0146
61,4,23,18374,0.0458
61,4,24,18525,0.0735
62,1,1,110004,0.0709
62,1,2,111104,0.0625
62,1,3,112204,0.0778
62,1,4,113304,0.0612
62,1,5,114404,0.0367
62,1,6,115504,0.0410
62,1,7,116604,0.0355
62,1,8,117704,0.0613
62,1,9,118804,0.0205
62,1,10,119904,0.0495
62,1,11,121004,0.0672
62,1,12,122104,0.0582
62,1,13,123204,0.0345
62,1,14,124304,0.0172
62,1,15,125404,0.0220
62,1,16,126504,0.0166
62,1,17,127604,0.0118
62,1,18,128704,0.0243
62,1,19,129804,0.0412
62,1,20,130904,0.0142
62,1,21,132004,0.0621
62,1,22,133104,0.0389
62,1,23,134204,0.0488
62,1,24,135305,0.0668
62,2,1,73336,0.0419
62,2,2,74069,0.0117
62,2,3,74802,0.0326
62,2,4,75536,0.0433
62,2,5,76269,0.0644
62,2,6,77003,0.0620
62,2,7,77736,0.0767
62,2,8,78469,0.0194
62,2,9,79203,0.0326
62,2,10,79936,0.0596
62,2,11,80669,0.0332
62,2,12,81403,0.0161
62,2,13,82136,0.0165
62,2,14,82869,0.0676
62,2,15,83603,0.0221
62,2,16,84336,0.0449
62,2,17,85070,0.0695
62,2,18,85803,0.0222
62,2,19,86536,0.0142
62,2,20,87270,0.0258
62,2,21,88003,0.0743
62,2,22,88736,0.0115
62,2,23,89470,0.0535
62,2,24,90203,0.0256
62,3,1,48891,0.0567
62,3,2,49379,0.0712
62,3,3,49868,0.0596
62,3,4,50357,0.0231
62,3,5,50846,0.0622
62,3,6,51335,0.0371
62,3,7,51824,0.0569
62,3,8,52313,0.0430
62,3,9,52802,0.0214
62,3,10,53291,0.0698
62,3,11,53780,0.0244
62,3,12,54268,0.0358
62,3,13,54757,0.0389
62,3,14,55246,0.0663
62,3,15,55735,0.0345
62,3,16,56224,0.0248
62,3,17,56713,0.0222
62,3,18,57202,0.0279
62,3,19,57691,0.0771
62,3,20,58180,0.0763
62,3,21,58669,0.0349
62,3,22,59158,0.0706
62,3,23,59646,0.0410
62,3,24,60135,0.0574
62,4,1,30557,0.0779
62,4,2,30862,0.0309
62,4,3,31168,0.0503
62,4,4,31473,0.0454
62,4,5,31779,0.0375
62,4,6,32084,0.0596
62,4,7,32390,0.0443
62,4,8,32696,0.0769
62,4,9,33001,0.0691
62,4,10,33307,0.0200
62,4,11,33612,0.0126
62,4,12,33918,0.0509
62,4,13,34223,0.0650
62,4,14,34529,0.0487
62,4,15,34834,0.0261
62,4,16,35140,0.0493
62,4,17,35446,0.0327
62,4,18,35751,0.0631
62,4,19,36057,0.0531
62,4,20,36362,0.0140
62,4,21,36668,0.0118
62,4,22,36973,0.0288
62,4,23,37279,0.0344
62,4,24,37585,0.0602
63,1,1,386010,0.0259
63,1,2,389870,0.0649
63,1,3,393730,0.0167
63,1,4,397590,0.0292
63,1,5,401450,0.0177
63,1,6,405310,0.0154
63,1,7,409170,0.0555
63,1,8,413030,0.0235
63,1,9,416890,0.0424
63,1,10,420750,0.0625
63,1,11,424611,0.0418
63,1,12,428471,0.0393
63,1,13,432331,0.0783
63,1,14,436191,0.0248
63,1,15,440051,0.0553
63,1,16,443911,0.0209
63,1,17,447771,0.0217
63,1,18,451631,0.0145
63,1,19,455491,0.0231
63,1,20,459351,0.0704
63,1,21,463211,0.0574
63,1,22,467072,0.0424
63,1,23,470932,0.0237
63,1,24,474792,0.0695
63,2,1,257340,0.0683
63,2,2,259913,0.0520
63,2,3,262486,0.0160
63,2,4,265060,0.0521
63,2,5,267633,0.0457
63,2,6,270207,0.0286
63,2,7,272780,0.0114
63,2,8,275353,0.0184
63,2,9,277927,0.0585
63,2,10,280500,0.0380
63,2,11,283074,0.0267
63,2,12,285647,0.0226
63,2,13,288220,0.0172
63,2,14,290794,0.0188
63,2,15,293367,0.0652
63,2,16,295941,0.0232
63,2,17,298514,0.0271
63,2,18,301087,0.0243
63,2,19,303661,0.0169
63,2,20,306234,0.0425
63,2,21,308808,0.0613
63,2,22,311381,0.0625
63,2,23,313954,0.0656
63,2,24,316528,0.0338
63,3,1,171560,0.0439
63,3,2,173275,0.0553
63,3,3,174991,0.0198
63,3,4,176707,0.0231
63,3,5,178422,0.0257
63,3,6,180138,0.0167
63,3,7,181853,0.0208
63,3,8,183569,0.0114
63,3,9,185285,0.0150
63,3,10,187000,0.0624
63,3,11,188716,0.0683
63,3,12,190431,0.0550
63,3,13,192147,0.0512
63,3,14,193863,0.0795
63,3,15,195578,0.0101
63,3,16,197294,0.0433
63,3,17,199009,0.0603
63,3,18,200725,0.0680
63,3,19,202441,0.0754
63,3,20,204156,0.0614
63,3,21,205872,0.0541
63,3,22,207587,0.0352
63,3,23,209303,0.0366
63,3,24,211019,0.0205
63,4,1,107225,0.0747
63,4,2,108297,0.0403
63,4,3,109369,0.0408
63,4,4,110442,0.0192
63,4,5,111514,0.0513
63,4,6,112586,0.0575
63,4,7,113658,0.0595
63,4,8,114731,0.0619
63,4,9,115803,0.0297
63,4,10,116875,0.0479
63,4,11,117947,0.0415
63,4,12,119020,0.0574
63,4,13,120092,0.0546
63,4,14,121164,0.0514
63,4,15,122236,0.0550
63,4,16,123309,0.0670
63,4,17,124381,0.0704
63,4,18,125453,0.0472
63,4,19,126525,0.0361
63,4,20,127598,0.0295
63,4,21,128670,0.0765
63,4,22,129742,0.0486
63,4,23,130814,0.0465
63,4,24,131887,0.0611
64,1,1,518687,0.0520
64,1,2,523874,0.0125
64,1,3,529061,0.0190
64,1,4,534248,0.0541
64,1,5,539434,0.0144
64,1,6,544621,0.0419
64,1,7,549808,0.0308
64,1,8,554995,0.0312
64,1,9,560182,0.0795
64,1,10,565369,0.0493
64,1,11,570556,0.0702
64,1,12,575743,0.0163
64,1,13,580929,0.0799
64,1,14,586116,0.0727
64,1,15,591303,0.0498
64,1,16,596490,0.0751
64,1,17,601677,0.0760
64,1,18,606864,0.0120
64,1,19,612051,0.0365
64,1,20,617238,0.0229
64,1,21,622424,0.0126
64,1,22,627611,0.0270
64,1,23,632798,0.0267
64,1,24,637985,0.0215
64,2,1,345791,0.0158
64,2,2,349249,0.0158
64,2,3,352707,0.0502
64,2,4,356165,0.0349
64,2,5,359623,0.0128
64,2,6,363081,0.0543
64,2,7,366539,0.0705
64,2,8,369997,0.0728
64,2,9,373455,0.0644
64,2,10,376913,0.0211
64,2,11,380370,0.0485
64,2,12,383828,0.0607
64,2,13,387286,0.0712
64,2,14,390744,0.0454
64,2,15,394202,0.0435
64,2,16,397660,0.0166
64,2,17,401118,0.0418
64,2,18,404576,0.0710
64,2,19,408034,0.0528
64,2,20,411492,0.0244
64,2,21,414950,0.0179
64,2,22,418408,0.0439
64,2,23,421865,0.0136
64,2,24,425323,0.0138
64,3,1,230528,0.0527
64,3,2,232833,0.0318
64,3,3,235138,0.0439
64,3,4,237443,0.0719
64,3,5,239749,0.0107
64,3,6,242054,0.0659
64,3,7,244359,0.0400
64,3,8,246664,0.0506
64,3,9,248970,0.0735
64,3,10,251275,0.0175
64,3,11,253580,0.0221
64,3,12,255886,0.0346
64,3,13,258191,0.0361
64,3,14,260496,0.0692
64,3,15,262801,0.0580
64,3,16,265107,0.0577
64,3,17,267412,0.0410
64,3,18,269717,0.0291
64,3,19,272023,0.0743
64,3,20,274328,0.0433
64,3,21,276633,0.0414
64,3,22,278938,0.0587
64,3,23,281244,0.0483
64,3,24,283549,0.0642
64,4,1,144080,0.0663
64,4,2,145521,0.0315
64,4,3,146961,0.0588
64,4,4,148402,0.0349
64,4,5,149843,0.0753
64,4,6,151284,0.0164
64,4,7,152725,0.0483
64,4,8,154165,0.0245
64,4,9,155606,0.0244
64,4,10,157047,0.0144
64,4,11,158488,0.0252
64,4,12,159928,0.0508
64,4,13,161369,0.0269
64,4,14,162810,0.0595
64,4,15,164251,0.0793
64,4,16,165692,0.0186
64,4,17,167132,0.0696
64,4,18,168573,0.0627
64,4,19,170014,0.0629
64,4,20,171455,0.0633
64,4,21,172896,0.0734
64,4,22,174336,0.0118
64,4,23,175777,0.0504
64,4,24,177218,0.0599
65,1,1,354056,0.0306
65,1,2,357597,0.0612
65,1,3,361138,0.0122
65,1,4,364678,0.0713
65,1,5,368219,0.0767
65,1,6,371759,0.0455
65,1,7,375300,0.0237
65,1,8,378840,0.0639
65,1,9,382381,0.0264
65,1,10,385921,0.0686
65,1,11,389462,0.0471
65,1,12,393003,0.0378
65,1,13,396543,0.0158
65,1,14,400084,0.0619
65,1,15,403624,0.0708
65,1,16,407165,0.0154
65,1,17,410705,0.0347
65,1,18,414246,0.0376
65,1,19,417787,0.0662
65,1,20,421327,0.0369
65,1,21,424868,0.0195
65,1,22,428408,0.0731
65,1,23,431949,0.0479
65,1,24,435489,0.0235
65,2,1,236038,0.0715
65,2,2,238398,0.0222
65,2,3,240758,0.0194
65,2,4,243119,0.0592
65,2,5,245479,0.0636
65,2,6,247839,0.0766
65,2,7,250200,0.0390
65,2,8,252560,0.0240
65,2,9,254921,0.0198
65,2,10,257281,0.0288
65,2,11,259641,0.0246
65,2,12,262002,0.0666
65,2,13,264362,0.0799
65,2,14,266722,0.0565
65,2,15,269083,0.0123
65,2,16,271443,0.0225
65,2,17,273804,0.0759
65,2,18,276164,0.0796
65,2,19,278524,0.0324
65,2,20,280885,0.0418
65,2,21,283245,0.0191
65,2,22,285605,0.0281
65,2,23,287966,0.0149
65,2,24,290326,0.0485
65,3,1,157358,0.0454
65,3,2,158932,0.0574
65,3,3,160506,0.0506
65,3,4,162079,0.0723
65,3,5,163653,0.0780
65,3,6,165226,0.0266
65,3,7,166800,0.0441
65,3,8,168373,0.0584
65,3,9,169947,0.0796
65,3,10,171521,0.0681
65,3,11,173094,0.0417
65,3,12,174668,0.0693
65,3,13,176241,0.0621
65,3,14,177815,0.0165
65,3,15,179389,0.0489
65,3,16,180962,0.0563
65,3,17,182536,0.0551
65,3,18,184109,0.0649
65,3,19,185683,0.0234
65,3,20,187256,0.0183
65,3,21,188830,0.0269
65,3,22,190404,0.0514
65,3,23,191977,0.0607
65,3,24,193551,0.0221
65,4,1,98349,0.0725
65,4,2,99332,0.0706
65,4,3,100316,0.0446
65,4,4,101299,0.0338
65,4,5,102283,0.0490
65,4,6,103266,0.0333
65,4,7,104250,0.0236
65,4,8,105233,0.0698
65,4,9,106217,0.0485
65,4,10,107200,0.0342
65,4,11,108184,0.0548
65,4,12,109167,0.0670
65,4,13,110151,0.0608
65,4,14,111134,0.0431
65,4,15,112118,0.0577
65,4,16,113101,0.0639
65,4,17,114085,0.0382
65,4,18,115068,0.0759
65,4,19,116052,0.0795
65,4,20,117035,0.0262
65,4,21,118019,0.0675
65,4,22,119002,0.0227
65,4,23,119986,0.0390
65,4,24,120969,0.0248
66,1,1,212872,0.0283
66,1,2,215000,0.0665
66,1,3,217129,0.0737
66,1,4,219258,0.0501
66,1,5,221387,0.0191
66,1,6,223515,0.0109
66,1,7,225644,0.0656
66,1,8,227773,0.0579
66,1,9,229902,0.0637
66,1,10,232030,0.0277
66,1,11,234159,0.0222
66,1,12,236288,0.0303
66,1,13,238416,0.0508
66,1,14,240545,0.0443
66,1,15,242674,0.0787
66,1,16,244803,0.0394
66,1,17,246931,0.0635
66,1,18,249060,0.0477
66,1,19,251189,0.0488
66,1,20,253317,0.0649
66,1,21,255446,0.0743
66,1,22,257575,0.0561
66,1,23,259704,0.0669
66,1,24,261832,0.0765
66,2,1,141915,0.0610
66,2,2,143334,0.0767
66,2,3,144753,0.0482
66,2,4,146172,0.0267
66,2,5,147591,0.0285
66,2,6,149010,0.0269
66,2,7,150429,0.0435
66,2,8,151849,0.0358
66,2,9,153268,0.0721
66,2,10,154687,0.0369
66,2,11,156106,0.0245
66,2,12,157525,0.0670
66,2,13,158944,0.0194
66,2,14,160363,0.0681
66,2,15,161783,0.0522
66,2,16,163202,0.0643
66,2,17,164621,0.0224
66,2,18,166040,0.0714
66,2,19,167459,0.0278
66,2,20,168878,0.0257
66,2,21,170297,0.0737
66,2,22,171717,0.0729
66,2,23,173136,0.0301
66,2,24,174555,0.0148
66,3,1,94610,0.0704
66,3,2,95556,0.0341
66,3,3,96502,0.0800
66,3,4,97448,0.0434
66,3,5,98394,0.0754
66,3,6,99340,0.0220
66,3,7,100286,0.0106
66,3,8,101232,0.0651
66,3,9,102178,0.0195
66,3,10,103125,0.0212
66,3,11,104071,0.0462
66,3,12,105017,0.0239
66,3,13,105963,0.0746
66,3,14,106909,0.0579
66,3,15,107855,0.0149
66,3,16,108801,0.0533
66,3,17,109747,0.0516
66,3,18,110693,0.0638
66,3,19,111639,0.0525
66,3,20,112586,0.0638
66,3,21,113532,0.0655
66,3,22,114478,0.0463
66,3,23,115424,0.0799
66,3,24,116370,0.0445
66,4,1,59131,0.0188
66,4,2,59722,0.0701
66,4,3,60314,0.0353
66,4,4,60905,0.0568
66,4,5,61496,0.0712
66,4,6,62088,0.0190
66,4,7,62679,0.0525
66,4,8,63270,0.0682
66,4,9,63862,0.0113
66,4,10,64453,0.0555
66,4,11,65044,0.0773
66,4,12,65635,0.0488
66,4,13,66227,0.0248
66,4,14,66818,0.0749
66,4,15,67409,0.0478
66,4,16,68001,0.0637
66,4,17,68592,0.0408
66,4,18,69183,0.0250
66,4,19,69775,0.0290
66,4,20,70366,0.0221
66,4,21,70957,0.0263
66,4,22,71549,0.0726
66,4,23,72140,0.0191
66,4,24,72731,0.0281
67,1,1,540839,0.0379
67,1,2,546248,0.0777
67,1,3,551656,0.0475
67,1,4,557065,0.0504
67,1,5,562473,0.0596
67,1,6,567881,0.0354
67,1,7,573290,0.0528
67,1,8,578698,0.0587
67,1,9,584107,0.0784
67,1,10,589515,0.0658
67,1,11,594923,0.0545
67,1,12,600332,0.0550
67,1,13,605740,0.0762
67,1,14,611149,0.0523
67,1,15,616557,0.0415
67,1,16,621965,0.0123
67,1,17,627374,0.0566
67,1,18,632782,0.0700
67,1,19,638191,0.0355
67,1,20,643599,0.0595
67,1,21,649007,0.0264
67,1,22,654416,0.0660
67,1,23,659824,0.0457
67,1,24,665232,0.0128
67,2,1,360560,0.0597
67,2,2,364165,0.0183
67,2,3,367771,0.0522
67,2,4,371376,0.0790
67,2,5,374982,0.0596
67,2,6,378588,0.0377
67,2,7,382193,0.0481
67,2,8,385799,0.0310
67,2,9,389404,0.0632
67,2,10,393010,0.0259
67,2,11,396616,0.0326
67,2,12,400221,0.0469
67,2,13,403827,0.0241
67,2,14,407432,0.0320
67,2,15,411038,0.0736
67,2,16,414644,0.0119
67,2,17,418249,0.0218
67,2,18,421855,0.0426
67,2,19,425460,0.0262
67,2,20,429066,0.0115
67,2,21,432672,0.0610
67,2,22,436277,0.0211
67,2,23,439883,0.0140
67,2,24,443488,0.0676
67,3,1,240373,0.0347
67,3,2,242777,0.0583
67,3,3,245181,0.0387
67,3,4,247584,0.0237
67,3,5,249988,0.0393
67,3,6,252392,0.0725
67,3,7,254795,0.0721
67,3,8,257199,0.0390
67,3,9,259603,0.0708
67,3,10,262007,0.0621
67,3,11,264410,0.0598
67,3,12,266814,0.0594
67,3,13,269218,0.0216
67,3,14,271622,0.0630
67,3,15,274025,0.0235
67,3,16,276429,0.0128
67,3,17,278833,0.0691
67,3,18,281237,0.0630
67,3,19,283640,0.0142
67,3,20,286044,0.0790
67,3,21,288448,0.0757
67,3,22,290851,0.0374
67,3,23,293255,0.0630
67,3,24,295659,0.0795
67,4,1,150233,0.0547
67,4,2,151736,0.0165
67,4,3,153238,0.0268
67,4,4,154740,0.0117
67,4,5,156243,0.0777
67,4,6,157745,0.0294
67,4,7,159247,0.0664
67,4,8,160749,0.0220
67,4,9,162252,0.0142
67,4,10,163754,0.0130
67,4,11,165256,0.0510
67,4,12,166759,0.0765
67,4,13,168261,0.0260
67,4,14,169763,0.0691
67,4,15,171266,0.0265
67,4,16,172768,0.0180
67,4,17,174270,0.0599
67,4,18,175773,0.0371
67,4,19,177275,0.0525
67,4,20,178777,0.0705
67,4,21,180280,0.0453
67,4,22,181782,0.0437
67,4,23,183284,0.0530
67,4,24,184787,0.0449
68,1,1,444232,0.0404
68,1,2,448674,0.0505
68,1,3,453116,0.0221
68,1,4,457559,0.0279
68,1,5,462001,0.0667
68,1,6,466443,0.0366
68,1,7,470886,0.0675
68,1,8,475328,0.0459
68,1,9,479770,0.0247
68,1,10,484213,0.0297
68,1,11,488655,0.0291
68,1,12,493097,0.0656
68,1,13,497540,0.0594
68,1,14,501982,0.0127
68,1,15,506424,0.0107
68,1,16,510867,0.0663
68,1,17,515309,0.0153
68,1,18,519751,0.0514
68,1,19,524194,0.0661
68,1,20,528636,0.0732
68,1,21,533078,0.0117
68,1,22,537520,0.0378
68,1,23,541963,0.0172
68,1,24,546405,0.0195
68,2,1,296155,0.0708
68,2,2,299116,0.0517
68,2,3,302078,0.0122
68,2,4,305039,0.0793
68,2,5,308001,0.0607
68,2,6,310962,0.0232
68,2,7,313924,0.0436
68,2,8,316885,0.0606
68,2,9,319847,0.0199
68,2,10,322808,0.0201
68,2,11,325770,0.0191
68,2,12,328732,0.0672
68,2,13,331693,0.0449
68,2,14,334655,0.0257
68,2,15,337616,0.0613
68,2,16,340578,0.0742
68,2,17,343539,0.0445
68,2,18,346501,0.0211
68,2,19,349462,0.0767
68,2,20,352424,0.0648
68,2,21,355385,0.0140
68,2,22,358347,0.0566
68,2,23,361309,0.0492
68,2,24,364270,0.0631
68,3,1,197436,0.0130
68,3,2,199411,0.0271
68,3,3,201385,0.0547
68,3,4,203359,0.0228
68,3,5,205334,0.0231
68,3,6,207308,0.0661
68,3,7,209283,0.0755
68,3,8,211257,0.0153
68,3,9,213231,0.0152
68,3,10,215206,0.0717
68,3,11,217180,0.0680
68,3,12,219154,0.0594
68,3,13,221129,0.0363
68,3,14,223103,0.0102
68,3,15,225077,0.0547
68,3,16,227052,0.0220
68,3,17,229026,0.0265
68,3,18,231001,0.0115
68,3,19,232975,0.0351
68,3,20,234949,0.0245
68,3,21,236924,0.0252
68,3,22,238898,0.0196
68,3,23,240872,0.0444
68,3,24,242847,0.0370
68,4,1,123398,0.0527
68,4,2,124632,0.0403
68,4,3,125866,0.0169
68,4,4,127100,0.0761
68,4,5,128334,0.0634
68,4,6,129568,0.0410
68,4,7,130802,0.0266
68,4,8,132036,0.0247
68,4,9,133270,0.0763
68,4,10,134504,0.0779
68,4,11,135737,0.0627
68,4,12,136971,0.0155
68,4,13,138205,0.0369
68,4,14,139439,0.0340
68,4,15,140673,0.0794
68,4,16,141907,0.0173
68,4,17,143141,0.0592
68,4,18,144375,0.0539
68,4,19,145609,0.0753
68,4,20,146843,0.0579
68,4,21,148077,0.0737
68,4,22,149311,0.0581
68,4,23,150545,0.0642
68,4,24,151779,0.0556
69,1,1,57292,0.0751
69,1,2,57864,0.0264
69,1,3,58437,0.0715
69,1,4,59010,0.0457
69,1,5,59583,0.0272
69,1,6,60156,0.0244
69,1,7,60729,0.0596
69,1,8,61302,0.0186
69,1,9,61875,0.0620
69,1,10,62448,0.0634
69,1,11,63021,0.0757
69,1,12,63594,0.0250
69,1,13,64167,0.0106
69,1,14,64739,0.0305
69,1,15,65312,0.0232
69,1,16,65885,0.0313
69,1,17,66458,0.0291
69,1,18,67031,0.0760
69,1,19,67604,0.0652
69,1,20,68177,0.0573
69,1,21,68750,0.0151
69,1,22,69323,0.0559
69,1,23,69896,0.0289
69,1,24,70469,0.0746
69,2,1,38194,0.0411
69,2,2,38576,0.0139
69,2,3,38958,0.0669
69,2,4,39340,0.0583
69,2,5,39722,0.0650
69,2,6,40104,0.0489
69,2,7,40486,0.0549
69,2,8,40868,0.0157
69,2,9,41250,0.0588
69,2,10,41632,0.0263
69,2,11,42014,0.0629
69,2,12,42396,0.0764
69,2,13,42778,0.0710
69,2,14,43160,0.0220
69,2,15,43542,0.0437
69,2,16,43924,0.0706
69,2,17,44305,0.0640
69,2,18,44687,0.0280
69,2,19,45069,0.0174
69,2,20,45451,0.0272
69,2,21,45833,0.0560
69,2,22,46215,0.0707
69,2,23,46597,0.0339
69,2,24,46979,0.0646
69,3,1,25463,0.0404
69,3,2,25718,0.0506
69,3,3,25972,0.0400
69,3,4,26227,0.0743
69,3,5,26481,0.0237
69,3,6,26736,0.0214
69,3,7,26991,0.0158
69,3,8,27245,0.0130
69,3,9,27500,0.0277
69,3,10,27755,0.0712
69,3,11,28009,0.0771
69,3,12,28264,0.0169
69,3,13,28518,0.0332
69,3,14,28773,0.0787
69,3,15,29028,0.0689
69,3,16,29282,0.0392
69,3,17,29537,0.0128
69,3,18,29792,0.0422
69,3,19,30046,0.0212
69,3,20,30301,0.0242
69,3,21,30556,0.0149
69,3,22,30810,0.0357
69,3,23,31065,0.0729
69,3,24,31319,0.0195
69,4,1,15914,0.0687
69,4,2,16073,0.0614
69,4,3,16233,0.0593
69,4,4,16392,0.0469
69,4,5,16551,0.0534
69,4,6,16710,0.0203
69,4,7,16869,0.0444
69,4,8,17028,0.0777
69,4,9,17187,0.0223
69,4,10,17347,0.0571
69,4,11,17506,0.0470
69,4,12,17665,0.0553
69,4,13,17824,0.0129
69,4,14,17983,0.0373
69,4,15,18142,0.0635
69,4,16,18301,0.0442
69,4,17,18461,0.0719
69,4,18,18620,0.0472
69,4,19,18779,0.0439
69,4,20,18938,0.0296
69,4,21,19097,0.0364
69,4,22,19256,0.0264
69,4,23,19415,0.0429
69,4,24,19575,0.0335
70,1,1,32412,0.0765
70,1,2,32736,0.0284
70,1,3,33060,0.0498
70,1,4,33384,0.0711
70,1,5,33708,0.0779
70,1,6,34032,0.0601
70,1,7,34356,0.0563
70,1,8,34680,0.0283
70,1,9,35005,0.0609
70,1,10,35329,0.0446
70,1,11,35653,0.0393
70,1,12,35977,0.0499
70,1,13,36301,0.0187
70,1,14,36625,0.0773
70,1,15,36949,0.0287
70,1,16,37273,0.0589
70,1,17,37597,0.0146
70,1,18,37922,0.0324
70,1,19,38246,0.0735
70,1,20,38570,0.0557
70,1,21,38894,0.0498
70,1,22,39218,0.0760
70,1,23,39542,0.0576
70,1,24,39866,0.0724
70,2,1,21608,0.0610
70,2,2,21824,0.0183
70,2,3,22040,0.0341
70,2,4,22256,0.0447
70,2,5,22472,0.0254
70,2,6,22688,0.0109
70,2,7,22904,0.0560
70,2,8,23120,0.0136
70,2,9,23336,0.0662
70,2,10,23552,0.0759
70,2,11,23769,0.0263
70,2,12,23985,0.0402
70,2,13,24201,0.0142
70,2,14,24417,0.0215
70,2,15,24633,0.0171
70,2,16,24849,0.0648
70,2,17,25065,0.0181
70,2,18,25281,0.0403
70,2,19,25497,0.0588
70,2,20,25713,0.0771
70,2,21,25929,0.0566
70,2,22,26145,0.0733
70,2,23,26361,0.0327
70,2,24,26578,0.0760
70,3,1,14405,0.0657
70,3,2,14549,0.0664
70,3,3,14693,0.0114
70,3,4,14837,0.0705
70,3,5,14981,0.0233
70,3,6,15125,0.0742
70,3,7,15269,0.0309
70,3,8,15414,0.0432
70,3,9,15558,0.0682
70,3,10,15702,0.0254
70,3,11,15846,0.0736
70,3,12,15990,0.0415
70,3,13,16134,0.0751
70,3,14,16278,0.0755
70,3,15,16422,0.0592
70,3,16,16566,0.0673
70,3,17,16710,0.0369
70,3,18,16854,0.0245
70,3,19,16998,0.0634
70,3,20,17142,0.0682
70,3,21,17286,0.0534
70,3,22,17430,0.0581
70,3,23,17574,0.0508
70,3,24,17718,0.0126
70,4,1,9003,0.0652
70,4,2,9093,0.0571
70,4,3,9183,0.0145
70,4,4,9273,0.0682
70,4,5,9363,0.0302
70,4,6,9453,0.0481
70,4,7,9543,0.0466
70,4,8,9633,0.0252
70,4,9,9723,0.0626
70,4,10,9814,0.0294
70,4,11,9904,0.0691
70,4,12,9994,0.0768
70,4,13,10084,0.0431
70,4,14,10174,0.0230
70,4,15,10264,0.0250
70,4,16,10354,0.0621
70,4,17,10444,0.0499
70,4,18,10534,0.0616
70,4,19,10624,0.0605
70,4,20,10714,0.0296
70,4,21,10804,0.0172
70,4,22,10894,0.0608
70,4,23,10984,0.0757
70,4,24,11074,0.0351
71,1,1,528834,0.0491
71,1,2,534123,0.0109
71,1,3,539411,0.0650
71,1,4,544699,0.0711
71,1,5,549988,0.0362
71,1,6,555276,0.0634
71,1,7,560564,0.0593
71,1,8,565853,0.0445
71,1,9,571141,0.0232
71,1,10,576430,0.0387
71,1,11,581718,0.0733
71,1,12,587006,0.0661
71,1,13,592295,0.0577
71,1,14,597583,0.0634
71,1,15,602871,0.0385
71,1,16,608160,0.0185
71,1,17,613448,0.0397
71,1,18,618736,0.0733
71,1,19,624025,0.0547
71,1,20,629313,0.0723
71,1,21,634601,0.0305
71,1,22,639890,0.0355
71,1,23,645178,0.0193
71,1,24,650466,0.0490
71,2,1,352556,0.0693
71,2,2,356082,0.0604
71,2,3,359607,0.0394
71,2,4,363133,0.0500
71,2,5,366659,0.0340
71,2,6,370184,0.0724
71,2,7,373710,0.0743
71,2,8,377235,0.0352
71,2,9,380761,0.0615
71,2,10,384286,0.0404
71,2,11,387812,0.0602
71,2,12,391337,0.0364
71,2,13,394863,0.0304
71,2,14,398389,0.0211
71,2,15,401914,0.0333
71,2,16,405440,0.0420
71,2,17,408965,0.0580
71,2,18,412491,0.0727
71,2,19,416016,0.0624
71,2,20,419542,0.0339
71,2,21,423068,0.0750
71,2,22,426593,0.0110
71,2,23,430119,0.0108
71,2,24,433644,0.0394
71,3,1,235038,0.0492
71,3,2,237388,0.0493
71,3,3,239738,0.0619
71,3,4,242089,0.0271
71,3,5,244439,0.0514
71,3,6,246789,0.0219
71,3,7,249140,0.0435
71,3,8,251490,0.0326
71,3,9,253841,0.0181
71,3,10,256191,0.0759
71,3,11,258541,0.0710
71,3,12,260892,0.0436
71,3,13,263242,0.0392
71,3,14,265592,0.0452
71,3,15,267943,0.0410
71,3,16,270293,0.0745
71,3,17,272644,0.0208
71,3,18,274994,0.0636
71,3,19,277344,0.0677
71,3,20,279695,0.0124
71,3,21,282045,0.0635
71,3,22,284395,0.0784
71,3,23,286746,0.0563
71,3,24,289096,0.0400
71,4,1,146898,0.0280
71,4,2,148367,0.0554
71,4,3,149836,0.0413
71,4,4,151305,0.0453
71,4,5,152774,0.0751
71,4,6,154243,0.0224
71,4,7,155712,0.0548
71,4,8,157181,0.0474
71,4,9,158650,0.0357
71,4,10,160119,0.0382
71,4,11,161588,0.0243
71,4,12,163057,0.0288
71,4,13,164526,0.0248
71,4,14,165995,0.0126
71,4,15,167464,0.0253
71,4,16,168933,0.0264
71,4,17,170402,0.0602
71,4,18,171871,0.0201
71,4,19,173340,0.0713
71,4,20,174809,0.0204
71,4,21,176278,0.0126
71,4,22,177747,0.0692
71,4,23,179216,0.0289
71,4,24,180685,0.0719
72,1,1,385587,0.0235
72,1,2,389443,0.0118
72,1,3,393299,0.0460
72,1,4,397155,0.0173
72,1,5,401011,0.0689
72,1,6,404867,0.0321
72,1,7,408723,0.0509
72,1,8,412578,0.0654
72,1,9,416434,0.0339
72,1,10,420290,0.0129
72,1,11,424146,0.0142
72,1,12,428002,0.0660
72,1,13,431858,0.0793
72,1,14,435714,0.0800
72,1,15,439569,0.0582
72,1,16,443425,0.0231
72,1,17,447281,0.0668
72,1,18,451137,0.0376
72,1,19,454993,0.0708
72,1,20,458849,0.0380
72,1,21,462705,0.0518
72,1,22,466561,0.0138
72,1,23,470416,0.0517
72,1,24,474272,0.0526
72,2,1,257058,0.0253
72,2,2,259629,0.0269
72,2,3,262199,0.0726
72,2,4,264770,0.0390
72,2,5,267341,0.0768
72,2,6,269911,0.0540
72,2,7,272482,0.0622
72,2,8,275052,0.0776
72,2,9,277623,0.0486
72,2,10,280193,0.0705
72,2,11,282764,0.0461
72,2,12,285335,0.0681
72,2,13,287905,0.0352
72,2,14,290476,0.0520
72,2,15,293046,0.0560
72,2,16,295617,0.0410
72,2,17,298187,0.0673
72,2,18,300758,0.0386
72,2,19,303329,0.0319
72,2,20,305899,0.0323
72,2,21,308470,0.0541
72,2,22,311040,0.0279
72,2,23,313611,0.0427
72,2,24,316182,0.0290
72,3,1,171372,0.0460
72,3,2,173086,0.0189
72,3,3,174800,0.0750
72,3,4,176513,0.0632
72,3,5,178227,0.0272
72,3,6,179941,0.0236
72,3,7,181654,0.0784
72,3,8,183368,0.0421
72,3,9,185082,0.0611
72,3,10,186796,0.0237
72,3,11,188509,0.0380
72,3,12,190223,0.0625
72,3,13,191937,0.0679
72,3,14,193650,0.0799
72,3,15,195364,0.0255
72,3,16,197078,0.0556
72,3,17,198792,0.0560
72,3,18,200505,0.0703
72,3,19,202219,0.0771
72,3,20,203933,0.0375
72,3,21,205647,0.0350
72,3,22,207360,0.0177
72,3,23,209074,0.0484
72,3,24,210788,0.0471
72,4,1,107108,0.0740
72,4,2,108179,0.0741
72,4,3,109250,0.0774
72,4,4,110321,0.0491
72,4,5,111392,0.0358
72,4,6,112463,0.0159
72,4,7,113534,0.0555
72,4,8,114605,0.0374
72,4,9,115676,0.0797
72,4,10,116747,0.0370
72,4,11,117818,0.0414
72,4,12,118889,0.0284
72,4,13,119960,0.0139
72,4,14,121032,0.0238
72,4,15,122103,0.0193
72,4,16,123174,0.0750
72,4,17,124245,0.0682
72,4,18,125316,0.0155
72,4,19,126387,0.0698
72,4,20,127458,0.0107
72,4,21,128529,0.0726
72,4,22,129600,0.0650
72,4,23,130671,0.0338
72,4,24,131742,0.0686
73,1,1,340083,0.0193
73,1,2,343483,0.0340
73,1,3,346884,0.0624
73,1,4,350285,0.0579
73,1,5,353686,0.0335
73,1,6,357087,0.0493
73,1,7,360488,0.0595
73,1,8,363888,0.0162
73,1,9,367289,0.0357
73,1,10,370690,0.0245
73,1,11,374091,0.0580
73,1,12,377492,0.0729
73,1,13,380892,0.0286
73,1,14,384293,0.0448
73,1,15,387694,0.0422
73,1,16,391095,0.0714
73,1,17,394496,0.0795
73,1,18,397897,0.0191
73,1,19,401297,0.0251
73,1,20,404698,0.0126
73,1,21,408099,0.0348
73,1,22,411500,0.0545
73,1,23,414901,0.0634
73,1,24,418302,0.0119
73,2,1,226722,0.0161
73,2,2,228989,0.0143
73,2,3,231256,0.0496
73,2,4,233523,0.0195
73,2,5,235791,0.0232
73,2,6,238058,0.0405
73,2,7,240325,0.0198
73,2,8,242592,0.0104
73,2,9,244859,0.0471
73,2,10,247127,0.0520
73,2,11,249394,0.0707
73,2,12,251661,0.0800
73,2,13,253928,0.0317
73,2,14,256196,0.0189
73,2,15,258463,0.0578
73,2,16,260730,0.0324
73,2,17,262997,0.0574
73,2,18,265264,0.0473
73,2,19,267532,0.0427
73,2,20,269799,0.0496
73,2,21,272066,0.0700
73,2,22,274333,0.0795
73,2,23,276600,0.0763
73,2,24,278868,0.0377
73,3,1,151148,0.0129
73,3,2,152659,0.0292
73,3,3,154171,0.0508
73,3,4,155682,0.0539
73,3,5,157194,0.0752
73,3,6,158705,0.0446
73,3,7,160217,0.0503
73,3,8,161728,0.0634
73,3,9,163240,0.0483
73,3,10,164751,0.0366
73,3,11,166263,0.0298
73,3,12,167774,0.0313
73,3,13,169286,0.0626
73,3,14,170797,0.0201
73,3,15,172308,0.0123
73,3,16,173820,0.0776
73,3,17,175331,0.0388
73,3,18,176843,0.0290
73,3,19,178354,0.0582
73,3,20,179866,0.0599
73,3,21,181377,0.0256
73,3,22,182889,0.0140
73,3,23,184400,0.0413
73,3,24,185912,0.0727
73,4,1,94467,0.0759
73,4,2,95412,0.0234
73,4,3,96357,0.0253
73,4,4,97301,0.0608
73,4,5,98246,0.0167
73,4,6,99191,0.0215
73,4,7,100135,0.0420
73,4,8,101080,0.0660
73,4,9,102025,0.0202
73,4,10,102969,0.0171
73,4,11,103914,0.0668
73,4,12,104859,0.0464
73,4,13,105803,0.0682
73,4,14,106748,0.0338
73,4,15,107693,0.0184
73,4,16,108637,0.0710
73,4,17,109582,0.0115
73,4,18,110527,0.0633
73,4,19,111472,0.0127
73,4,20,112416,0.0710
73,4,21,113361,0.0479
73,4,22,114306,0.0313
73,4,23,115250,0.0377
73,4,24,116195,0.0303
74,1,1,2302,0.0504
74,1,2,2325,0.0454
74,1,3,2348,0.0273
74,1,4,2371,0.0111
74,1,5,2394,0.0350
74,1,6,2417,0.0675
74,1,7,2440,0.0666
74,1,8,2463,0.0408
74,1,9,2486,0.0620
74,1,10,2509,0.0579
74,1,11,2532,0.0255
74,1,12,2555,0.0579
74,1,13,2578,0.0122
74,1,14,2601,0.0731
74,1,15,2624,0.0760
74,1,16,2647,0.0682
74,1,17,2670,0.0655
74,1,18,2693,0.0241
74,1,19,2716,0.0144
74,1,20,2739,0.0311
74,1,21,2762,0.0604
74,1,22,2785,0.0709
74,1,23,2808,0.0286
74,1,24,2831,0.0508
74,2,1,1535,0.0777
74,2,2,1550,0.0372
74,2,3,1565,0.0113
74,2,4,1581,0.0205
74,2,5,1596,0.0259
74,2,6,1611,0.0488
74,2,7,1627,0.0227
74,2,8,1642,0.0563
74,2,9,1657,0.0185
74,2,10,1673,0.0306
74,2,11,1688,0.0685
74,2,12,1703,0.0663
74,2,13,1719,0.0238
74,2,14,1734,0.0583
74,2,15,1749,0.0580
74,2,16,1765,0.0423
74,2,17,1780,0.0433
74,2,18,1795,0.0668
74,2,19,1811,0.0132
74,2,20,1826,0.0151
74,2,21,1841,0.0437
74,2,22,1857,0.0145
74,2,23,1872,0.0442
74,2,24,1887,0.0164
74,3,1,1023,0.0173
74,3,2,1033,0.0400
74,3,3,1043,0.0348
74,3,4,1054,0.0593
74,3,5,1064,0.0145
74,3,6,1074,0.0312
74,3,7,1084,0.0435
74,3,8,1095,0.0792
74,3,9,1105,0.0363
74,3,10,1115,0.0391
74,3,11,1125,0.0457
74,3,12,1136,0.0777
74,3,13,1146,0.0725
74,3,14,1156,0.0621
74,3,15,1166,0.0519
74,3,16,1176,0.0668
74,3,17,1187,0.0799
74,3,18,1197,0.0417
74,3,19,1207,0.0128
74,3,20,1217,0.0423
74,3,21,1228,0.0276
74,3,22,1238,0.0599
74,3,23,1248,0.0552
74,3,24,1258,0.0598
74,4,1,639,0.0534
74,4,2,646,0.0780
74,4,3,652,0.0600
74,4,4,659,0.0150
74,4,5,665,0.0549
74,4,6,671,0.0697
74,4,7,678,0.0696
74,4,8,684,0.0768
74,4,9,691,0.0459
74,4,10,697,0.0239
74,4,11,703,0.0130
74,4,12,710,0.0397
74,4,13,716,0.0711
74,4,14,722,0.0557
74,4,15,729,0.0758
74,4,16,735,0.0573
74,4,17,742,0.0496
74,4,18,748,0.0681
74,4,19,754,0.0145
74,4,20,761,0.0163
74,4,21,767,0.0668
74,4,22,774,0.0360
74,4,23,780,0.0633
74,4,24,786,0.0296
75,1,1,69911,0.0596
75,1,2,70610,0.0154
75,1,3,71309,0.0452
75,1,4,72008,0.0223
75,1,5,72707,0.0315
75,1,6,73406,0.0162
75,1,7,74105,0.0273
75,1,8,74804,0.0519
75,1,9,75503,0.0672
75,1,10,76203,0.0251
75,1,11,76902,0.0179
75,1,12,77601,0.0154
75,1,13,78300,0.0260
75,1,14,78999,0.0785
75,1,15,79698,0.0344
75,1,16,80397,0.0328
75,1,17,81096,0.0762
75,1,18,81795,0.0375
75,1,19,82494,0.0333
75,1,20,83194,0.0122
75,1,21,83893,0.0374
75,1,22,84592,0.0153
75,1,23,85291,0.0590
75,1,24,85990,0.0652
75,2,1,46607,0.0648
75,2,2,47073,0.0283
75,2,3,47539,0.0426
75,2,4,48005,0.0683
75,2,5,48471,0.0162
75,2,6,48937,0.0624
75,2,7,49403,0.0331
75,2,8,49870,0.0364
75,2,9,50336,0.0634
75,2,10,50802,0.0535
75,2,11,51268,0.0561
75,2,12,51734,0.0337
75,2,13,52200,0.0772
75,2,14,52666,0.0452
75,2,15,53132,0.0122
75,2,16,53598,0.0136
75,2,17,54064,0.0356
75,2,18,54530,0.0482
75,2,19,54996,0.0316
75,2,20,55462,0.0405
75,2,21,55928,0.0475
75,2,22,56395,0.0162
75,2,23,56861,0.0522
75,2,24,57327,0.0157
75,3,1,31071,0.0652
75,3,2,31382,0.0152
75,3,3,31693,0.0675
75,3,4,32004,0.0545
75,3,5,32314,0.0466
75,3,6,32625,0.0435
75,3,7,32936,0.0738
75,3,8,33246,0.0160
75,3,9,33557,0.0356
75,3,10,33868,0.0423
75,3,11,34178,0.0771
75,3,12,34489,0.0425
75,3,13,34800,0.0179
75,3,14,35111,0.0506
75,3,15,35421,0.0178
75,3,16,35732,0.0295
75,3,17,36043,0.0794
75,3,18,36353,0.0486
75,3,19,36664,0.0483
75,3,20,36975,0.0160
75,3,21,37286,0.0452
75,3,22,37596,0.0250
75,3,23,37907,0.0740
75,3,24,38218,0.0129
75,4,1,19420,0.0516
75,4,2,19614,0.0510
75,4,3,19808,0.0596
75,4,4,20002,0.0578
75,4,5,20196,0.0344
75,4,6,20391,0.0204
75,4,7,20585,0.0495
75,4,8,20779,0.0311
75,4,9,20973,0.0477
75,4,10,21167,0.0408
75,4,11,21362,0.0673
75,4,12,21556,0.0310
75,4,13,21750,0.0578
75,4,14,21944,0.0376
75,4,15,22138,0.0424
75,4,16,22333,0.0266
75,4,17,22527,0.0702
75,4,18,22721,0.0184
75,4,19,22915,0.0665
75,4,20,23109,0.0182
75,4,21,23304,0.0736
75,4,22,23498,0.0665
75,4,23,23692,0.0635
75,4,24,23886,0.0775
76,1,1,341298,0.0132
76,1,2,344711,0.0765
76,1,3,348124,0.0420
76,1,4,351537,0.0358
76,1,5,354950,0.0367
76,1,6,358363,0.0400
76,1,7,361776,0.0598
76,1,8,365189,0.0725
76,1,9,368602,0.0452
76,1,10,372015,0.0754
76,1,11,375428,0.0383
76,1,12,378841,0.0400
76,1,13,382254,0.0397
76,1,14,385667,0.0206
76,1,15,389080,0.0564
76,1,16,392493,0.0438
76,1,17,395906,0.0402
76,1,18,399319,0.0313
76,1,19,402732,0.0118
76,1,20,406145,0.0175
76,1,21,409558,0.0711
76,1,22,412971,0.0629
76,1,23,416384,0.0675
76,1,24,419797,0.0525
76,2,1,227532,0.0210
76,2,2,229808,0.0798
76,2,3,232083,0.0602
76,2,4,234358,0.0791
76,2,5,236634,0.0185
76,2,6,238909,0.0790
76,2,7,241184,0.0515
76,2,8,243459,0.0112
76,2,9,245735,0.0631
76,2,10,248010,0.0543
76,2,11,250285,0.0664
76,2,12,252561,0.0635
76,2,13,254836,0.0148
76,2,14,257111,0.0693
76,2,15,259387,0.0224
76,2,16,261662,0.0671
76,2,17,263937,0.0461
76,2,18,266213,0.0274
76,2,19,268488,0.0476
76,2,20,270763,0.0454
76,2,21,273039,0.0231
76,2,22,275314,0.0717
76,2,23,277589,0.0682
76,2,24,279865,0.0276
76,3,1,151688,0.0552
76,3,2,153205,0.0196
76,3,3,154722,0.0250
76,3,4,156239,0.0681
76,3,5,157756,0.0424
76,3,6,159273,0.0551
76,3,7,160789,0.0683
76,3,8,162306,0.0386
76,3,9,163823,0.0300
76,3,10,165340,0.0354
76,3,11,166857,0.0674
76,3,12,168374,0.0478
76,3,13,169891,0.0146
76,3,14,171408,0.0645
76,3,15,172925,0.0731
76,3,16,174441,0.0542
76,3,17,175958,0.0298
76,3,18,177475,0.0328
76,3,19,178992,0.0525
76,3,20,180509,0.0247
76,3,21,182026,0.0320
76,3,22,183543,0.0199
76,3,23,185060,0.0585
76,3,24,186576,0.0405
76,4,1,94805,0.0632
76,4,2,95753,0.0584
76,4,3,96701,0.0743
76,4,4,97649,0.0233
76,4,5,98597,0.0766
76,4,6,99545,0.0284
76,4,7,100493,0.0370
76,4,8,101441,0.0791
76,4,9,102390,0.0205
76,4,10,103338,0.0743
76,4,11,104286,0.0575
76,4,12,105234,0.0383
76,4,13,106182,0.0188
76,4,14,107130,0.0346
76,4,15,108078,0.0780
76,4,16,109026,0.0598
76,4,17,109974,0.0706
76,4,18,110922,0.0717
76,4,19,111870,0.0398
76,4,20,112818,0.0472
76,4,21,113766,0.0107
76,4,22,114714,0.0141
76,4,23,115662,0.0777
76,4,24,116610,0.0398
77,1,1,415410,0.0622
77,1,2,419564,0.0335
77,1,3,423718,0.0243
77,1,4,427872,0.0694
77,1,5,432027,0.0783
77,1,6,436181,0.0731
77,1,7,440335,0.0432
77,1,8,444489,0.0322
77,1,9,448643,0.0139
77,1,10,452797,0.0537
77,1,11,456951,0.0627
77,1,12,461105,0.0798
77,1,13,465259,0.0482
77,1,14,469413,0.0497
77,1,15,473568,0.0342
77,1,16,477722,0.0567
77,1,17,481876,0.0345
77,1,18,486030,0.0258
77,1,19,490184,0.0453
77,1,20,494338,0.0342
77,1,21,498492,0.0722
77,1,22,502646,0.0226
77,1,23,506800,0.0202
77,1,24,510954,0.0702
77,2,1,276940,0.0612
77,2,2,279709,0.0144
77,2,3,282479,0.0607
77,2,4,285248,0.0190
77,2,5,288018,0.0588
77,2,6,290787,0.0214
77,2,7,293556,0.0595
77,2,8,296326,0.0450
77,2,9,299095,0.0520
77,2,10,301865,0.0257
77,2,11,304634,0.0161
77,2,12,307403,0.0583
77,2,13,310173,0.0321
77,2,14,312942,0.0174
77,2,15,315712,0.0633
77,2,16,318481,0.0206
77,2,17,321250,0.0385
77,2,18,324020,0.0625
77,2,19,326789,0.0642
77,2,20,329559,0.0124
77,2,21,332328,0.0542
77,2,22,335097,0.0555
77,2,23,337867,0.0172
77,2,24,340636,0.0114
77,3,1,184627,0.0395
77,3,2,186473,0.0313
77,3,3,188319,0.0106
77,3,4,190166,0.0168
77,3,5,192012,0.0492
77,3,6,193858,0.0177
77,3,7,195704,0.0180
77,3,8,197551,0.0481
77,3,9,199397,0.0683
77,3,10,201243,0.0272
77,3,11,203089,0.0225
77,3,12,204936,0.0421
77,3,13,206782,0.0760
77,3,14,208628,0.0677
77,3,15,210474,0.0641
77,3,16,212321,0.0629
77,3,17,214167,0.0793
77,3,18,216013,0.0151
77,3,19,217860,0.0349
77,3,20,219706,0.0196
77,3,21,221552,0.0444
77,3,22,223398,0.0598
77,3,23,225245,0.0155
77,3,24,227091,0.0464
77,4,1,115392,0.0740
77,4,2,116546,0.0332
77,4,3,117700,0.0711
77,4,4,118853,0.0169
77,4,5,120007,0.0594
77,4,6,121161,0.0143
77,4,7,122315,0.0414
77,4,8,123469,0.0255
77,4,9,124623,0.0354
77,4,10,125777,0.0491
77,4,11,126931,0.0543
77,4,12,128085,0.0258
77,4,13,129239,0.0635
77,4,14,130393,0.0662
77,4,15,131547,0.0504
77,4,16,132700,0.0326
77,4,17,133854,0.0609
77,4,18,135008,0.0179
77,4,19,136162,0.0421
77,4,20,137316,0.0508
77,4,21,138470,0.0495
77,4,22,139624,0.0523
77,4,23,140778,0.0158
77,4,24,141932,0.0479
78,1,1,511806,0.0191
78,1,2,516924,0.0128
78,1,3,522042,0.0263
78,1,4,527160,0.0632
78,1,5,532278,0.0537
78,1,6,537396,0.0483
78,1,7,542514,0.0602
78,1,8,547632,0.0175
78,1,9,552751,0.0765
78,1,10,557869,0.0399
78,1,11,562987,0.0682
78,1,12,568105,0.0159
78,1,13,573223,0.0490
78,1,14,578341,0.0128
78,1,15,583459,0.0577
78,1,16,588577,0.0787
78,1,17,593695,0.0377
78,1,18,598813,0.0683
78,1,19,603931,0.0476
78,1,20,609049,0.0370
78,1,21,614167,0.0494
78,1,22,619285,0.0770
78,1,23,624403,0.0384
78,1,24,629521,0.0316
78,2,1,341204,0.0712
78,2,2,344616,0.0467
78,2,3,348028,0.0420
78,2,4,351440,0.0619
78,2,5,354852,0.0409
78,2,6,358264,0.0400
78,2,7,361676,0.0711
78,2,8,365088,0.0540
78,2,9,368500,0.0393
78,2,10,371912,0.0307
78,2,11,375324,0.0463
78,2,12,378736,0.0582
78,2,13,382149,0.0512
78,2,14,385561,0.0153
78,2,15,388973,0.0129
78,2,16,392385,0.0509
78,2,17,395797,0.0292
78,2,18,399209,0.0346
78,2,19,402621,0.0397
78,2,20,406033,0.0350
78,2,21,409445,0.0767
78,2,22,412857,0.0216
78,2,23,416269,0.0289
78,2,24,419681,0.0658
78,3,1,227469,0.0784
78,3,2,229744,0.0450
78,3,3,232019,0.0510
78,3,4,234293,0.0398
78,3,5,236568,0.0335
78,3,6,238843,0.0452
78,3,7,241118,0.0248
78,3,8,243392,0.0678
78,3,9,245667,0.0271
78,3,10,247942,0.0240
78,3,11,250216,0.0170
78,3,12,252491,0.0232
78,3,13,254766,0.0288
78,3,14,257040,0.0281
78,3,15,259315,0.0217
78,3,16,261590,0.0782
78,3,17,263864,0.0230
78,3,18,266139,0.0280
78,3,19,268414,0.0456
78,3,20,270689,0.0542
78,3,21,272963,0.0153
78,3,22,275238,0.0770
78,3,23,277513,0.0196
78,3,24,279787,0.0143
78,4,1,142168,0.0287
78,4,2,143590,0.0748
78,4,3,145012,0.0492
78,4,4,146433,0.0731
78,4,5,147855,0.0347
78,4,6,149277,0.0259
78,4,7,150698,0.0405
78,4,8,152120,0.0267
78,4,9,153542,0.0778
78,4,10,154964,0.0177
78,4,11,156385,0.0762
78,4,12,157807,0.0716
78,4,13,159229,0.0505
78,4,14,160650,0.0147
78,4,15,162072,0.0596
78,4,16,163494,0.0185
78,4,17,164915,0.0176
78,4,18,166337,0.0264
78,4,19,167759,0.0290
78,4,20,169180,0.0160
78,4,21,170602,0.0466
78,4,22,172024,0.0301
78,4,23,173445,0.0712
78,4,24,174867,0.0743
79,1,1,231450,0.0183
79,1,2,233764,0.0256
79,1,3,236079,0.0353
79,1,4,238393,0.0539
79,1,5,240708,0.0340
79,1,6,243022,0.0136
79,1,7,245337,0.0370
79,1,8,247651,0.0431
79,1,9,249966,0.0459
79,1,10,252280,0.0719
79,1,11,254595,0.0746
79,1,12,256909,0.0141
79,1,13,259224,0.0749
79,1,14,261538,0.0792
79,1,15,263853,0.0741
79,1,16,266167,0.0575
79,1,17,268482,0.0246
79,1,18,270796,0.0599
79,1,19,273111,0.0604
79,1,20,275425,0.0222
79,1,21,277740,0.0291
79,1,22,280054,0.0250
79,1,23,282369,0.0406
79,1,24,284683,0.0382
79,2,1,154300,0.0429
79,2,2,155843,0.0696
79,2,3,157386,0.0138
79,2,4,158929,0.0312
79,2,5,160472,0.0124
79,2,6,162015,0.0407
79,2,7,163558,0.0494
79,2,8,165101,0.0340
79,2,9,166644,0.0419
79,2,10,168187,0.0534
79,2,11,169730,0.0135
79,2,12,171273,0.0452
79,2,13,172816,0.0190
79,2,14,174359,0.0418
79,2,15,175902,0.0383
79,2,16,177445,0.0776
79,2,17,178988,0.0236
79,2,18,180531,0.0736
79,2,19,182074,0.0249
79,2,20,183617,0.0559
79,2,21,185160,0.0286
79,2,22,186703,0.0310
79,2,23,188246,0.0380
79,2,24,189789,0.0247
79,3,1,102867,0.0795
79,3,2,103895,0.0510
79,3,3,104924,0.0228
79,3,4,105953,0.0542
79,3,5,106981,0.0200
79,3,6,108010,0.0130
79,3,7,109039,0.0561
79,3,8,110067,0.0308
79,3,9,111096,0.0619
79,3,10,112125,0.0412
79,3,11,113153,0.0439
79,3,12,114182,0.0338
79,3,13,115211,0.0704
79,3,14,116239,0.0315
79,3,15,117268,0.0293
79,3,16,118297,0.0653
79,3,17,119325,0.0341
79,3,18,120354,0.0381
79,3,19,121383,0.0733
79,3,20,122411,0.0626
79,3,21,123440,0.0455
79,3,22,124469,0.0697
79,3,23,125497,0.0584
79,3,24,126526,0.0692
79,4,1,64292,0.0489
79,4,2,64935,0.0363
79,4,3,65577,0.0628
79,4,4,66220,0.0276
79,4,5,66863,0.0528
79,4,6,67506,0.0726
79,4,7,68149,0.0524
79,4,8,68792,0.0419
79,4,9,69435,0.0338
79,4,10,70078,0.0359
79,4,11,70721,0.0287
79,4,12,71364,0.0232
79,4,13,72007,0.0751
79,4,14,72650,0.0219
79,4,15,73292,0.0214
79,4,16,73935,0.0140
79,4,17,74578,0.0200
79,4,18,75221,0.0298
79,4,19,75864,0.0720
79,4,20,76507,0.0657
79,4,21,77150,0.0617
79,4,22,77793,0.0356
79,4,23,78436,0.0281
79,4,24,79079,0.0516
80,1,1,160482,0.0156
80,1,2,162087,0.0757
80,1,3,163692,0.0489
80,1,4,165297,0.0580
80,1,5,166901,0.0399
80,1,6,168506,0.0659
80,1,7,170111,0.0737
80,1,8,171716,0.0188
80,1,9,173321,0.0620
80,1,10,174925,0.0564
80,1,11,176530,0.0466
80,1,12,178135,0.0488
80,1,13,179740,0.0546
80,1,14,181345,0.0461
80,1,15,182950,0.0726
80,1,16,184554,0.0458
80,1,17,186159,0.0209
80,1,18,187764,0.0167
80,1,19,189369,0.0476
80,1,20,190974,0.0474
80,1,21,192578,0.0305
80,1,22,194183,0.0516
80,1,23,195788,0.0744
80,1,24,197393,0.0660
80,2,1,106988,0.0244
80,2,2,108058,0.0646
80,2,3,109128,0.0672
80,2,4,110198,0.0172
80,2,5,111268,0.0615
80,2,6,112337,0.0602
80,2,7,113407,0.0622
80,2,8,114477,0.0359
80,2,9,115547,0.0691
80,2,10,116617,0.0722
80,2,11,117687,0.0757
80,2,12,118757,0.0594
80,2,13,119827,0.0362
80,2,14,120896,0.0599
80,2,15,121966,0.0473
80,2,16,123036,0.0237
80,2,17,124106,0.0496
80,2,18,125176,0.0678
80,2,19,126246,0.0745
80,2,20,127316,0.0172
80,2,21,128386,0.0320
80,2,22,129456,0.0332
80,2,23,130525,0.0493
80,2,24,131595,0.0334
80,3,1,71325,0.0653
80,3,2,72039,0.0156
80,3,3,72752,0.0392
80,3,4,73465,0.0421
80,3,5,74178,0.0377
80,3,6,74892,0.0233
80,3,7,75605,0.0799
80,3,8,76318,0.0433
80,3,9,77031,0.0793
80,3,10,77745,0.0421
80,3,11,78458,0.0187
80,3,12,79171,0.0708
80,3,13,79884,0.0774
80,3,14,80598,0.0110
80,3,15,81311,0.0784
80,3,16,82024,0.0413
80,3,17,82737,0.0355
80,3,18,83451,0.0690
80,3,19,84164,0.0798
80,3,20,84877,0.0739
80,3,21,85590,0.0585
80,3,22,86304,0.0713
80,3,23,87017,0.0132
80,3,24,87730,0.0289
80,4,1,44578,0.0331
80,4,2,45024,0.0145
80,4,3,45470,0.0547
80,4,4,45916,0.0791
80,4,5,46361,0.0642
80,4,6,46807,0.0660
80,4,7,47253,0.0632
80,4,8,47699,0.0287
80,4,9,48145,0.0393
80,4,10,48590,0.0536
80,4,11,49036,0.0665
80,4,12,49482,0.0258
80,4,13,49928,0.0582
80,4,14,50374,0.0755
80,4,15,50819,0.0303
80,4,16,51265,0.0553
80,4,17,51711,0.0184
80,4,18,52157,0.0616
80,4,19,52602,0.0252
80,4,20,53048,0.0279
80,4,21,53494,0.0466
80,4,22,53940,0.0369
80,4,23,54386,0.0482
80,4,24,54831,0.0342
81,1,1,106710,0.0118
81,1,2,107778,0.0160
81,1,3,108845,0.0726
81,1,4,109912,0.0762
81,1,5,110979,0.0140
81,1,6,112046,0.0184
81,1,7,113113,0.0609
81,1,8,114180,0.0121
81,1,9,115247,0.0262
81,1,10,116314,0.0577
81,1,11,117382,0.0736
81,1,12,118449,0.0169
81,1,13,119516,0.0584
81,1,14,120583,0.0116
81,1,15,121650,0.0265
81,1,16,122717,0.0556
81,1,17,123784,0.0361
81,1,18,124851,0.0457
81,1,19,125918,0.0563
81,1,20,126985,0.0277
81,1,21,128053,0.0256
81,1,22,129120,0.0129
81,1,23,130187,0.0418
81,1,24,131254,0.0298
81,2,1,71140,0.0347
81,2,2,71852,0.0584
81,2,3,72563,0.0513
81,2,4,73275,0.0773
81,2,5,73986,0.0326
81,2,6,74697,0.0549
81,2,7,75409,0.0521
81,2,8,76120,0.0253
81,2,9,76832,0.0750
81,2,10,77543,0.0735
81,2,11,78254,0.0613
81,2,12,78966,0.0442
81,2,13,79677,0.0790
81,2,14,80389,0.0720
81,2,15,81100,0.0480
81,2,16,81811,0.0396
81,2,17,82523,0.0478
81,2,18,83234,0.0167
81,2,19,83946,0.0654
81,2,20,84657,0.0449
81,2,21,85368,0.0490
81,2,22,86080,0.0306
81,2,23,86791,0.0189
81,2,24,87503,0.0395
81,3,1,47427,0.0583
81,3,2,47901,0.0240
81,3,3,48375,0.0289
81,3,4,48850,0.0778
81,3,5,49324,0.0412
81,3,6,49798,0.0694
81,3,7,50272,0.0677
81,3,8,50747,0.0100
81,3,9,51221,0.0767
81,3,10,51695,0.0445
81,3,11,52170,0.0758
81,3,12,52644,0.0203
81,3,13,53118,0.0701
81,3,14,53592,0.0354
81,3,15,54067,0.0105
81,3,16,54541,0.0214
81,3,17,55015,0.0506
81,3,18,55489,0.0762
81,3,19,55964,0.0780
81,3,20,56438,0.0614
81,3,21,56912,0.0183
81,3,22,57387,0.0343
81,3,23,57861,0.0289
81,3,24,58335,0.0284
81,4,1,29642,0.0373
81,4,2,29938,0.0748
81,4,3,30235,0.0506
81,4,4,30531,0.0772
81,4,5,30827,0.0279
81,4,6,31124,0.0325
81,4,7,31420,0.0323
81,4,8,31717,0.0342
81,4,9,32013,0.0785
81,4,10,32310,0.0619
81,4,11,32606,0.0450
81,4,12,32902,0.0289
81,4,13,33199,0.0334
81,4,14,33495,0.0209
81,4,15,33792,0.0386
81,4,16,34088,0.0481
81,4,17,34384,0.0295
81,4,18,34681,0.0409
81,4,19,34977,0.0440
81,4,20,35274,0.0221
81,4,21,35570,0.0745
81,4,22,35867,0.0697
81,4,23,36163,0.0779
81,4,24,36459,0.0134
82,1,1,50757,0.0723
82,1,2,51264,0.0347
82,1,3,51772,0.0800
82,1,4,52279,0.0580
82,1,5,52787,0.0224
82,1,6,53295,0.0412
82,1,7,53802,0.0166
82,1,8,54310,0.0740
82,1,9,54817,0.0353
82,1,10,55325,0.0629
82,1,11,55832,0.0756
82,1,12,56340,0.0761
82,1,13,56848,0.0610
82,1,14,57355,0.0426
82,1,15,57863,0.0621
82,1,16,58370,0.0425
82,1,17,58878,0.0632
82,1,18,59385,0.0216
82,1,19,59893,0.0568
82,1,20,60401,0.0593
82,1,21,60908,0.0296
82,1,22,61416,0.0457
82,1,23,61923,0.0234
82,1,24,62431,0.0717
82,2,1,33838,0.0110
82,2,2,34176,0.0676
82,2,3,34515,0.0110
82,2,4,34853,0.0714
82,2,5,35191,0.0434
82,2,6,35530,0.0731
82,2,7,35868,0.0658
82,2,8,36206,0.0501
82,2,9,36545,0.0209
82,2,10,36883,0.0669
82,2,11,37222,0.0642
82,2,12,37560,0.0772
82,2,13,37898,0.0763
82,2,14,38237,0.0627
82,2,15,38575,0.0716
82,2,16,38914,0.0575
82,2,17,39252,0.0650
82,2,18,39590,0.0540
82,2,19,39929,0.0124
82,2,20,40267,0.0248
82,2,21,40605,0.0131
82,2,22,40944,0.0453
82,2,23,41282,0.0160
82,2,24,41621,0.0265
82,3,1,22559,0.0382
82,3,2,22784,0.0139
82,3,3,23010,0.0150
82,3,4,23235,0.0328
82,3,5,23461,0.0700
82,3,6,23686,0.0217
82,3,7,23912,0.0590
82,3,8,24138,0.0185
82,3,9,24363,0.0585
82,3,10,24589,0.0659
82,3,11,24814,0.0144
82,3,12,25040,0.0779
82,3,13,25266,0.0487
82,3,14,25491,0.0355
82,3,15,25717,0.0216
82,3,16,25942,0.0797
82,3,17,26168,0.0554
82,3,18,26394,0.0551
82,3,19,26619,0.0217
82,3,20,26845,0.0763
82,3,21,27070,0.0366
82,3,22,27296,0.0795
82,3,23,27521,0.0698
82,3,24,27747,0.0473
82,4,1,14099,0.0778
82,4,2,14240,0.0668
82,4,3,14381,0.0319
82,4,4,14522,0.0796
82,4,5,14663,0.0696
82,4,6,14804,0.0195
82,4,7,14945,0.0176
82,4,8,15086,0.0724
82,4,9,15227,0.0799
82,4,10,15368,0.0486
82,4,11,15509,0.0792
82,4,12,15650,0.0779
82,4,13,15791,0.0744
82,4,14,15932,0.0495
82,4,15,16073,0.0235
82,4,16,16214,0.0762
82,4,17,16355,0.0717
82,4,18,16496,0.0337
82,4,19,16637,0.0613
82,4,20,16778,0.0171
82,4,21,16919,0.0638
82,4,22,17060,0.0416
82,4,23,17201,0.0110
82,4,24,17342,0.0771
83,1,1,472302,0.0165
83,1,2,477025,0.0226
83,1,3,481748,0.0608
83,1,4,486471,0.0494
83,1,5,491194,0.0568
83,1,6,495917,0.0574
83,1,7,500640,0.0616
83,1,8,505363,0.0586
83,1,9,510086,0.0442
83,1,10,514809,0.0218
83,1,11,519532,0.0397
83,1,12,524255,0.0217
83,1,13,528978,0.0316
83,1,14,533701,0.0271
83,1,15,538424,0.0719
83,1,16,543147,0.0462
83,1,17,547870,0.0268
83,1,18,552593,0.0392
83,1,19,557316,0.0478
83,1,20,562039,0.0125
83,1,21,566762,0.0365
83,1,22,571485,0.0183
83,1,23,576208,0.0517
83,1,24,580931,0.0544
83,2,1,314868,0.0256
83,2,2,318016,0.0719
83,2,3,321165,0.0351
83,2,4,324314,0.0541
83,2,5,327462,0.0400
83,2,6,330611,0.0751
83,2,7,333760,0.0383
83,2,8,336908,0.0753
83,2,9,340057,0.0423
83,2,10,343206,0.0753
83,2,11,346354,0.0684
83,2,12,349503,0.0671
83,2,13,352652,0.0333
83,2,14,355801,0.0516
83,2,15,358949,0.0104
83,2,16,362098,0.0277
83,2,17,365247,0.0685
83,2,18,368395,0.0526
83,2,19,371544,0.0469
83,2,20,374693,0.0585
83,2,21,377841,0.0232
83,2,22,380990,0.0249
83,2,23,384139,0.0686
83,2,24,387287,0.0288
83,3,1,209912,0.0684
83,3,2,212011,0.0716
83,3,3,214110,0.0531
83,3,4,216209,0.0424
83,3,5,218308,0.0195
83,3,6,220407,0.0534
83,3,7,222507,0.0664
83,3,8,224606,0.0505
83,3,9,226705,0.0693
83,3,10,228804,0.0211
83,3,11,230903,0.0726
83,3,12,233002,0.0503
83,3,13,235101,0.0614
83,3,14,237200,0.0266
83,3,15,239299,0.0365
83,3,16,241399,0.0599
83,3,17,243498,0.0420
83,3,18,245597,0.0652
83,3,19,247696,0.0110
83,3,20,249795,0.0353
83,3,21,251894,0.0669
83,3,22,253993,0.0595
83,3,23,256092,0.0376
83,3,24,258192,0.0406
83,4,1,131195,0.0455
83,4,2,132507,0.0622
83,4,3,133819,0.0104
83,4,4,135131,0.0396
83,4,5,136443,0.0376
83,4,6,137755,0.0314
83,4,7,139067,0.0673
83,4,8,140379,0.0166
83,4,9,141690,0.0693
83,4,10,143002,0.0795
83,4,11,144314,0.0779
83,4,12,145626,0.0401
83,4,13,146938,0.0572
83,4,14,148250,0.0383
83,4,15,149562,0.0713
83,4,16,150874,0.0663
83,4,17,152186,0.0644
83,4,18,153498,0.0185
83,4,19,154810,0.0445
83,4,20,156122,0.0607
83,4,21,157434,0.0446
83,4,22,158746,0.0730
83,4,23,160058,0.0422
83,4,24,161370,0.0367
84,1,1,47889,0.0686
84,1,2,48367,0.0178
84,1,3,48846,0.0596
84,1,4,49325,0.0437
84,1,5,49804,0.0318
84,1,6,50283,0.0499
84,1,7,50762,0.0483
84,1,8,51241,0.0119
84,1,9,51720,0.0269
84,1,10,52199,0.0410
84,1,11,52677,0.0624
84,1,12,53156,0.0351
84,1,13,53635,0.0380
84,1,14,54114,0.0452
84,1,15,54593,0.0526
84,1,16,55072,0.0636
84,1,17,55551,0.0680
84,1,18,56030,0.0494
84,1,19,56508,0.0718
84,1,20,56987,0.0368
84,1,21,57466,0.0736
84,1,22,57945,0.0691
84,1,23,58424,0.0564
84,1,24,58903,0.0121
84,2,1,31926,0.0186
84,2,2,32245,0.0175
84,2,3,32564,0.0210
84,2,4,32883,0.0641
84,2,5,33203,0.0351
84,2,6,33522,0.0247
84,2,7,33841,0.0400
84,2,8,34160,0.0530
84,2,9,34480,0.0645
84,2,10,34799,0.0199
84,2,11,35118,0.0150
84,2,12,35438,0.0501
84,2,13,35757,0.0113
84,2,14,36076,0.0245
84,2,15,36395,0.0340
84,2,16,36715,0.0728
84,2,17,37034,0.0516
84,2,18,37353,0.0248
84,2,19,37672,0.0305
84,2,20,37992,0.0602
84,2,21,38311,0.0324
84,2,22,38630,0.0134
84,2,23,38949,0.0259
84,2,24,39269,0.0539
84,3,1,21284,0.0169
84,3,2,21497,0.0242
84,3,3,21709,0.0560
84,3,4,21922,0.0396
84,3,5,22135,0.0700
84,3,6,22348,0.0337
84,3,7,22561,0.0450
84,3,8,22774,0.0792
84,3,9,22987,0.0218
84,3,10,23199,0.0366
84,3,11,23412,0.0180
84,3,12,23625,0.0652
84,3,13,23838,0.0725
84,3,14,24051,0.0466
84,3,15,24264,0.0725
84,3,16,24476,0.0229
84,3,17,24689,0.0440
84,3,18,24902,0.0354
84,3,19,25115,0.0671
84,3,20,25328,0.0407
84,3,21,25541,0.0710
84,3,22,25753,0.0598
84,3,23,25966,0.0203
84,3,24,26179,0.0134
84,4,1,13302,0.0189
84,4,2,13435,0.0582
84,4,3,13568,0.0672
84,4,4,13701,0.0657
84,4,5,13834,0.0247
84,4,6,13967,0.0146
84,4,7,14101,0.0250
84,4,8,14234,0.0172
84,4,9,14367,0.0454
84,4,10,14500,0.0434
84,4,11,14633,0.0350
84,4,12,14766,0.0256
84,4,13,14899,0.0385
84,4,14,15032,0.0795
84,4,15,15165,0.0406
84,4,16,15298,0.0263
84,4,17,15431,0.0551
84,4,18,15564,0.0229
84,4,19,15697,0.0242
84,4,20,15830,0.0128
84,4,21,15963,0.0380
84,4,22,16096,0.0386
84,4,23,16229,0.0140
84,4,24,16362,0.0353
85,1,1,441188,0.0134
85,1,2,445599,0.0247
85,1,3,450011,0.0584
85,1,4,454423,0.0325
85,1,5,458835,0.0693
85,1,6,463247,0.0766
85,1,7,467659,0.0345
85,1,8,472071,0.0646
85,1,9,476483,0.0386
85,1,10,480894,0.0562
85,1,11,485306,0.0447
85,1,12,489718,0.0632
85,1,13,494130,0.0785
85,1,14,498542,0.0352
85,1,15,502954,0.0276
85,1,16,507366,0.0235
85,1,17,511778,0.0291
85,1,18,516189,0.0510
85,1,19,520601,0.0684
85,1,20,525013,0.0426
85,1,21,529425,0.0358
85,1,22,533837,0.0697
85,1,23,538249,0.0429
85,1,24,542661,0.0335
85,2,1,294125,0.0241
85,2,2,297066,0.0158
85,2,3,300008,0.0674
85,2,4,302949,0.0144
85,2,5,305890,0.0234
85,2,6,308831,0.0650
85,2,7,311773,0.0543
85,2,8,314714,0.0187
85,2,9,317655,0.0187
85,2,10,320596,0.0181
85,2,11,323538,0.0339
85,2,12,326479,0.0687
85,2,13,329420,0.0302
85,2,14,332361,0.0533
85,2,15,335303,0.0763
85,2,16,338244,0.0100
85,2,17,341185,0.0654
85,2,18,344126,0.0269
85,2,19,347068,0.0134
85,2,20,350009,0.0546
85,2,21,352950,0.0209
85,2,22,355891,0.0790
85,2,23,358833,0.0497
85,2,24,361774,0.0311
85,3,1,196083,0.0701
85,3,2,198044,0.0650
85,3,3,200005,0.0116
85,3,4,201966,0.0343
85,3,5,203927,0.0393
85,3,6,205888,0.0152
85,3,7,207848,0.0177
85,3,8,209809,0.0298
85,3,9,211770,0.0375
85,3,10,213731,0.0518
85,3,11,215692,0.0252
85,3,12,217653,0.0739
85,3,13,219613,0.0453
85,3,14,221574,0.0108
85,3,15,223535,0.0786
85,3,16,225496,0.0394
85,3,17,227457,0.0198
85,3,18,229418,0.0415
85,3,19,231378,0.0619
85,3,20,233339,0.0654
85,3,21,235300,0.0571
85,3,22,237261,0.0359
85,3,23,239222,0.0398
85,3,24,241183,0.0450
85,4,1,122552,0.0582
85,4,2,123778,0.0577
85,4,3,125003,0.0559
85,4,4,126229,0.0482
85,4,5,127454,0.0461
85,4,6,128680,0.0110
85,4,7,129905,0.0560
85,4,8,131131,0.0128
85,4,9,132356,0.0514
85,4,10,133582,0.0548
85,4,11,134807,0.0144
85,4,12,136033,0.0133
85,4,13,137258,0.0558
85,4,14,138484,0.0242
85,4,15,139709,0.0142
85,4,16,140935,0.0172
85,4,17,142160,0.0326
85,4,18,143386,0.0467
85,4,19,144611,0.0494
85,4,20,145837,0.0129
85,4,21,147063,0.0728
85,4,22,148288,0.0727
85,4,23,149514,0.0398
85,4,24,150739,0.0516
86,1,1,440922,0.0730
86,1,2,445332,0.0597
86,1,3,449741,0.0112
86,1,4,454150,0.0155
86,1,5,458559,0.0515
86,1,6,462969,0.0285
86,1,7,467378,0.0565
86,1,8,471787,0.0669
86,1,9,476196,0.0350
86,1,10,480605,0.0529
86,1,11,485015,0.0775
86,1,12,489424,0.0559
86,1,13,493833,0.0305
86,1,14,498242,0.0228
86,1,15,502652,0.0615
86,1,16,507061,0.0549
86,1,17,511470,0.0758
86,1,18,515879,0.0703
86,1,19,520288,0.0554
86,1,20,524698,0.0477
86,1,21,529107,0.0612
86,1,22,533516,0.0760
86,1,23,537925,0.0478
86,1,24,542335,0.0709
86,2,1,293948,0.0523
86,2,2,296888,0.0363
86,2,3,299827,0.0725
86,2,4,302767,0.0256
86,2,5,305706,0.0374
86,2,6,308646,0.0741
86,2,7,311585,0.0772
86,2,8,314525,0.0205
86,2,9,317464,0.0641
86,2,10,320404,0.0202
86,2,11,323343,0.0750
86,2,12,326283,0.0337
86,2,13,329222,0.0483
86,2,14,332162,0.0250
86,2,15,335101,0.0532
86,2,16,338041,0.0417
86,2,17,340980,0.0694
86,2,18,343919,0.0297
86,2,19,346859,0.0739
86,2,20,349798,0.0477
86,2,21,352738,0.0239
86,2,22,355677,0.0778
86,2,23,358617,0.0186
86,2,24,361556,0.0299
86,3,1,195966,0.0325
86,3,2,197925,0.0626
86,3,3,199885,0.0390
86,3,4,201844,0.0716
86,3,5,203804,0.0226
86,3,6,205764,0.0651
86,3,7,207723,0.0662
86,3,8,209683,0.0320
86,3,9,211643,0.0654
86,3,10,213602,0.0722
86,3,11,215562,0.0626
86,3,12,217522,0.0611
86,3,13,219481,0.0700
86,3,14,221441,0.0466
86,3,15,223401,0.0719
86,3,16,225360,0.0340
86,3,17,227320,0.0398
86,3,18,229280,0.0678
86,3,19,231239,0.0531
86,3,20,233199,0.0155
86,3,21,235159,0.0657
86,3,22,237118,0.0108
86,3,23,239078,0.0793
86,3,24,241038,0.0666
86,4,1,122478,0.0658
86,4,2,123703,0.0542
86,4,3,124928,0.0373
86,4,4,126153,0.0612
86,4,5,127378,0.0607
86,4,6,128602,0.0234
86,4,7,129827,0.0194
86,4,8,131052,0.0185
86,4,9,132277,0.0546
86,4,10,133502,0.0103
86,4,11,134726,0.0782
86,4,12,135951,0.0541
86,4,13,137176,0.0552
86,4,14,138401,0.0781
86,4,15,139625,0.0497
86,4,16,140850,0.0347
86,4,17,142075,0.0509
86,4,18,143300,0.0299
86,4,19,144525,0.0339
86,4,20,145749,0.0644
86,4,21,146974,0.0370
86,4,22,148199,0.0207
86,4,23,149424,0.0508
86,4,24,150648,0.0236
87,1,1,339700,0.0133
87,1,2,343097,0.0483
87,1,3,346494,0.0305
87,1,4,349891,0.0447
87,1,5,353288,0.0433
87,1,6,356685,0.0598
87,1,7,360082,0.0123
87,1,8,363479,0.0207
87,1,9,366876,0.0121
87,1,10,370273,0.0170
87,1,11,373670,0.0380
87,1,12,377067,0.0764
87,1,13,380464,0.0274
87,1,14,383861,0.0371
87,1,15,387258,0.0787
87,1,16,390655,0.0545
87,1,17,394052,0.0342
87,1,18,397449,0.0498
87,1,19,400846,0.0729
87,1,20,404243,0.0539
87,1,21,407640,0.0636
87,1,22,411037,0.0258
87,1,23,414434,0.0683
87,1,24,417831,0.0114
87,2,1,226467,0.0187
87,2,2,228731,0.0352
87,2,3,230996,0.0180
87,2,4,233261,0.0446
87,2,5,235525,0.0571
87,2,6,237790,0.0214
87,2,7,240055,0.0438
87,2,8,242319,0.0138
87,2,9,244584,0.0705
87,2,10,246849,0.0458
87,2,11,249113,0.0184
87,2,12,251378,0.0159
87,2,13,253643,0.0523
87,2,14,255907,0.0239
87,2,15,258172,0.0396
87,2,16,260437,0.0748
87,2,17,262701,0.0671
87,2,18,264966,0.0254
87,2,19,267231,0.0313
87,2,20,269495,0.0507
87,2,21,271760,0.0249
87,2,22,274025,0.0363
87,2,23,276289,0.0389
87,2,24,278554,0.0595
87,3,1,150978,0.0436
87,3,2,152488,0.0210
87,3,3,153997,0.0586
87,3,4,155507,0.0791
87,3,5,157017,0.0755
87,3,6,158527,0.0575
87,3,7,160036,0.0321
87,3,8,161546,0.0668
87,3,9,163056,0.0263
87,3,10,164566,0.0282
87,3,11,166076,0.0383
87,3,12,167585,0.0503
87,3,13,169095,0.0291
87,3,14,170605,0.0680
87,3,15,172115,0.0219
87,3,16,173624,0.0605
87,3,17,175134,0.0128
87,3,18,176644,0.0375
87,3,19,178154,0.0677
87,3,20,179664,0.0120
87,3,21,181173,0.0635
87,3,22,182683,0.0240
87,3,23,184193,0.0495
87,3,24,185703,0.0432
87,4,1,94361,0.0121
87,4,2,95305,0.0592
87,4,3,96248,0.0188
87,4,4,97192,0.0416
87,4,5,98136,0.0562
87,4,6,99079,0.0731
87,4,7,100023,0.0192
87,4,8,100966,0.0725
87,4,9,101910,0.0499
87,4,10,102854,0.0633
87,4,11,103797,0.0564
87,4,12,104741,0.0538
87,4,13,105684,0.0488
87,4,14,106628,0.0483
87,4,15,107572,0.0506
87,4,16,108515,0.0680
87,4,17,109459,0.0626
87,4,18,110402,0.0314
87,4,19,111346,0.0246
87,4,20,112290,0.0378
87,4,21,113233,0.0229
87,4,22,114177,0.0711
87,4,23,115121,0.0509
87,4,24,116064,0.0276
88,1,1,374382,0.0489
88,1,2,378126,0.0389
88,1,3,381870,0.0429
88,1,4,385614,0.0451
88,1,5,389358,0.0355
88,1,6,393101,0.0175
88,1,7,396845,0.0432
88,1,8,400589,0.0562
88,1,9,404333,0.0558
88,1,10,408077,0.0227
88,1,11,411820,0.0310
88,1,12,415564,0.0298
88,1,13,419308,0.0209
88,1,14,423052,0.0194
88,1,15,426796,0.0360
88,1,16,430540,0.0551
88,1,17,434283,0.0149
88,1,18,438027,0.0475
88,1,19,441771,0.0356
88,1,20,445515,0.0400
88,1,21,449259,0.0562
88,1,22,453003,0.0547
88,1,23,456746,0.0673
88,1,24,460490,0.0595
88,2,1,249588,0.0764
88,2,2,252084,0.0592
88,2,3,254580,0.0508
88,2,4,257076,0.0613
88,2,5,259572,0.0399
88,2,6,262068,0.0781
88,2,7,264563,0.0353
88,2,8,267059,0.0542
88,2,9,269555,0.0769
88,2,10,272051,0.0465
88,2,11,274547,0.0247
88,2,12,277043,0.0461
88,2,13,279539,0.0502
88,2,14,282035,0.0336
88,2,15,284531,0.0525
88,2,16,287026,0.0357
88,2,17,289522,0.0492
88,2,18,292018,0.0523
88,2,19,294514,0.0296
88,2,20,297010,0.0554
88,2,21,299506,0.0240
88,2,22,302002,0.0703
88,2,23,304498,0.0378
88,2,24,306993,0.0413
88,3,1,166392,0.0151
88,3,2,168056,0.0294
88,3,3,169720,0.0455
88,3,4,171384,0.0210
88,3,5,173048,0.0129
88,3,6,174712,0.0481
88,3,7,176376,0.0372
88,3,8,178040,0.0226
88,3,9,179703,0.0673
88,3,10,181367,0.0147
88,3,11,183031,0.0206
88,3,12,184695,0.0610
88,3,13,186359,0.0383
88,3,14,188023,0.0298
88,3,15,189687,0.0744
88,3,16,191351,0.0733
88,3,17,193015,0.0515
88,3,18,194679,0.0391
88,3,19,196343,0.0314
88,3,20,198007,0.0771
88,3,21,199671,0.0113
88,3,22,201334,0.0373
88,3,23,202998,0.0469
88,3,24,204662,0.0180
88,4,1,103995,0.0463
88,4,2,105035,0.0294
88,4,3,106075,0.0651
88,4,4,107115,0.0512
88,4,5,108155,0.0748
88,4,6,109195,0.0659
88,4,7,110235,0.0698
88,4,8,111275,0.0102
88,4,9,112315,0.0256
88,4,10,113355,0.0640
88,4,11,114395,0.0189
88,4,12,115435,0.0168
88,4,13,116474,0.0309
88,4,14,117514,0.0380
88,4,15,118554,0.0645
88,4,16,119594,0.0392
88,4,17,120634,0.0299
88,4,18,121674,0.0284
88,4,19,122714,0.0584
88,4,20,123754,0.0694
88,4,21,124794,0.0448
88,4,22,125834,0.0356
88,4,23,126874,0.0411
88,4,24,127914,0.0263
89,1,1,311461,0.0396
89,1,2,314576,0.0563
89,1,3,317691,0.0303
89,1,4,320805,0.0357
89,1,5,323920,0.0496
89,1,6,327035,0.0141
89,1,7,330149,0.0148
89,1,8,333264,0.0727
89,1,9,336378,0.0259
89,1,10,339493,0.0747
89,1,11,342608,0.0323
89,1,12,345722,0.0473
89,1,13,348837,0.0500
89,1,14,351951,0.0772
89,1,15,355066,0.0381
89,1,16,358181,0.0347
89,1,17,361295,0.0139
89,1,18,364410,0.0425
89,1,19,367525,0.0445
89,1,20,370639,0.0245
89,1,21,373754,0.0787
89,1,22,376868,0.0294
89,1,23,379983,0.0706
89,1,24,383098,0.0363
89,2,1,207641,0.0397
89,2,2,209717,0.0381
89,2,3,211794,0.0386
89,2,4,213870,0.0244
89,2,5,215947,0.0525
89,2,6,218023,0.0162
89,2,7,220099,0.0687
89,2,8,222176,0.0544
89,2,9,224252,0.0313
89,2,10,226329,0.0433
89,2,11,228405,0.0497
89,2,12,230481,0.0715
89,2,13,232558,0.0625
89,2,14,234634,0.0718
89,2,15,236711,0.0715
89,2,16,238787,0.0768
89,2,17,240864,0.0527
89,2,18,242940,0.0562
89,2,19,245016,0.0321
89,2,20,247093,0.0720
89,2,21,249169,0.0623
89,2,22,251246,0.0743
89,2,23,253322,0.0751
89,2,24,255398,0.0326
89,3,1,138427,0.0698
89,3,2,139812,0.0114
89,3,3,141196,0.0221
89,3,4,142580,0.0748
89,3,5,143964,0.0338
89,3,6,145349,0.0288
89,3,7,146733,0.0788
89,3,8,148117,0.0437
89,3,9,149502,0.0687
89,3,10,150886,0.0525
89,3,11,152270,0.0718
89,3,12,153654,0.0657
89,3,13,155039,0.0125
89,3,14,156423,0.0476
89,3,15,157807,0.0231
89,3,16,159191,0.0600
89,3,17,160576,0.0721
89,3,18,161960,0.0735
89,3,19,163344,0.0170
89,3,20,164729,0.0666
89,3,21,166113,0.0654
89,3,22,167497,0.0633
89,3,23,168881,0.0139
89,3,24,170266,0.0441
89,4,1,86517,0.0797
89,4,2,87382,0.0728
89,4,3,88247,0.0545
89,4,4,89113,0.0110
89,4,5,89978,0.0714
89,4,6,90843,0.0152
89,4,7,91708,0.0381
89,4,8,92573,0.0452
89,4,9,93438,0.0298
89,4,10,94304,0.0527
89,4,11,95169,0.0600
89,4,12,96034,0.0339
89,4,13,96899,0.0750
89,4,14,97764,0.0126
89,4,15,98629,0.0313
89,4,16,99495,0.0596
89,4,17,100360,0.0522
89,4,18,101225,0.0489
89,4,19,102090,0.0487
89,4,20,102955,0.0369
89,4,21,103820,0.0601
89,4,22,104686,0.0137
89,4,23,105551,0.0442
89,4,24,106416,0.0426
90,1,1,432810,0.0236
90,1,2,437138,0.0358
90,1,3,441466,0.0273
90,1,4,445795,0.0795
90,1,5,450123,0.0723
90,1,6,454451,0.0768
90,1,7,458779,0.0406
90,1,8,463107,0.0213
90,1,9,467435,0.0705
90,1,10,471763,0.0631
90,1,11,476091,0.0655
90,1,12,480419,0.0783
90,1,13,484748,0.0376
90,1,14,489076,0.0223
90,1,15,493404,0.0512
90,1,16,497732,0.0745
90,1,17,502060,0.0676
90,1,18,506388,0.0707
90,1,19,510716,0.0279
90,1,20,515044,0.0702
90,1,21,519372,0.0427
90,1,22,523700,0.0673
90,1,23,528029,0.0674
90,1,24,532357,0.0390
90,2,1,288540,0.0387
90,2,2,291426,0.0398
90,2,3,294311,0.0297
90,2,4,297196,0.0393
90,2,5,300082,0.0128
90,2,6,302967,0.0740
90,2,7,305853,0.0710
90,2,8,308738,0.0499
90,2,9,311623,0.0536
90,2,10,314509,0.0681
90,2,11,317394,0.0690
90,2,12,320280,0.0249
90,2,13,323165,0.0645
90,2,14,326050,0.0652
90,2,15,328936,0.0159
90,2,16,331821,0.0464
90,2,17,334707,0.0441
90,2,18,337592,0.0786
90,2,19,340477,0.0459
90,2,20,343363,0.0307
90,2,21,346248,0.0599
90,2,22,349134,0.0222
90,2,23,352019,0.0151
90,2,24,354904,0.0160
90,3,1,192360,0.0425
90,3,2,194284,0.0119
90,3,3,196207,0.0564
90,3,4,198131,0.0180
90,3,5,200055,0.0469
90,3,6,201978,0.0597
90,3,7,203902,0.0133
90,3,8,205825,0.0354
90,3,9,207749,0.0466
90,3,10,209673,0.0715
90,3,11,211596,0.0685
90,3,12,213520,0.0195
90,3,13,215443,0.0598
90,3,14,217367,0.0394
90,3,15,219291,0.0559
90,3,16,221214,0.0685
90,3,17,223138,0.0775
90,3,18,225061,0.0307
90,3,19,226985,0.0659
90,3,20,228909,0.0726
90,3,21,230832,0.0213
90,3,22,232756,0.0389
90,3,23,234679,0.0734
90,3,24,236603,0.0231
90,4,1,120225,0.0164
90,4,2,121427,0.0698
90,4,3,122630,0.0430
90,4,4,123832,0.0323
90,4,5,125034,0.0460
90,4,6,126236,0.0663
90,4,7,127439,0.0533
90,4,8,128641,0.0174
90,4,9,129843,0.0622
90,4,10,131045,0.0730
90,4,11,132248,0.0557
90,4,12,133450,0.0128
90,4,13,134652,0.0256
90,4,14,135854,0.0611
90,4,15,137057,0.0120
90,4,16,138259,0.0534
90,4,17,139461,0.0354
90,4,18,140663,0.0480
90,4,19,141866,0.0417
90,4,20,143068,0.0511
90,4,21,144270,0.0568
90,4,22,145472,0.0479
90,4,23,146675,0.0315
90,4,24,147877,0.0573
91,1,1,148318,0.0710
91,1,2,149801,0.0144
91,1,3,151284,0.0652
91,1,4,152767,0.0404
91,1,5,154250,0.0577
91,1,6,155734,0.0475
91,1,7,157217,0.0160
91,1,8,158700,0.0452
91,1,9,160183,0.0760
91,1,10,161666,0.0641
91,1,11,163150,0.0674
91,1,12,164633,0.0691
91,1,13,166116,0.0374
91,1,14,167599,0.0448
91,1,15,169082,0.0180
91,1,16,170565,0.0358
91,1,17,172049,0.0345
91,1,18,173532,0.0574
91,1,19,175015,0.0340
91,1,20,176498,0.0323
91,1,21,177981,0.0263
91,1,22,179464,0.0744
91,1,23,180948,0.0412
91,1,24,182431,0.0143
91,2,1,98879,0.0159
91,2,2,99867,0.0122
91,2,3,100856,0.0108
91,2,4,101845,0.0582
91,2,5,102834,0.0155
91,2,6,103822,0.0645
91,2,7,104811,0.0352
91,2,8,105800,0.0235
91,2,9,106789,0.0606
91,2,10,107778,0.0660
91,2,11,108766,0.0460
91,2,12,109755,0.0244
91,2,13,110744,0.0584
91,2,14,111733,0.0669
91,2,15,112721,0.0395
91,2,16,113710,0.0479
91,2,17,114699,0.0207
91,2,18,115688,0.0461
91,2,19,116677,0.0124
91,2,20,117665,0.0302
91,2,21,118654,0.0798
91,2,22,119643,0.0519
91,2,23,120632,0.0493
91,2,24,121621,0.0126
91,3,1,65919,0.0668
91,3,2,66578,0.0779
91,3,3,67237,0.0585
91,3,4,67897,0.0199
91,3,5,68556,0.0342
91,3,6,69215,0.0303
91,3,7,69874,0.0480
91,3,8,70533,0.0417
91,3,9,71193,0.0652
91,3,10,71852,0.0575
91,3,11,72511,0.0179
91,3,12,73170,0.0447
91,3,13,73829,0.0298
91,3,14,74488,0.0500
91,3,15,75148,0.0635
91,3,16,75807,0.0521
91,3,17,76466,0.0598
91,3,18,77125,0.0485
91,3,19,77784,0.0202
91,3,20,78444,0.0439
91,3,21,79103,0.0299
91,3,22,79762,0.0266
91,3,23,80421,0.0429
91,3,24,81080,0.0100
91,4,1,41199,0.0663
91,4,2,41611,0.0630
91,4,3,42023,0.0400
91,4,4,42435,0.0550
91,4,5,42847,0.0446
91,4,6,43259,0.0177
91,4,7,43671,0.0543
91,4,8,44083,0.0582
91,4,9,44495,0.0642
91,4,10,44907,0.0797
91,4,11,45319,0.0116
91,4,12,45731,0.0703
91,4,13,46143,0.0337
91,4,14,46555,0.0395
91,4,15,46967,0.0491
91,4,16,47379,0.0369
91,4,17,47791,0.0171
91,4,18,48203,0.0240
91,4,19,48615,0.0536
91,4,20,49027,0.0491
91,4,21,49439,0.0404
91,4,22,49851,0.0372
91,4,23,50263,0.0566
91,4,24,50675,0.0722
92,1,1,521808,0.0133
92,1,2,527026,0.0546
92,1,3,532244,0.0122
92,1,4,537462,0.0205
92,1,5,542681,0.0767
92,1,6,547899,0.0211
92,1,7,553117,0.0700
92,1,8,558335,0.0167
92,1,9,563553,0.0204
92,1,10,568771,0.0384
92,1,11,573989,0.0729
92,1,12,579207,0.0228
92,1,13,584425,0.0341
92,1,14,589643,0.0756
92,1,15,594861,0.0470
92,1,16,600079,0.0571
92,1,17,605298,0.0432
92,1,18,610516,0.0766
92,1,19,615734,0.0227
92,1,20,620952,0.0354
92,1,21,626170,0.0336
92,1,22,631388,0.0587
92,1,23,636606,0.0302
92,1,24,641824,0.0510
92,2,1,347872,0.0171
92,2,2,351351,0.0469
92,2,3,354830,0.0695
92,2,4,358308,0.0652
92,2,5,361787,0.0226
92,2,6,365266,0.0479
92,2,7,368744,0.0363
92,2,8,372223,0.0389
92,2,9,375702,0.0490
92,2,10,379181,0.0667
92,2,11,382659,0.0584
92,2,12,386138,0.0726
92,2,13,389617,0.0689
92,2,14,393096,0.0779
92,2,15,396574,0.0349
92,2,16,400053,0.0785
92,2,17,403532,0.0734
92,2,18,407010,0.0389
92,2,19,410489,0.0159
92,2,20,413968,0.0293
92,2,21,417447,0.0267
92,2,22,420925,0.0692
92,2,23,424404,0.0658
92,2,24,427883,0.0461
92,3,1,231915,0.0356
92,3,2,234234,0.0608
92,3,3,236553,0.0208
92,3,4,238872,0.0445
92,3,5,241191,0.0127
92,3,6,243510,0.0261
92,3,7,245830,0.0316
92,3,8,248149,0.0642
92,3,9,250468,0.0337
92,3,10,252787,0.0682
92,3,11,255106,0.0634
92,3,12,257425,0.0746
92,3,13,259745,0.0221
92,3,14,262064,0.0128
92,3,15,264383,0.0236
92,3,16,266702,0.0711
92,3,17,269021,0.0172
92,3,18,271340,0.0249
92,3,19,273659,0.0711
92,3,20,275979,0.0301
92,3,21,278298,0.0225
92,3,22,280617,0.0196
92,3,23,282936,0.0185
92,3,24,285255,0.0673
92,4,1,144947,0.0468
92,4,2,146396,0.0131
92,4,3,147846,0.0254
92,4,4,149295,0.0172
92,4,5,150745,0.0557
92,4,6,152194,0.0470
92,4,7,153644,0.0392
92,4,8,155093,0.0545
92,4,9,156542,0.0116
92,4,10,157992,0.0610
92,4,11,159441,0.0617
92,4,12,160891,0.0754
92,4,13,162340,0.0338
92,4,14,163790,0.0305
92,4,15,165239,0.0733
92,4,16,166689,0.0401
92,4,17,168138,0.0657
92,4,18,169588,0.0676
92,4,19,171037,0.0180
92,4,20,172487,0.0526
92,4,21,173936,0.0226
92,4,22,175386,0.0205
92,4,23,176835,0.0248
92,4,24,178284,0.0484
93,1,1,2737,0.0355
93,1,2,2765,0.0760
93,1,3,2792,0.0220
93,1,4,2819,0.0332
93,1,5,2847,0.0382
93,1,6,2874,0.0697
93,1,7,2901,0.0272
93,1,8,2929,0.0146
93,1,9,2956,0.0778
93,1,10,2984,0.0509
93,1,11,3011,0.0698
93,1,12,3038,0.0398
93,1,13,3066,0.0785
93,1,14,3093,0.0385
93,1,15,3120,0.0175
93,1,16,3148,0.0432
93,1,17,3175,0.0251
93,1,18,3203,0.0131
93,1,19,3230,0.0318
93,1,20,3257,0.0442
93,1,21,3285,0.0277
93,1,22,3312,0.0638
93,1,23,3339,0.0258
93,1,24,3367,0.0469
93,2,1,1825,0.0494
93,2,2,1843,0.0701
93,2,3,1861,0.0117
93,2,4,1880,0.0638
93,2,5,1898,0.0557
93,2,6,1916,0.0436
93,2,7,1934,0.0395
93,2,8,1953,0.0724
93,2,9,1971,0.0196
93,2,10,1989,0.0619
93,2,11,2007,0.0181
93,2,12,2026,0.0453
93,2,13,2044,0.0446
93,2,14,2062,0.0489
93,2,15,2080,0.0708
93,2,16,2099,0.0206
93,2,17,2117,0.0481
93,2,18,2135,0.0477
93,2,19,2153,0.0266
93,2,20,2172,0.0782
93,2,21,2190,0.0204
93,2,22,2208,0.0638
93,2,23,2226,0.0569
93,2,24,2245,0.0145
93,3,1,1217,0.0604
93,3,2,1229,0.0426
93,3,3,1241,0.0523
93,3,4,1253,0.0695
93,3,5,1265,0.0135
93,3,6,1277,0.0692
93,3,7,1290,0.0360
93,3,8,1302,0.0278
93,3,9,1314,0.0645
93,3,10,1326,0.0771
93,3,11,1338,0.0110
93,3,12,1350,0.0273
93,3,13,1363,0.0477
93,3,14,1375,0.0492
93,3,15,1387,0.0114
93,3,16,1399,0.0335
93,3,17,1411,0.0152
93,3,18,1423,0.0491
93,3,19,1436,0.0278
93,3,20,1448,0.0384
93,3,21,1460,0.0791
93,3,22,1472,0.0475
93,3,23,1484,0.0572
93,3,24,1496,0.0615
93,4,1,760,0.0740
93,4,2,768,0.0626
93,4,3,776,0.0766
93,4,4,783,0.0761
93,4,5,791,0.0308
93,4,6,798,0.0652
93,4,7,806,0.0515
93,4,8,814,0.0521
93,4,9,821,0.0436
93,4,10,829,0.0498
93,4,11,836,0.0608
93,4,12,844,0.0603
93,4,13,852,0.0246
93,4,14,859,0.0192
93,4,15,867,0.0445
93,4,16,874,0.0256
93,4,17,882,0.0618
93,4,18,890,0.0225
93,4,19,897,0.0493
93,4,20,905,0.0174
93,4,21,912,0.0443
93,4,22,920,0.0360
93,4,23,928,0.0351
93,4,24,935,0.0441
94,1,1,66912,0.0657
94,1,2,67581,0.0610
94,1,3,68250,0.0379
94,1,4,68920,0.0799
94,1,5,69589,0.0596
94,1,6,70258,0.0600
94,1,7,70927,0.0698
94,1,8,71596,0.0519
94,1,9,72265,0.0777
94,1,10,72934,0.0518
94,1,11,73603,0.0512
94,1,12,74273,0.0370
94,1,13,74942,0.0167
94,1,14,75611,0.0708
94,1,15,76280,0.0212
94,1,16,76949,0.0351
94,1,17,77618,0.0295
94,1,18,78287,0.0475
94,1,19,78956,0.0390
94,1,20,79626,0.0476
94,1,21,80295,0.0339
94,1,22,80964,0.0150
94,1,23,81633,0.0125
94,1,24,82302,0.0389
94,2,1,44608,0.0736
94,2,2,45054,0.0608
94,2,3,45500,0.0756
94,2,4,45946,0.0132
94,2,5,46392,0.0798
94,2,6,46839,0.0394
94,2,7,47285,0.0764
94,2,8,47731,0.0368
94,2,9,48177,0.0759
94,2,10,48623,0.0235
94,2,11,49069,0.0707
94,2,12,49515,0.0380
94,2,13,49961,0.0459
94,2,14,50407,0.0302
94,2,15,50853,0.0442
94,2,16,51299,0.0423
94,2,17,51745,0.0459
94,2,18,52192,0.0598
94,2,19,52638,0.0106
94,2,20,53084,0.0622
94,2,21,53530,0.0167
94,2,22,53976,0.0395
94,2,23,54422,0.0605
94,2,24,54868,0.0323
94,3,1,29739,0.0210
94,3,2,30036,0.0408
94,3,3,30334,0.0443
94,3,4,30631,0.0262
94,3,5,30928,0.0703
94,3,6,31226,0.0768
94,3,7,31523,0.0226
94,3,8,31820,0.0183
94,3,9,32118,0.0664
94,3,10,32415,0.0223
94,3,11,32713,0.0501
94,3,12,33010,0.0692
94,3,13,33307,0.0293
94,3,14,33605,0.0686
94,3,15,33902,0.0775
94,3,16,34200,0.0261
94,3,17,34497,0.0611
94,3,18,34794,0.0767
94,3,19,35092,0.0662
94,3,20,35389,0.0183
94,3,21,35687,0.0417
94,3,22,35984,0.0726
94,3,23,36281,0.0446
94,3,24,36579,0.0349
94,4,1,18587,0.0141
94,4,2,18773,0.0116
94,4,3,18958,0.0548
94,4,4,19144,0.0113
94,4,5,19330,0.0322
94,4,6,19516,0.0460
94,4,7,19702,0.0135
94,4,8,19888,0.0409
94,4,9,20074,0.0242
94,4,10,20260,0.0309
94,4,11,20445,0.0284
94,4,12,20631,0.0117
94,4,13,20817,0.0690
94,4,14,21003,0.0325
94,4,15,21189,0.0346
94,4,16,21375,0.0639
94,4,17,21561,0.0177
94,4,18,21746,0.0539
94,4,19,21932,0.0792
94,4,20,22118,0.0348
94,4,21,22304,0.0786
94,4,22,22490,0.0243
94,4,23,22676,0.0318
94,4,24,22862,0.0674
95,1,1,325000,0.0492
95,1,2,328250,0.0526
95,1,3,331500,0.0584
95,1,4,334750,0.0398
95,1,5,338000,0.0570
95,1,6,341250,0.0661
95,1,7,344500,0.0576
95,1,8,347750,0.0733
95,1,9,351000,0.0552
95,1,10,354249,0.0493
95,1,11,357499,0.0153
95,1,12,360749,0.0465
95,1,13,363999,0.0452
95,1,14,367249,0.0773
95,1,15,370499,0.0585
95,1,16,373749,0.0374
95,1,17,376999,0.0320
95,1,18,380249,0.0180
95,1,19,383499,0.0514
95,1,20,386749,0.0254
95,1,21,389999,0.0135
95,1,22,393249,0.0558
95,1,23,396499,0.0260
95,1,24,399749,0.0677
95,2,1,216666,0.0533
95,2,2,218833,0.0297
95,2,3,221000,0.0374
95,2,4,223166,0.0283
95,2,5,225333,0.0430
95,2,6,227500,0.0163
95,2,7,229666,0.0466
95,2,8,231833,0.0360
95,2,9,234000,0.0325
95,2,10,236166,0.0547
95,2,11,238333,0.0679
95,2,12,240500,0.0280
95,2,13,242666,0.0407
95,2,14,244833,0.0284
95,2,15,247000,0.0606
95,2,16,249166,0.0538
95,2,17,251333,0.0550
95,2,18,253500,0.0143
95,2,19,255666,0.0632
95,2,20,257833,0.0632
95,2,21,260000,0.0340
95,2,22,262166,0.0677
95,2,23,264333,0.0776
95,2,24,266500,0.0760
95,3,1,144444,0.0389
95,3,2,145889,0.0506
95,3,3,147333,0.0720
95,3,4,148778,0.0119
95,3,5,150222,0.0338
95,3,6,151666,0.0132
95,3,7,153111,0.0502
95,3,8,154555,0.0204
95,3,9,156000,0.0568
95,3,10,157444,0.0457
95,3,11,158889,0.0735
95,3,12,160333,0.0607
95,3,13,161778,0.0581
95,3,14,163222,0.0400
95,3,15,164666,0.0476
95,3,16,166111,0.0771
95,3,17,167555,0.0292
95,3,18,169000,0.0776
95,3,19,170444,0.0116
95,3,20,171889,0.0195
95,3,21,173333,0.0493
95,3,22,174778,0.0208
95,3,23,176222,0.0200
95,3,24,177666,0.0271
95,4,1,90278,0.0248
95,4,2,91180,0.0142
95,4,3,92083,0.0277
95,4,4,92986,0.0348
95,4,5,93889,0.0303
95,4,6,94792,0.0773
95,4,7,95694,0.0313
95,4,8,96597,0.0537
95,4,9,97500,0.0368
95,4,10,98403,0.0545
95,4,11,99305,0.0140
95,4,12,100208,0.0695
95,4,13,101111,0.0181
95,4,14,102014,0.0351
95,4,15,102917,0.0460
95,4,16,103819,0.0740
95,4,17,104722,0.0410
95,4,18,105625,0.0549
95,4,19,106528,0.0686
95,4,20,107430,0.0380
95,4,21,108333,0.0647
95,4,22,109236,0.0312
95,4,23,110139,0.0672
95,4,24,111042,0.0375
96,1,1,342911,0.0243
96,1,2,346340,0.0286
96,1,3,349769,0.0264
96,1,4,353198,0.0602
96,1,5,356628,0.0796
96,1,6,360057,0.0267
96,1,7,363486,0.0341
96,1,8,366915,0.0192
96,1,9,370344,0.0218
96,1,10,373773,0.0452
96,1,11,377202,0.0155
96,1,12,380631,0.0166
96,1,13,384060,0.0637
96,1,14,387490,0.0308
96,1,15,390919,0.0327
96,1,16,394348,0.0360
96,1,17,397777,0.0628
96,1,18,401206,0.0645
96,1,19,404635,0.0364
96,1,20,408064,0.0242
96,1,21,411493,0.0726
96,1,22,414922,0.0423
96,1,23,418352,0.0493
96,1,24,421781,0.0671
96,2,1,228607,0.0756
96,2,2,230893,0.0769
96,2,3,233180,0.0651
96,2,4,235466,0.0435
96,2,5,237752,0.0788
96,2,6,240038,0.0511
96,2,7,242324,0.0483
96,2,8,244610,0.0557
96,2,9,246896,0.0647
96,2,10,249182,0.0744
96,2,11,251468,0.0452
96,2,12,253754,0.0345
96,2,13,256040,0.0754
96,2,14,258326,0.0368
96,2,15,260612,0.0511
96,2,16,262898,0.0150
96,2,17,265185,0.0351
96,2,18,267471,0.0455
96,2,19,269757,0.0252
96,2,20,272043,0.0438
96,2,21,274329,0.0352
96,2,22,276615,0.0618
96,2,23,278901,0.0141
96,2,24,281187,0.0413
96,3,1,152405,0.0150
96,3,2,153929,0.0785
96,3,3,155453,0.0261
96,3,4,156977,0.0273
96,3,5,158501,0.0751
96,3,6,160025,0.0253
96,3,7,161549,0.0591
96,3,8,163073,0.0709
96,3,9,164597,0.0382
96,3,10,166121,0.0163
96,3,11,167645,0.0292
96,3,12,169169,0.0429
96,3,13,170694,0.0358
96,3,14,172218,0.0116
96,3,15,173742,0.0771
96,3,16,175266,0.0272
96,3,17,176790,0.0474
96,3,18,178314,0.0239
96,3,19,179838,0.0769
96,3,20,181362,0.0660
96,3,21,182886,0.0183
96,3,22,184410,0.0323
96,3,23,185934,0.0524
96,3,24,187458,0.0649
96,4,1,95253,0.0481
96,4,2,96206,0.0120
96,4,3,97158,0.0654
96,4,4,98111,0.0656
96,4,5,99063,0.0591
96,4,6,100016,0.0331
96,4,7,100968,0.0708
96,4,8,101921,0.0373
96,4,9,102873,0.0567
96,4,10,103826,0.0581
96,4,11,104778,0.0706
96,4,12,105731,0.0308
96,4,13,106683,0.0128
96,4,14,107636,0.0777
96,4,15,108589,0.0124
96,4,16,109541,0.0109
96,4,17,110494,0.0516
96,4,18,111446,0.0429
96,4,19,112399,0.0191
96,4,20,113351,0.0489
96,4,21,114304,0.0458
96,4,22,115256,0.0359
96,4,23,116209,0.0699
96,4,24,117161,0.0508
97,1,1,198207,0.0333
97,1,2,200189,0.0479
97,1,3,202171,0.0563
97,1,4,204153,0.0743
97,1,5,206135,0.0114
97,1,6,208117,0.0236
97,1,7,210099,0.0658
97,1,8,212081,0.0258
97,1,9,214063,0.0596
97,1,10,216045,0.0505
97,1,11,218027,0.0424
97,1,12,220009,0.0604
97,1,13,221992,0.0216
97,1,14,223974,0.0413
97,1,15,225956,0.0705
97,1,16,227938,0.0170
97,1,17,229920,0.0503
97,1,18,231902,0.0464
97,1,19,233884,0.0238
97,1,20,235866,0.0336
97,1,21,237848,0.0759
97,1,22,239830,0.0155
97,1,23,241812,0.0317
97,1,24,243794,0.0455
97,2,1,132138,0.0219
97,2,2,133459,0.0226
97,2,3,134781,0.0581
97,2,4,136102,0.0301
97,2,5,137423,0.0463
97,2,6,138745,0.0475
97,2,7,140066,0.0740
97,2,8,141387,0.0738
97,2,9,142709,0.0653
97,2,10,144030,0.0150
97,2,11,145352,0.0160
97,2,12,146673,0.0181
97,2,13,147994,0.0407
97,2,14,149316,0.0466
97,2,15,150637,0.0435
97,2,16,151958,0.0634
97,2,17,153280,0.0690
97,2,18,154601,0.0232
97,2,19,155923,0.0782
97,2,20,157244,0.0420
97,2,21,158565,0.0435
97,2,22,159887,0.0278
97,2,23,161208,0.0642
97,2,24,162530,0.0732
97,3,1,88092,0.0695
97,3,2,88973,0.0292
97,3,3,89854,0.0413
97,3,4,90735,0.0576
97,3,5,91616,0.0472
97,3,6,92496,0.0165
97,3,7,93377,0.0224
97,3,8,94258,0.0720
97,3,9,95139,0.0675
97,3,10,96020,0.0539
97,3,11,96901,0.0128
97,3,12,97782,0.0393
97,3,13,98663,0.0587
97,3,14,99544,0.0291
97,3,15,100425,0.0661
97,3,16,101306,0.0460
97,3,17,102187,0.0442
97,3,18,103067,0.0368
97,3,19,103948,0.0295
97,3,20,104829,0.0293
97,3,21,105710,0.0498
97,3,22,106591,0.0124
97,3,23,107472,0.0758
97,3,24,108353,0.0795
97,4,1,55057,0.0619
97,4,2,55608,0.0682
97,4,3,56159,0.0224
97,4,4,56709,0.0479
97,4,5,57260,0.0172
97,4,6,57810,0.0702
97,4,7,58361,0.0202
97,4,8,58911,0.0583
97,4,9,59462,0.0616
97,4,10,60013,0.0742
97,4,11,60563,0.0757
97,4,12,61114,0.0620
97,4,13,61664,0.0213
97,4,14,62215,0.0658
97,4,15,62765,0.0499
97,4,16,63316,0.0297
97,4,17,63867,0.0739
97,4,18,64417,0.0341
97,4,19,64968,0.0430
97,4,20,65518,0.0103
97,4,21,66069,0.0386
97,4,22,66619,0.0386
97,4,23,67170,0.0366
97,4,24,67721,0.0280
98,1,1,500951,0.0539
98,1,2,505961,0.0352
98,1,3,510970,0.0125
98,1,4,515980,0.0151
98,1,5,520989,0.0297
98,1,6,525999,0.0650
98,1,7,531008,0.0267
98,1,8,536018,0.0214
98,1,9,541027,0.0530
98,1,10,546037,0.0675
98,1,11,551046,0.0308
98,1,12,556056,0.0246
98,1,13,561065,0.0663
98,1,14,566075,0.0736
98,1,15,571084,0.0669
98,1,16,576094,0.0697
98,1,17,581103,0.0107
98,1,18,586113,0.0622
98,1,19,591122,0.0203
98,1,20,596132,0.0201
98,1,21,601142,0.0710
98,1,22,606151,0.0426
98,1,23,611161,0.0566
98,1,24,616170,0.0209
98,2,1,333968,0.0522
98,2,2,337307,0.0574
98,2,3,340647,0.0341
98,2,4,343987,0.0769
98,2,5,347326,0.0356
98,2,6,350666,0.0794
98,2,7,354006,0.0797
98,2,8,357345,0.0329
98,2,9,360685,0.0186
98,2,10,364025,0.0194
98,2,11,367364,0.0464
98,2,12,370704,0.0793
98,2,13,374044,0.0463
98,2,14,377383,0.0592
98,2,15,380723,0.0200
98,2,16,384063,0.0337
98,2,17,387402,0.0634
98,2,18,390742,0.0544
98,2,19,394082,0.0383
98,2,20,397421,0.0724
98,2,21,400761,0.0260
98,2,22,404101,0.0716
98,2,23,407440,0.0486
98,2,24,410780,0.0490
98,3,1,222645,0.0192
98,3,2,224871,0.0316
98,3,3,227098,0.0530
98,3,4,229324,0.0494
98,3,5,231551,0.0786
98,3,6,233777,0.0518
98,3,7,236004,0.0282
98,3,8,238230,0.0200
98,3,9,240457,0.0641
98,3,10,242683,0.0248
98,3,11,244910,0.0597
98,3,12,247136,0.0327
98,3,13,249362,0.0227
98,3,14,251589,0.0652
98,3,15,253815,0.0293
98,3,16,256042,0.0192
98,3,17,258268,0.0650
98,3,18,260495,0.0753
98,3,19,262721,0.0508
98,3,20,264948,0.0117
98,3,21,267174,0.0468
98,3,22,269400,0.0102
98,3,23,271627,0.0632
98,3,24,273853,0.0324
98,4,1,139153,0.0694
98,4,2,140545,0.0457
98,4,3,141936,0.0129
98,4,4,143328,0.0761
98,4,5,144719,0.0662
98,4,6,146111,0.0111
98,4,7,147502,0.0319
98,4,8,148894,0.0613
98,4,9,150285,0.0448
98,4,10,151677,0.0554
98,4,11,153068,0.0793
98,4,12,154460,0.0558
98,4,13,155852,0.0345
98,4,14,157243,0.0684
98,4,15,158635,0.0763
98,4,16,160026,0.0549
98,4,17,161418,0.0550
98,4,18,162809,0.0633
98,4,19,164201,0.0589
98,4,20,165592,0.0411
98,4,21,166984,0.0761
98,4,22,168375,0.0363
98,4,23,169767,0.0205
98,4,24,171158,0.0747
99,1,1,288786,0.0455
99,1,2,291674,0.0451
99,1,3,294562,0.0650
99,1,4,297449,0.0238
99,1,5,300337,0.0667
99,1,6,303225,0.0719
99,1,7,306113,0.0319
99,1,8,309001,0.0119
99,1,9,311889,0.0360
99,1,10,314777,0.0235
99,1,11,317664,0.0443
99,1,12,320552,0.0322
99,1,13,323440,0.0257
99,1,14,326328,0.0657
99,1,15,329216,0.0729
99,1,16,332104,0.0624
99,1,17,334992,0.0738
99,1,18,337879,0.0358
99,1,19,340767,0.0589
99,1,20,343655,0.0612
99,1,21,346543,0.0454
99,1,22,349431,0.0754
99,1,23,352319,0.0711
99,1,24,355207,0.0693
99,2,1,192524,0.0453
99,2,2,194449,0.0414
99,2,3,196374,0.0147
99,2,4,198300,0.0415
99,2,5,200225,0.0768
99,2,6,202150,0.0565
99,2,7,204075,0.0575
99,2,8,206001,0.0197
99,2,9,207926,0.0193
99,2,10,209851,0.0189
99,2,11,211776,0.0501
99,2,12,213701,0.0589
99,2,13,215627,0.0248
99,2,14,217552,0.0246
99,2,15,219477,0.0749
99,2,16,221402,0.0463
99,2,17,223328,0.0792
99,2,18,225253,0.0537
99,2,19,227178,0.0627
99,2,20,229103,0.0276
99,2,21,231029,0.0123
99,2,22,232954,0.0211
99,2,23,234879,0.0650
99,2,24,236804,0.0585
99,3,1,128349,0.0101
99,3,2,129633,0.0617
99,3,3,130916,0.0784
99,3,4,132200,0.0562
99,3,5,133483,0.0339
99,3,6,134767,0.0570
99,3,7,136050,0.0420
99,3,8,137334,0.0526
99,3,9,138617,0.0482
99,3,10,139901,0.0141
99,3,11,141184,0.0380
99,3,12,142468,0.0481
99,3,13,143751,0.0370
99,3,14,145035,0.0556
99,3,15,146318,0.0759
99,3,16,147602,0.0344
99,3,17,148885,0.0246
99,3,18,150169,0.0108
99,3,19,151452,0.0566
99,3,20,152736,0.0147
99,3,21,154019,0.0552
99,3,22,155303,0.0797
99,3,23,156586,0.0313
99,3,24,157870,0.0745
99,4,1,80218,0.0445
99,4,2,81020,0.0341
99,4,3,81823,0.0581
99,4,4,82625,0.0767
99,4,5,83427,0.0691
99,4,6,84229,0.0356
99,4,7,85031,0.0276
99,4,8,85834,0.0539
99,4,9,86636,0.0333
99,4,10,87438,0.0736
99,4,11,88240,0.0295
99,4,12,89042,0.0537
99,4,13,89844,0.0306
99,4,14,90647,0.0545
99,4,15,91449,0.0747
99,4,16,92251,0.0233
99,4,17,93053,0.0152
99,4,18,93855,0.0233
99,4,19,94658,0.0151
99,4,20,95460,0.0506
99,4,21,96262,0.0194
99,4,22,97064,0.0449
99,4,23,97866,0.0219
99,4,24,98668,0.0469
100,1,1,479726,0.0395
100,1,2,484523,0.0318
100,1,3,489320,0.0138
100,1,4,494118,0.0752
100,1,5,498915,0.0276
100,1,6,503712,0.0275
100,1,7,508509,0.0625
100,1,8,513307,0.0729
100,1,9,518104,0.0735
100,1,10,522901,0.0441
100,1,11,527698,0.0602
100,1,12,532496,0.0476
100,1,13,537293,0.0199
100,1,14,542090,0.0677
100,1,15,546887,0.0262
100,1,16,551685,0.0268
100,1,17,556482,0.0290
100,1,18,561279,0.0636
100,1,19,566076,0.0286
100,1,20,570874,0.0579
100,1,21,575671,0.0235
100,1,22,580468,0.0241
100,1,23,585265,0.0132
100,1,24,590063,0.0423
100,2,1,319817,0.0711
100,2,2,323015,0.0431
100,2,3,326214,0.0519
100,2,4,329412,0.0774
100,2,5,332610,0.0185
100,2,6,335808,0.0157
100,2,7,339006,0.0385
100,2,8,342204,0.0469
100,2,9,345403,0.0172
100,2,10,348601,0.0358
100,2,11,351799,0.0570
100,2,12,354997,0.0705
100,2,13,358195,0.0696
100,2,14,361393,0.0428
100,2,15,364592,0.0101
100,2,16,367790,0.0513
100,2,17,370988,0.0639
100,2,18,374186,0.0408
100,2,19,377384,0.0751
100,2,20,380582,0.0251
100,2,21,383781,0.0523
100,2,22,386979,0.0125
100,2,23,390177,0.0418
100,2,24,393375,0.0678
100,3,1,213211,0.0172
100,3,2,215344,0.0403
100,3,3,217476,0.0682
100,3,4,219608,0.0116
100,3,5,221740,0.0697
100,3,6,223872,0.0561
100,3,7,226004,0.0652
100,3,8,228136,0.0757
100,3,9,230268,0.0655
100,3,10,232400,0.0369
100,3,11,234533,0.0245
100,3,12,236665,0.0599
100,3,13,238797,0.0682
100,3,14,240929,0.0710
100,3,15,243061,0.0318
100,3,16,245193,0.0262
100,3,17,247325,0.0125
100,3,18,249457,0.0733
100,3,19,251589,0.0695
100,3,20,253722,0.0116
100,3,21,255854,0.0410
100,3,22,257986,0.0505
100,3,23,260118,0.0196
100,3,24,262250,0.0623
100,4,1,133257,0.0727
100,4,2,134590,0.0621
100,4,3,135922,0.0353
100,4,4,137255,0.0257
100,4,5,138587,0.0728
100,4,6,139920,0.0132
100,4,7,141253,0.0607
100,4,8,142585,0.0179
100,4,9,143918,0.0559
100,4,10,145250,0.0668
100,4,11,146583,0.0115
100,4,12,147915,0.0780
100,4,13,149248,0.0525
100,4,14,150581,0.0766
100,4,15,151913,0.0486
100,4,16,153246,0.0369
100,4,17,154578,0.0709
100,4,18,155911,0.0238
100,4,19,157243,0.0424
100,4,20,158576,0.0427
100,4,21,159909,0.0382
100,4,22,161241,0.0650
100,4,23,162574,0.0326
100,4,24,163906,0.0280
