track_id,dsp_id,available_date
1,1,2022-07-15
1,2,2022-07-15
1,3,2022-07-15
1,4,2022-07-15
1,5,2022-07-15
1,6,2022-07-15
1,7,2022-07-15
2,1,2024-12-26
2,2,2024-12-26
2,4,2024-12-26
2,5,2024-12-26
2,6,2024-12-26
2,7,2024-12-26
3,1,2025-11-18
3,2,2025-11-18
3,3,2025-11-18
3,5,2025-11-18
3,7,2025-11-18
4,1,2023-01-03
4,2,2023-01-03
4,3,2023-01-03
4,5,2023-01-03
4,6,2023-01-03
4,7,2023-01-03
5,1,2023-10-09
5,2,2023-10-09
5,3,2023-10-09
5,4,2023-10-09
5,5,2023-10-09
5,7,2023-10-09
6,1,2025-08-07
6,3,2025-08-07
6,4,2025-08-07
6,5,2025-08-07
6,6,2025-08-07
6,7,2025-08-07
7,1,2025-03-28
7,2,2025-03-28
7,3,2025-03-28
7,4,2025-03-28
7,5,2025-03-28
7,6,2025-03-28
8,1,2022-11-19
8,2,2022-11-19
8,3,2022-11-19
8,6,2022-11-19
8,7,2022-11-19
9,1,2022-11-19
9,2,2022-11-19
9,3,2022-11-19
9,4,2022-11-19
9,5,2022-11-19
9,6,2022-11-19
9,7,2022-11-19
10,1,2022-11-19
10,5,2022-11-19
10,6,2022-11-19
10,7,2022-11-19
11,1,2022-11-19
11,2,2022-11-19
11,3,2022-11-19
11,5,2022-11-19
11,6,2022-11-19
11,7,2022-11-19
12,1,2022-11-19
12,3,2022-11-19
12,4,2022-11-19
12,5,2022-11-19
12,6,2022-11-19
12,7,2022-11-19
13,1,2022-01-18
13,2,2022-01-18
13,3,2022-01-18
13,4,2022-01-18
13,5,2022-01-18
13,6,2022-01-18
13,7,2022-01-18
14,1,2022-01-18
14,2,2022-01-18
14,3,2022-01-18
14,4,2022-01-18
14,5,2022-01-18
14,6,2022-01-18
14,7,2022-01-18
15,1,2022-01-18
15,2,2022-01-18
15,3,2022-01-18
15,5,2022-01-18
15,6,2022-01-18
15,7,2022-01-18
16,1,2023-11-03
16,2,2023-11-03
16,3,2023-11-03
16,4,2023-11-03
16,5,2023-11-03
16,6,2023-11-03
17,1,2021-12-22
17,4,2021-12-22
17,5,2021-12-22
17,6,2021-12-22
17,7,2021-12-22
18,1,2021-09-13
18,2,2021-09-13
18,3,2021-09-13
18,4,2021-09-13
18,5,2021-09-13
18,6,2021-09-13
18,7,2021-09-13
19,1,2021-09-13
19,2,2021-09-13
19,5,2021-09-13
19,6,2021-09-13
19,7,2021-09-13
20,1,2021-09-13
20,2,2021-09-13
20,3,2021-09-13
20,4,2021-09-13
20,6,2021-09-13
20,7,2021-09-13
21,1,2025-12-04
21,2,2025-12-04
21,4,2025-12-04
21,5,2025-12-04
21,6,2025-12-04
21,7,2025-12-04
22,1,2025-12-04
22,3,2025-12-04
22,5,2025-12-04
22,6,2025-12-04
22,7,2025-12-04
23,1,2025-12-04
23,2,2025-12-04
23,3,2025-12-04
23,4,2025-12-04
23,7,2025-12-04
24,1,2025-12-04
24,3,2025-12-04
24,4,2025-12-04
24,5,2025-12-04
24,6,2025-12-04
24,7,2025-12-04
25,1,2023-03-23
25,2,2023-03-23
25,3,2023-03-23
25,4,2023-03-23
25,5,2023-03-23
25,6,2023-03-23
25,7,2023-03-23
26,1,2023-03-23
26,2,2023-03-23
26,3,2023-03-23
26,4,2023-03-23
26,5,2023-03-23
27,1,2023-03-23
27,2,2023-03-23
27,3,2023-03-23
27,5,2023-03-23
27,6,2023-03-23
27,7,2023-03-23
28,1,2023-03-23
28,2,2023-03-23
28,3,2023-03-23
28,4,2023-03-23
28,5,2023-03-23
28,7,2023-03-23
29,1,2023-03-23
29,2,2023-03-23
29,3,2023-03-23
29,4,2023-03-23
29,5,2023-03-23
29,6,2023-03-23
30,1,2021-09-07
30,2,2021-09-07
30,5,2021-09-07
30,6,2021-09-07
31,1,2021-09-07
31,3,2021-09-07
31,5,2021-09-07
31,6,2021-09-07
31,7,2021-09-07
32,1,2021-09-07
32,2,2021-09-07
32,4,2021-09-07
32,5,2021-09-07
32,6,2021-09-07
32,7,2021-09-07
33,1,2021-09-07
33,2,2021-09-07
33,4,2021-09-07
33,5,2021-09-07
33,6,2021-09-07
33,7,2021-09-07
34,1,2021-09-07
34,2,2021-09-07
34,3,2021-09-07
34,4,2021-09-07
34,5,2021-09-07
34,6,2021-09-07
34,7,2021-09-07
35,1,2021-09-07
35,2,2021-09-07
35,3,2021-09-07
35,5,2021-09-07
35,6,2021-09-07
36,1,2021-09-07
36,2,2021-09-07
36,3,2021-09-07
36,4,2021-09-07
36,5,2021-09-07
36,6,2021-09-07
36,7,2021-09-07
37,1,2021-09-07
37,3,2021-09-07
37,5,2021-09-07
37,6,2021-09-07
38,1,2021-09-07
38,2,2021-09-07
38,3,2021-09-07
38,4,2021-09-07
38,5,2021-09-07
38,6,2021-09-07
39,1,2021-09-07
39,2,2021-09-07
39,3,2021-09-07
39,4,2021-09-07
39,6,2021-09-07
39,7,2021-09-07
40,1,2022-02-12
40,2,2022-02-12
40,3,2022-02-12
40,4,2022-02-12
40,5,2022-02-12
40,6,2022-02-12
40,7,2022-02-12
41,1,2025-02-12
41,2,2025-02-12
41,3,2025-02-12
41,5,2025-02-12
41,6,2025-02-12
42,1,2025-02-12
42,2,2025-02-12
42,3,2025-02-12
42,4,2025-02-12
42,5,2025-02-12
42,6,2025-02-12
42,7,2025-02-12
43,1,2025-02-12
43,2,2025-02-12
43,3,2025-02-12
43,4,2025-02-12
44,1,2025-02-12
44,2,2025-02-12
44,3,2025-02-12
44,4,2025-02-12
44,5,2025-02-12
44,6,2025-02-12
44,7,2025-02-12
45,1,2025-02-12
45,3,2025-02-12
45,4,2025-02-12
45,5,2025-02-12
45,6,2025-02-12
46,1,2022-11-13
46,2,2022-11-13
46,3,2022-11-13
46,4,2022-11-13
46,5,2022-11-13
46,7,2022-11-13
47,1,2022-11-13
47,2,2022-11-13
47,3,2022-11-13
47,4,2022-11-13
47,5,2022-11-13
47,6,2022-11-13
47,7,2022-11-13
48,1,2022-11-13
48,2,2022-11-13
48,3,2022-11-13
48,5,2022-11-13
48,6,2022-11-13
48,7,2022-11-13
49,1,2023-08-19
49,2,2023-08-19
49,3,2023-08-19
49,4,2023-08-19
49,5,2023-08-19
50,1,2023-08-19
50,2,2023-08-19
50,3,2023-08-19
50,6,2023-08-19
50,7,2023-08-19
51,1,2023-08-19
51,2,2023-08-19
51,4,2023-08-19
51,5,2023-08-19
51,6,2023-08-19
51,7,2023-08-19
52,1,2023-08-19
52,2,2023-08-19
52,3,2023-08-19
52,4,2023-08-19
52,6,2023-08-19
52,7,2023-08-19
53,1,2023-11-18
53,2,2023-11-18
53,4,2023-11-18
53,5,2023-11-18
53,6,2023-11-18
53,7,2023-11-18
54,1,2023-11-18
54,2,2023-11-18
54,4,2023-11-18
54,5,2023-11-18
54,6,2023-11-18
54,7,2023-11-18
55,1,2023-11-18
55,4,2023-11-18
55,6,2023-11-18
55,7,2023-11-18
56,1,2023-11-18
56,2,2023-11-18
56,3,2023-11-18
56,4,2023-11-18
56,5,2023-11-18
56,6,2023-11-18
56,7,2023-11-18
57,1,2023-11-18
57,2,2023-11-18
57,4,2023-11-18
57,5,2023-11-18
57,6,2023-11-18
57,7,2023-11-18
58,1,2021-12-29
58,2,2021-12-29
58,3,2021-12-29
58,4,2021-12-29
58,6,2021-12-29
58,7,2021-12-29
59,1,2021-12-29
59,2,2021-12-29
59,3,2021-12-29
59,5,2021-12-29
59,6,2021-12-29
60,1,2021-12-29
60,3,2021-12-29
60,4,2021-12-29
60,5,2021-12-29
60,6,2021-12-29
60,7,2021-12-29
61,1,2021-09-02
61,2,2021-09-02
61,3,2021-09-02
61,4,2021-09-02
61,5,2021-09-02
61,6,2021-09-02
61,7,2021-09-02
62,1,2021-09-02
62,3,2021-09-02
62,5,2021-09-02
62,7,2021-09-02
63,1,2021-09-02
63,2,2021-09-02
63,3,2021-09-02
63,4,2021-09-02
63,5,2021-09-02
63,6,2021-09-02
63,7,2021-09-02
64,1,2021-09-02
64,2,2021-09-02
64,3,2021-09-02
64,4,2021-09-02
64,5,2021-09-02
64,6,2021-09-02
64,7,2021-09-02
65,1,2021-09-02
65,2,2021-09-02
65,3,2021-09-02
65,5,2021-09-02
65,6,2021-09-02
65,7,2021-09-02
66,1,2021-09-02
66,2,2021-09-02
66,3,2021-09-02
66,4,2021-09-02
66,5,2021-09-02
66,6,2021-09-02
66,7,2021-09-02
67,1,2021-09-02
67,3,2021-09-02
67,5,2021-09-02
67,7,2021-09-02
68,1,2021-09-02
68,4,2021-09-02
68,6,2021-09-02
68,7,2021-09-02
69,1,2021-09-02
69,3,2021-09-02
69,4,2021-09-02
69,5,2021-09-02
69,6,2021-09-02
70,1,2021-09-02
70,2,2021-09-02
70,4,2021-09-02
70,5,2021-09-02
70,6,2021-09-02
70,7,2021-09-02
71,1,2021-09-02
71,2,2021-09-02
71,3,2021-09-02
71,4,2021-09-02
71,5,2021-09-02
72,1,2023-02-28
72,3,2023-02-28
72,4,2023-02-28
72,5,2023-02-28
72,6,2023-02-28
72,7,2023-02-28
73,1,2023-02-28
73,2,2023-02-28
73,4,2023-02-28
73,5,2023-02-28
73,6,2023-02-28
73,7,2023-02-28
74,1,2023-02-28
74,2,2023-02-28
74,3,2023-02-28
74,4,2023-02-28
74,5,2023-02-28
74,6,2023-02-28
74,7,2023-02-28
75,1,2023-02-28
75,3,2023-02-28
75,4,2023-02-28
75,6,2023-02-28
75,7,2023-02-28
76,1,2023-02-28
76,2,2023-02-28
76,3,2023-02-28
76,4,2023-02-28
76,5,2023-02-28
76,7,2023-02-28
77,1,2022-02-08
77,2,2022-02-08
77,4,2022-02-08
77,5,2022-02-08
77,7,2022-02-08
78,1,2022-02-08
78,2,2022-02-08
78,3,2022-02-08
78,5,2022-02-08
78,6,2022-02-08
78,7,2022-02-08
79,1,2022-02-08
79,2,2022-02-08
79,3,2022-02-08
79,4,2022-02-08
79,6,2022-02-08
79,7,2022-02-08
80,1,2024-05-23
80,3,2024-05-23
80,4,2024-05-23
80,6,2024-05-23
80,7,2024-05-23
81,1,2024-05-23
81,2,2024-05-23
81,3,2024-05-23
81,4,2024-05-23
81,5,2024-05-23
81,6,2024-05-23
81,7,2024-05-23
82,1,2024-05-23
82,2,2024-05-23
82,3,2024-05-23
82,4,2024-05-23
82,6,2024-05-23
83,1,2024-05-23
83,3,2024-05-23
83,4,2024-05-23
83,5,2024-05-23
83,7,2024-05-23
84,1,2024-05-23
84,4,2024-05-23
84,5,2024-05-23
84,6,2024-05-23
84,7,2024-05-23
85,1,2024-05-23
85,2,2024-05-23
85,3,2024-05-23
85,4,2024-05-23
85,5,2024-05-23
85,6,2024-05-23
85,7,2024-05-23
86,1,2024-05-23
86,3,2024-05-23
86,4,2024-05-23
86,6,2024-05-23
86,7,2024-05-23
87,1,2024-05-23
87,2,2024-05-23
87,3,2024-05-23
87,4,2024-05-23
87,5,2024-05-23
87,6,2024-05-23
87,7,2024-05-23
88,1,2024-03-17
88,2,2024-03-17
88,4,2024-03-17
88,6,2024-03-17
88,7,2024-03-17
89,1,2024-03-17
89,2,2024-03-17
89,3,2024-03-17
89,4,2024-03-17
89,5,2024-03-17
89,6,2024-03-17
89,7,2024-03-17
90,1,2024-03-17
90,2,2024-03-17
90,3,2024-03-17
90,4,2024-03-17
90,5,2024-03-17
90,6,2024-03-17
90,7,2024-03-17
91,1,2024-03-17
91,2,2024-03-17
91,3,2024-03-17
91,5,2024-03-17
91,6,2024-03-17
91,7,2024-03-17
92,1,2024-03-17
92,2,2024-03-17
92,4,2024-03-17
92,5,2024-03-17
92,6,2024-03-17
92,7,2024-03-17
93,1,2024-03-17
93,2,2024-03-17
93,3,2024-03-17
93,4,2024-03-17
93,6,2024-03-17
93,7,2024-03-17
94,1,2024-03-17
94,2,2024-03-17
94,3,2024-03-17
94,4,2024-03-17
94,5,2024-03-17
94,6,2024-03-17
94,7,2024-03-17
95,1,2024-03-17
95,2,2024-03-17
95,3,2024-03-17
95,5,2024-03-17
95,7,2024-03-17
96,1,2024-03-17
96,2,2024-03-17
96,3,2024-03-17
96,4,2024-03-17
96,6,2024-03-17
96,7,2024-03-17
97,1,2026-04-13
97,2,2026-04-13
97,3,2026-04-13
97,4,2026-04-13
97,5,2026-04-13
97,6,2026-04-13
98,1,2022-11-26
98,2,2022-11-26
98,3,2022-11-26
98,4,2022-11-26
98,5,2022-11-26
98,6,2022-11-26
99,1,2022-11-26
99,2,2022-11-26
99,3,2022-11-26
99,5,2022-11-26
100,1,2022-11-26
100,3,2022-11-26
100,4,2022-11-26
100,5,2022-11-26
100,6,2022-11-26
100,7,2022-11-26
101,1,2022-11-26
101,2,2022-11-26
101,3,2022-11-26
101,4,2022-11-26
101,5,2022-11-26
101,6,2022-11-26
101,7,2022-11-26
102,1,2024-11-19
102,2,2024-11-19
102,4,2024-11-19
102,6,2024-11-19
103,1,2024-11-19
103,2,2024-11-19
103,3,2024-11-19
103,4,2024-11-19
103,5,2024-11-19
103,6,2024-11-19
103,7,2024-11-19
104,1,2024-11-19
104,2,2024-11-19
104,3,2024-11-19
104,4,2024-11-19
104,5,2024-11-19
104,6,2024-11-19
104,7,2024-11-19
105,1,2024-11-19
105,2,2024-11-19
105,3,2024-11-19
105,4,2024-11-19
105,5,2024-11-19
105,7,2024-11-19
106,1,2024-11-19
106,2,2024-11-19
106,3,2024-11-19
106,4,2024-11-19
106,7,2024-11-19
107,1,2024-11-19
107,2,2024-11-19
107,3,2024-11-19
107,5,2024-11-19
107,7,2024-11-19
108,1,2024-11-19
108,2,2024-11-19
108,3,2024-11-19
108,4,2024-11-19
108,5,2024-11-19
108,7,2024-11-19
109,1,2024-11-19
109,3,2024-11-19
109,4,2024-11-19
109,5,2024-11-19
109,6,2024-11-19
109,7,2024-11-19
110,1,2024-11-19
110,4,2024-11-19
110,5,2024-11-19
110,6,2024-11-19
110,7,2024-11-19
111,1,2024-11-19
111,2,2024-11-19
111,3,2024-11-19
111,4,2024-11-19
111,5,2024-11-19
111,6,2024-11-19
112,1,2024-11-19
112,4,2024-11-19
112,5,2024-11-19
112,6,2024-11-19
112,7,2024-11-19
113,1,2024-11-19
113,3,2024-11-19
113,4,2024-11-19
113,5,2024-11-19
113,6,2024-11-19
113,7,2024-11-19
114,1,2024-04-08
114,2,2024-04-08
114,3,2024-04-08
114,5,2024-04-08
114,6,2024-04-08
115,1,2024-04-08
115,5,2024-04-08
115,6,2024-04-08
115,7,2024-04-08
116,1,2024-04-08
116,2,2024-04-08
116,4,2024-04-08
116,7,2024-04-08
117,1,2024-04-08
117,2,2024-04-08
117,3,2024-04-08
117,4,2024-04-08
117,5,2024-04-08
117,6,2024-04-08
118,1,2024-04-08
118,2,2024-04-08
118,4,2024-04-08
118,5,2024-04-08
118,6,2024-04-08
118,7,2024-04-08
119,1,2024-04-08
119,3,2024-04-08
119,4,2024-04-08
119,5,2024-04-08
120,1,2024-04-08
120,2,2024-04-08
120,4,2024-04-08
120,5,2024-04-08
121,1,2025-02-08
121,2,2025-02-08
121,5,2025-02-08
121,7,2025-02-08
122,1,2026-03-19
122,4,2026-03-19
122,5,2026-03-19
122,6,2026-03-19
122,7,2026-03-19
123,1,2024-04-20
123,2,2024-04-20
123,3,2024-04-20
123,4,2024-04-20
123,5,2024-04-20
123,6,2024-04-20
123,7,2024-04-20
124,1,2023-01-03
124,2,2023-01-03
124,3,2023-01-03
124,4,2023-01-03
124,6,2023-01-03
124,7,2023-01-03
125,1,2023-01-03
125,2,2023-01-03
125,3,2023-01-03
125,5,2023-01-03
125,6,2023-01-03
125,7,2023-01-03
126,1,2023-01-03
126,2,2023-01-03
126,3,2023-01-03
126,4,2023-01-03
126,5,2023-01-03
126,6,2023-01-03
126,7,2023-01-03
127,1,2023-01-03
127,3,2023-01-03
127,4,2023-01-03
127,6,2023-01-03
127,7,2023-01-03
128,1,2023-01-03
128,2,2023-01-03
128,3,2023-01-03
128,4,2023-01-03
128,5,2023-01-03
128,6,2023-01-03
128,7,2023-01-03
129,1,2023-01-03
129,2,2023-01-03
129,3,2023-01-03
129,4,2023-01-03
129,6,2023-01-03
129,7,2023-01-03
130,1,2023-01-03
130,2,2023-01-03
130,4,2023-01-03
130,6,2023-01-03
130,7,2023-01-03
131,1,2023-01-03
131,2,2023-01-03
131,3,2023-01-03
131,4,2023-01-03
131,5,2023-01-03
131,6,2023-01-03
132,1,2023-01-03
132,2,2023-01-03
132,3,2023-01-03
132,4,2023-01-03
132,5,2023-01-03
132,6,2023-01-03
133,1,2023-01-03
133,4,2023-01-03
133,6,2023-01-03
133,7,2023-01-03
134,1,2023-01-03
134,2,2023-01-03
134,3,2023-01-03
134,4,2023-01-03
134,6,2023-01-03
134,7,2023-01-03
135,1,2025-12-12
135,2,2025-12-12
135,3,2025-12-12
135,4,2025-12-12
135,5,2025-12-12
135,6,2025-12-12
136,1,2025-12-12
136,2,2025-12-12
136,5,2025-12-12
136,6,2025-12-12
136,7,2025-12-12
137,1,2025-12-12
137,2,2025-12-12
137,3,2025-12-12
137,4,2025-12-12
137,5,2025-12-12
137,6,2025-12-12
137,7,2025-12-12
138,1,2025-12-12
138,3,2025-12-12
138,4,2025-12-12
138,5,2025-12-12
138,6,2025-12-12
138,7,2025-12-12
139,1,2025-12-12
139,4,2025-12-12
139,5,2025-12-12
139,6,2025-12-12
139,7,2025-12-12
140,1,2025-12-12
140,2,2025-12-12
140,4,2025-12-12
140,5,2025-12-12
140,7,2025-12-12
141,1,2025-12-12
141,2,2025-12-12
141,3,2025-12-12
141,5,2025-12-12
141,7,2025-12-12
142,1,2025-12-12
142,2,2025-12-12
142,3,2025-12-12
142,4,2025-12-12
142,6,2025-12-12
143,1,2025-12-12
143,2,2025-12-12
143,3,2025-12-12
143,6,2025-12-12
144,1,2025-12-12
144,2,2025-12-12
144,3,2025-12-12
144,5,2025-12-12
144,6,2025-12-12
144,7,2025-12-12
145,1,2025-12-12
145,2,2025-12-12
145,3,2025-12-12
145,4,2025-12-12
145,5,2025-12-12
145,6,2025-12-12
146,1,2025-12-12
146,2,2025-12-12
146,3,2025-12-12
146,4,2025-12-12
146,5,2025-12-12
146,6,2025-12-12
146,7,2025-12-12
147,1,2024-05-06
147,2,2024-05-06
147,3,2024-05-06
147,4,2024-05-06
147,5,2024-05-06
147,6,2024-05-06
147,7,2024-05-06
148,1,2022-03-31
148,3,2022-03-31
148,5,2022-03-31
148,6,2022-03-31
148,7,2022-03-31
149,1,2022-03-31
149,2,2022-03-31
149,3,2022-03-31
149,5,2022-03-31
149,6,2022-03-31
149,7,2022-03-31
150,1,2022-03-31
150,2,2022-03-31
150,3,2022-03-31
150,4,2022-03-31
151,1,2022-03-31
151,2,2022-03-31
151,3,2022-03-31
151,4,2022-03-31
151,6,2022-03-31
151,7,2022-03-31
152,1,2022-03-31
152,2,2022-03-31
152,3,2022-03-31
152,4,2022-03-31
152,5,2022-03-31
152,6,2022-03-31
153,1,2022-03-31
153,2,2022-03-31
153,3,2022-03-31
153,4,2022-03-31
153,5,2022-03-31
153,7,2022-03-31
154,1,2022-03-31
154,3,2022-03-31
154,5,2022-03-31
154,6,2022-03-31
155,1,2022-03-31
155,2,2022-03-31
155,3,2022-03-31
155,4,2022-03-31
155,5,2022-03-31
155,6,2022-03-31
155,7,2022-03-31
156,1,2024-11-30
156,3,2024-11-30
156,4,2024-11-30
156,6,2024-11-30
157,1,2026-05-25
157,3,2026-05-25
157,4,2026-05-25
157,6,2026-05-25
157,7,2026-05-25
158,1,2025-10-19
158,3,2025-10-19
158,4,2025-10-19
158,5,2025-10-19
158,6,2025-10-19
159,1,2022-05-25
159,2,2022-05-25
159,3,2022-05-25
159,4,2022-05-25
159,6,2022-05-25
160,1,2023-02-18
160,2,2023-02-18
160,3,2023-02-18
160,4,2023-02-18
160,5,2023-02-18
160,6,2023-02-18
160,7,2023-02-18
161,1,2021-12-19
161,2,2021-12-19
161,3,2021-12-19
161,5,2021-12-19
161,6,2021-12-19
161,7,2021-12-19
162,1,2023-10-12
162,2,2023-10-12
162,3,2023-10-12
162,4,2023-10-12
162,5,2023-10-12
162,6,2023-10-12
162,7,2023-10-12
163,1,2026-06-26
163,2,2026-06-26
163,3,2026-06-26
163,4,2026-06-26
163,5,2026-06-26
163,6,2026-06-26
163,7,2026-06-26
164,1,2024-04-30
164,2,2024-04-30
164,3,2024-04-30
164,4,2024-04-30
164,5,2024-04-30
164,6,2024-04-30
164,7,2024-04-30
165,1,2023-05-12
165,2,2023-05-12
165,3,2023-05-12
165,4,2023-05-12
165,5,2023-05-12
165,6,2023-05-12
165,7,2023-05-12
166,1,2022-03-25
166,2,2022-03-25
166,3,2022-03-25
166,4,2022-03-25
166,5,2022-03-25
166,7,2022-03-25
167,1,2024-05-29
167,2,2024-05-29
167,3,2024-05-29
167,4,2024-05-29
167,5,2024-05-29
167,6,2024-05-29
167,7,2024-05-29
168,1,2023-11-29
168,2,2023-11-29
168,3,2023-11-29
168,4,2023-11-29
168,6,2023-11-29
168,7,2023-11-29
169,1,2023-11-29
169,2,2023-11-29
169,3,2023-11-29
169,4,2023-11-29
169,5,2023-11-29
169,6,2023-11-29
169,7,2023-11-29
170,1,2023-11-29
170,2,2023-11-29
170,4,2023-11-29
170,5,2023-11-29
170,6,2023-11-29
170,7,2023-11-29
171,1,2023-11-29
171,2,2023-11-29
171,3,2023-11-29
171,4,2023-11-29
171,5,2023-11-29
171,6,2023-11-29
171,7,2023-11-29
172,1,2023-11-29
172,2,2023-11-29
172,4,2023-11-29
172,5,2023-11-29
172,7,2023-11-29
173,1,2024-09-29
173,6,2024-09-29
173,7,2024-09-29
174,1,2024-09-29
174,2,2024-09-29
174,3,2024-09-29
174,5,2024-09-29
174,6,2024-09-29
174,7,2024-09-29
175,1,2024-09-29
175,3,2024-09-29
175,4,2024-09-29
175,6,2024-09-29
175,7,2024-09-29
176,1,2022-05-30
176,2,2022-05-30
176,3,2022-05-30
176,6,2022-05-30
176,7,2022-05-30
177,1,2024-01-09
177,2,2024-01-09
177,3,2024-01-09
177,4,2024-01-09
177,5,2024-01-09
177,6,2024-01-09
177,7,2024-01-09
178,1,2026-05-18
178,3,2026-05-18
178,4,2026-05-18
178,5,2026-05-18
178,6,2026-05-18
178,7,2026-05-18
179,1,2025-08-29
179,2,2025-08-29
179,3,2025-08-29
179,4,2025-08-29
179,5,2025-08-29
179,6,2025-08-29
180,1,2022-11-29
180,2,2022-11-29
180,3,2022-11-29
180,5,2022-11-29
180,6,2022-11-29
180,7,2022-11-29
181,1,2025-11-06
181,2,2025-11-06
181,3,2025-11-06
181,4,2025-11-06
181,5,2025-11-06
181,6,2025-11-06
181,7,2025-11-06
182,1,2025-11-06
182,2,2025-11-06
182,4,2025-11-06
182,5,2025-11-06
182,7,2025-11-06
183,1,2025-11-06
183,2,2025-11-06
183,5,2025-11-06
183,6,2025-11-06
183,7,2025-11-06
184,1,2024-02-19
184,2,2024-02-19
184,3,2024-02-19
184,4,2024-02-19
184,5,2024-02-19
184,6,2024-02-19
184,7,2024-02-19
185,1,2024-02-19
185,2,2024-02-19
185,5,2024-02-19
185,6,2024-02-19
185,7,2024-02-19
186,1,2024-02-19
186,2,2024-02-19
186,3,2024-02-19
186,4,2024-02-19
186,6,2024-02-19
187,1,2024-02-19
187,2,2024-02-19
187,3,2024-02-19
187,4,2024-02-19
187,5,2024-02-19
187,6,2024-02-19
187,7,2024-02-19
188,1,2024-12-09
188,3,2024-12-09
188,5,2024-12-09
188,6,2024-12-09
189,1,2022-03-07
189,2,2022-03-07
189,4,2022-03-07
189,6,2022-03-07
190,1,2022-03-07
190,2,2022-03-07
190,3,2022-03-07
190,4,2022-03-07
190,5,2022-03-07
190,6,2022-03-07
190,7,2022-03-07
191,1,2022-03-07
191,2,2022-03-07
191,3,2022-03-07
191,4,2022-03-07
191,5,2022-03-07
191,6,2022-03-07
191,7,2022-03-07
192,1,2024-05-08
192,2,2024-05-08
192,3,2024-05-08
192,4,2024-05-08
192,6,2024-05-08
192,7,2024-05-08
193,1,2024-05-08
193,2,2024-05-08
193,3,2024-05-08
193,4,2024-05-08
193,6,2024-05-08
193,7,2024-05-08
194,1,2024-05-08
194,2,2024-05-08
194,3,2024-05-08
194,4,2024-05-08
194,5,2024-05-08
194,6,2024-05-08
194,7,2024-05-08
195,1,2024-05-08
195,2,2024-05-08
195,3,2024-05-08
195,4,2024-05-08
195,5,2024-05-08
195,7,2024-05-08
196,1,2023-10-11
196,2,2023-10-11
196,3,2023-10-11
196,4,2023-10-11
196,5,2023-10-11
196,6,2023-10-11
196,7,2023-10-11
197,1,2023-10-11
197,2,2023-10-11
197,3,2023-10-11
197,4,2023-10-11
197,6,2023-10-11
197,7,2023-10-11
198,1,2023-10-11
198,2,2023-10-11
198,3,2023-10-11
198,4,2023-10-11
198,5,2023-10-11
198,6,2023-10-11
198,7,2023-10-11
199,1,2023-10-11
199,2,2023-10-11
199,3,2023-10-11
199,4,2023-10-11
199,5,2023-10-11
199,6,2023-10-11
199,7,2023-10-11
200,1,2023-10-11
200,2,2023-10-11
200,3,2023-10-11
200,5,2023-10-11
200,7,2023-10-11
201,1,2024-03-28
201,2,2024-03-28
201,3,2024-03-28
201,4,2024-03-28
201,5,2024-03-28
201,7,2024-03-28
202,1,2024-03-28
202,3,2024-03-28
202,4,2024-03-28
202,5,2024-03-28
202,6,2024-03-28
202,7,2024-03-28
203,1,2024-03-28
203,2,2024-03-28
203,3,2024-03-28
203,4,2024-03-28
203,5,2024-03-28
203,6,2024-03-28
203,7,2024-03-28
204,1,2024-03-28
204,2,2024-03-28
204,3,2024-03-28
204,4,2024-03-28
204,5,2024-03-28
204,6,2024-03-28
204,7,2024-03-28
205,1,2024-03-28
205,2,2024-03-28
205,3,2024-03-28
205,4,2024-03-28
205,6,2024-03-28
205,7,2024-03-28
206,1,2024-03-28
206,3,2024-03-28
206,4,2024-03-28
206,5,2024-03-28
206,6,2024-03-28
206,7,2024-03-28
207,1,2024-03-28
207,2,2024-03-28
207,3,2024-03-28
207,4,2024-03-28
207,5,2024-03-28
207,6,2024-03-28
207,7,2024-03-28
208,1,2024-03-28
208,2,2024-03-28
208,5,2024-03-28
208,6,2024-03-28
208,7,2024-03-28
209,1,2024-03-28
209,2,2024-03-28
209,3,2024-03-28
209,4,2024-03-28
209,5,2024-03-28
209,6,2024-03-28
210,1,2024-03-28
210,2,2024-03-28
210,4,2024-03-28
210,5,2024-03-28
210,6,2024-03-28
210,7,2024-03-28
211,1,2022-02-03
211,4,2022-02-03
211,5,2022-02-03
211,6,2022-02-03
212,1,2022-02-03
212,2,2022-02-03
212,3,2022-02-03
212,4,2022-02-03
212,5,2022-02-03
212,6,2022-02-03
212,7,2022-02-03
213,1,2022-02-03
213,2,2022-02-03
213,3,2022-02-03
213,4,2022-02-03
213,5,2022-02-03
213,6,2022-02-03
213,7,2022-02-03
214,1,2022-02-03
214,2,2022-02-03
214,3,2022-02-03
214,5,2022-02-03
214,6,2022-02-03
214,7,2022-02-03
215,1,2023-11-01
215,2,2023-11-01
215,3,2023-11-01
215,4,2023-11-01
215,5,2023-11-01
215,6,2023-11-01
216,1,2023-11-01
216,3,2023-11-01
216,4,2023-11-01
216,5,2023-11-01
216,6,2023-11-01
216,7,2023-11-01
217,1,2023-11-01
217,3,2023-11-01
217,4,2023-11-01
217,5,2023-11-01
217,6,2023-11-01
218,1,2023-11-01
218,2,2023-11-01
218,3,2023-11-01
218,4,2023-11-01
218,5,2023-11-01
218,6,2023-11-01
218,7,2023-11-01
219,1,2023-11-01
219,3,2023-11-01
219,4,2023-11-01
219,5,2023-11-01
219,7,2023-11-01
220,1,2026-05-15
220,2,2026-05-15
220,3,2026-05-15
220,4,2026-05-15
220,5,2026-05-15
220,6,2026-05-15
221,1,2026-05-15
221,2,2026-05-15
221,3,2026-05-15
221,4,2026-05-15
221,5,2026-05-15
221,6,2026-05-15
221,7,2026-05-15
222,1,2026-05-15
222,2,2026-05-15
222,3,2026-05-15
222,4,2026-05-15
222,5,2026-05-15
222,7,2026-05-15
223,1,2023-12-26
223,2,2023-12-26
223,5,2023-12-26
223,6,2023-12-26
223,7,2023-12-26
224,1,2023-12-26
224,2,2023-12-26
224,3,2023-12-26
224,4,2023-12-26
224,5,2023-12-26
224,7,2023-12-26
225,1,2023-12-26
225,2,2023-12-26
225,3,2023-12-26
225,4,2023-12-26
225,5,2023-12-26
225,7,2023-12-26
226,1,2023-12-26
226,2,2023-12-26
226,3,2023-12-26
226,4,2023-12-26
226,5,2023-12-26
226,6,2023-12-26
226,7,2023-12-26
227,1,2023-12-26
227,2,2023-12-26
227,3,2023-12-26
227,4,2023-12-26
227,5,2023-12-26
227,6,2023-12-26
227,7,2023-12-26
228,1,2023-12-26
228,3,2023-12-26
228,4,2023-12-26
228,5,2023-12-26
228,6,2023-12-26
228,7,2023-12-26
229,1,2023-12-26
229,2,2023-12-26
229,4,2023-12-26
229,5,2023-12-26
229,6,2023-12-26
229,7,2023-12-26
230,1,2023-12-26
230,2,2023-12-26
230,3,2023-12-26
230,4,2023-12-26
230,5,2023-12-26
230,6,2023-12-26
230,7,2023-12-26
231,1,2024-02-26
231,2,2024-02-26
231,3,2024-02-26
231,5,2024-02-26
231,6,2024-02-26
231,7,2024-02-26
232,1,2024-02-26
232,2,2024-02-26
232,4,2024-02-26
232,5,2024-02-26
232,6,2024-02-26
232,7,2024-02-26
233,1,2024-02-26
233,2,2024-02-26
233,3,2024-02-26
233,5,2024-02-26
233,6,2024-02-26
233,7,2024-02-26
234,1,2024-02-26
234,3,2024-02-26
234,6,2024-02-26
234,7,2024-02-26
235,1,2024-02-26
235,2,2024-02-26
235,3,2024-02-26
235,5,2024-02-26
235,6,2024-02-26
235,7,2024-02-26
236,1,2024-02-26
236,2,2024-02-26
236,3,2024-02-26
236,4,2024-02-26
236,5,2024-02-26
236,6,2024-02-26
237,1,2024-02-26
237,3,2024-02-26
237,4,2024-02-26
237,5,2024-02-26
237,6,2024-02-26
238,1,2024-02-26
238,2,2024-02-26
238,3,2024-02-26
238,4,2024-02-26
238,5,2024-02-26
238,6,2024-02-26
239,1,2024-02-26
239,2,2024-02-26
239,3,2024-02-26
239,4,2024-02-26
239,5,2024-02-26
239,6,2024-02-26
239,7,2024-02-26
240,1,2022-04-22
240,2,2022-04-22
240,3,2022-04-22
240,4,2022-04-22
240,6,2022-04-22
240,7,2022-04-22
241,1,2022-04-30
241,2,2022-04-30
241,5,2022-04-30
242,1,2022-04-30
242,4,2022-04-30
242,5,2022-04-30
242,6,2022-04-30
242,7,2022-04-30
243,1,2022-04-30
243,2,2022-04-30
243,3,2022-04-30
243,4,2022-04-30
243,5,2022-04-30
243,7,2022-04-30
244,1,2022-04-30
244,3,2022-04-30
244,4,2022-04-30
244,5,2022-04-30
244,6,2022-04-30
245,1,2026-05-21
245,3,2026-05-21
245,5,2026-05-21
245,6,2026-05-21
245,7,2026-05-21
246,1,2026-05-21
246,2,2026-05-21
246,3,2026-05-21
246,4,2026-05-21
246,5,2026-05-21
246,6,2026-05-21
246,7,2026-05-21
247,1,2026-05-21
247,2,2026-05-21
247,3,2026-05-21
247,4,2026-05-21
247,5,2026-05-21
247,6,2026-05-21
247,7,2026-05-21
248,1,2026-05-21
248,3,2026-05-21
248,4,2026-05-21
248,5,2026-05-21
248,6,2026-05-21
248,7,2026-05-21
249,1,2026-05-21
249,2,2026-05-21
249,4,2026-05-21
249,5,2026-05-21
249,6,2026-05-21
249,7,2026-05-21
250,1,2023-08-23
250,2,2023-08-23
250,3,2023-08-23
250,4,2023-08-23
250,5,2023-08-23
250,6,2023-08-23
250,7,2023-08-23
251,1,2023-08-23
251,2,2023-08-23
251,3,2023-08-23
251,4,2023-08-23
251,5,2023-08-23
251,6,2023-08-23
251,7,2023-08-23
252,1,2023-08-23
252,2,2023-08-23
252,3,2023-08-23
252,4,2023-08-23
252,5,2023-08-23
252,6,2023-08-23
252,7,2023-08-23
253,1,2023-08-23
253,2,2023-08-23
253,3,2023-08-23
253,5,2023-08-23
253,6,2023-08-23
253,7,2023-08-23
254,1,2023-08-23
254,2,2023-08-23
254,5,2023-08-23
254,6,2023-08-23
254,7,2023-08-23
255,1,2023-08-23
255,2,2023-08-23
255,3,2023-08-23
255,4,2023-08-23
255,5,2023-08-23
255,6,2023-08-23
256,1,2023-08-23
256,2,2023-08-23
256,3,2023-08-23
256,4,2023-08-23
256,5,2023-08-23
256,7,2023-08-23
257,1,2025-09-21
257,4,2025-09-21
257,5,2025-09-21
257,6,2025-09-21
257,7,2025-09-21
258,1,2025-09-21
258,2,2025-09-21
258,3,2025-09-21
258,4,2025-09-21
258,5,2025-09-21
258,6,2025-09-21
259,1,2025-09-21
259,2,2025-09-21
259,3,2025-09-21
259,4,2025-09-21
259,5,2025-09-21
259,6,2025-09-21
259,7,2025-09-21
260,1,2025-09-21
260,2,2025-09-21
260,3,2025-09-21
260,5,2025-09-21
260,6,2025-09-21
260,7,2025-09-21
261,1,2022-04-19
261,3,2022-04-19
261,4,2022-04-19
261,5,2022-04-19
262,1,2022-04-19
262,2,2022-04-19
262,3,2022-04-19
262,6,2022-04-19
262,7,2022-04-19
263,1,2022-04-19
263,4,2022-04-19
263,5,2022-04-19
263,6,2022-04-19
263,7,2022-04-19
264,1,2022-04-19
264,2,2022-04-19
264,3,2022-04-19
264,4,2022-04-19
264,5,2022-04-19
264,6,2022-04-19
264,7,2022-04-19
265,1,2022-04-19
265,4,2022-04-19
265,7,2022-04-19
266,1,2022-04-19
266,2,2022-04-19
266,4,2022-04-19
266,6,2022-04-19
266,7,2022-04-19
267,1,2022-04-19
267,3,2022-04-19
267,4,2022-04-19
267,5,2022-04-19
267,6,2022-04-19
267,7,2022-04-19
268,1,2022-04-19
268,2,2022-04-19
268,3,2022-04-19
268,4,2022-04-19
268,5,2022-04-19
268,6,2022-04-19
268,7,2022-04-19
269,1,2022-04-19
269,2,2022-04-19
269,3,2022-04-19
269,4,2022-04-19
269,5,2022-04-19
269,6,2022-04-19
269,7,2022-04-19
270,1,2022-08-04
270,2,2022-08-04
270,3,2022-08-04
270,4,2022-08-04
270,5,2022-08-04
270,6,2022-08-04
270,7,2022-08-04
271,1,2022-08-04
271,2,2022-08-04
271,3,2022-08-04
271,5,2022-08-04
271,6,2022-08-04
272,1,2022-08-04
272,2,2022-08-04
272,3,2022-08-04
272,4,2022-08-04
272,6,2022-08-04
272,7,2022-08-04
273,1,2022-08-04
273,2,2022-08-04
273,3,2022-08-04
273,4,2022-08-04
273,5,2022-08-04
273,6,2022-08-04
274,1,2022-08-04
274,2,2022-08-04
274,3,2022-08-04
274,4,2022-08-04
274,5,2022-08-04
274,6,2022-08-04
274,7,2022-08-04
275,1,2022-08-04
275,2,2022-08-04
275,3,2022-08-04
275,4,2022-08-04
275,5,2022-08-04
275,6,2022-08-04
275,7,2022-08-04
276,1,2022-08-04
276,2,2022-08-04
276,3,2022-08-04
276,4,2022-08-04
276,5,2022-08-04
276,6,2022-08-04
276,7,2022-08-04
277,1,2022-08-04
277,2,2022-08-04
277,4,2022-08-04
277,5,2022-08-04
277,6,2022-08-04
277,7,2022-08-04
278,1,2022-08-04
278,2,2022-08-04
278,3,2022-08-04
278,4,2022-08-04
278,6,2022-08-04
278,7,2022-08-04
279,1,2022-08-04
279,2,2022-08-04
279,3,2022-08-04
279,4,2022-08-04
279,5,2022-08-04
279,6,2022-08-04
280,1,2024-06-22
280,3,2024-06-22
280,5,2024-06-22
280,6,2024-06-22
280,7,2024-06-22
281,1,2022-05-30
281,2,2022-05-30
281,5,2022-05-30
281,7,2022-05-30
282,1,2022-05-30
282,2,2022-05-30
282,3,2022-05-30
282,4,2022-05-30
282,5,2022-05-30
282,6,2022-05-30
282,7,2022-05-30
283,1,2022-05-30
283,2,2022-05-30
283,4,2022-05-30
283,6,2022-05-30
283,7,2022-05-30
284,1,2022-05-30
284,2,2022-05-30
284,4,2022-05-30
284,5,2022-05-30
284,6,2022-05-30
284,7,2022-05-30
285,1,2022-05-30
285,2,2022-05-30
285,3,2022-05-30
285,4,2022-05-30
285,5,2022-05-30
285,6,2022-05-30
285,7,2022-05-30
286,1,2022-05-30
286,3,2022-05-30
286,4,2022-05-30
286,7,2022-05-30
287,1,2022-05-30
287,3,2022-05-30
287,4,2022-05-30
287,5,2022-05-30
287,6,2022-05-30
287,7,2022-05-30
288,1,2022-05-30
288,2,2022-05-30
288,4,2022-05-30
288,5,2022-05-30
288,6,2022-05-30
288,7,2022-05-30
289,1,2022-05-30
289,2,2022-05-30
289,4,2022-05-30
289,6,2022-05-30
289,7,2022-05-30
290,1,2022-05-30
290,2,2022-05-30
290,3,2022-05-30
290,5,2022-05-30
290,7,2022-05-30
291,1,2022-05-30
291,2,2022-05-30
291,3,2022-05-30
291,4,2022-05-30
291,6,2022-05-30
291,7,2022-05-30
292,1,2022-05-30
292,3,2022-05-30
292,4,2022-05-30
292,5,2022-05-30
292,6,2022-05-30
292,7,2022-05-30
293,1,2026-05-29
293,2,2026-05-29
293,3,2026-05-29
293,4,2026-05-29
293,5,2026-05-29
293,6,2026-05-29
293,7,2026-05-29
294,1,2026-05-29
294,2,2026-05-29
294,3,2026-05-29
294,4,2026-05-29
294,6,2026-05-29
294,7,2026-05-29
295,1,2026-05-29
295,2,2026-05-29
295,3,2026-05-29
295,4,2026-05-29
295,5,2026-05-29
295,6,2026-05-29
295,7,2026-05-29
296,1,2026-05-29
296,2,2026-05-29
296,3,2026-05-29
296,5,2026-05-29
296,7,2026-05-29
297,1,2026-05-29
297,2,2026-05-29
297,3,2026-05-29
297,4,2026-05-29
297,6,2026-05-29
298,1,2026-05-29
298,2,2026-05-29
298,3,2026-05-29
298,4,2026-05-29
298,5,2026-05-29
298,6,2026-05-29
299,1,2026-05-29
299,2,2026-05-29
299,3,2026-05-29
299,4,2026-05-29
299,5,2026-05-29
299,6,2026-05-29
299,7,2026-05-29
300,1,2023-07-06
300,3,2023-07-06
300,4,2023-07-06
300,5,2023-07-06
300,6,2023-07-06
300,7,2023-07-06
301,1,2021-09-01
301,2,2021-09-01
301,3,2021-09-01
301,4,2021-09-01
301,5,2021-09-01
301,7,2021-09-01
302,1,2026-01-30
302,2,2026-01-30
302,4,2026-01-30
302,5,2026-01-30
302,6,2026-01-30
302,7,2026-01-30
303,1,2026-03-21
303,2,2026-03-21
303,3,2026-03-21
303,4,2026-03-21
303,5,2026-03-21
303,7,2026-03-21
304,1,2026-03-21
304,3,2026-03-21
304,5,2026-03-21
305,1,2026-03-21
305,2,2026-03-21
305,3,2026-03-21
305,4,2026-03-21
305,5,2026-03-21
305,6,2026-03-21
305,7,2026-03-21
306,1,2026-03-21
306,2,2026-03-21
306,3,2026-03-21
306,6,2026-03-21
306,7,2026-03-21
307,1,2026-03-21
307,2,2026-03-21
307,3,2026-03-21
307,5,2026-03-21
307,6,2026-03-21
307,7,2026-03-21
308,1,2026-03-21
308,2,2026-03-21
308,3,2026-03-21
308,6,2026-03-21
308,7,2026-03-21
309,1,2026-03-21
309,2,2026-03-21
309,3,2026-03-21
309,4,2026-03-21
309,5,2026-03-21
309,6,2026-03-21
310,1,2026-03-21
310,2,2026-03-21
310,3,2026-03-21
310,5,2026-03-21
310,6,2026-03-21
310,7,2026-03-21
311,1,2026-03-21
311,2,2026-03-21
311,3,2026-03-21
311,4,2026-03-21
311,5,2026-03-21
311,6,2026-03-21
311,7,2026-03-21
312,1,2026-03-21
312,2,2026-03-21
312,3,2026-03-21
312,4,2026-03-21
312,5,2026-03-21
313,1,2026-03-21
313,2,2026-03-21
313,3,2026-03-21
313,4,2026-03-21
313,5,2026-03-21
313,6,2026-03-21
313,7,2026-03-21
314,1,2021-10-23
314,3,2021-10-23
314,4,2021-10-23
314,5,2021-10-23
314,6,2021-10-23
315,1,2023-08-08
315,2,2023-08-08
315,3,2023-08-08
315,4,2023-08-08
315,6,2023-08-08
315,7,2023-08-08
316,1,2026-01-21
316,3,2026-01-21
316,5,2026-01-21
316,6,2026-01-21
316,7,2026-01-21
317,1,2023-02-10
317,2,2023-02-10
317,3,2023-02-10
317,4,2023-02-10
317,5,2023-02-10
318,1,2025-08-26
318,2,2025-08-26
318,3,2025-08-26
318,4,2025-08-26
318,5,2025-08-26
318,6,2025-08-26
319,1,2022-04-23
319,2,2022-04-23
319,3,2022-04-23
319,4,2022-04-23
319,5,2022-04-23
319,6,2022-04-23
320,1,2021-11-05
320,2,2021-11-05
320,3,2021-11-05
320,5,2021-11-05
320,6,2021-11-05
320,7,2021-11-05
321,1,2025-08-23
321,2,2025-08-23
321,4,2025-08-23
321,5,2025-08-23
322,1,2023-04-19
322,2,2023-04-19
322,3,2023-04-19
322,7,2023-04-19
323,1,2022-06-04
323,2,2022-06-04
323,4,2022-06-04
324,1,2025-07-30
324,2,2025-07-30
324,4,2025-07-30
324,5,2025-07-30
324,6,2025-07-30
324,7,2025-07-30
325,1,2024-03-30
325,3,2024-03-30
325,4,2024-03-30
325,5,2024-03-30
325,6,2024-03-30
325,7,2024-03-30
326,1,2024-09-17
326,2,2024-09-17
326,3,2024-09-17
326,5,2024-09-17
326,6,2024-09-17
326,7,2024-09-17
327,1,2022-07-10
327,3,2022-07-10
327,5,2022-07-10
327,6,2022-07-10
327,7,2022-07-10
328,1,2021-10-28
328,2,2021-10-28
328,3,2021-10-28
328,4,2021-10-28
328,5,2021-10-28
328,7,2021-10-28
329,1,2024-11-21
329,4,2024-11-21
329,7,2024-11-21
330,1,2024-11-21
330,3,2024-11-21
330,4,2024-11-21
330,5,2024-11-21
330,6,2024-11-21
331,1,2024-11-21
331,2,2024-11-21
331,4,2024-11-21
331,5,2024-11-21
331,6,2024-11-21
331,7,2024-11-21
332,1,2024-11-21
332,3,2024-11-21
332,4,2024-11-21
332,5,2024-11-21
332,6,2024-11-21
332,7,2024-11-21
333,1,2024-11-21
333,2,2024-11-21
333,3,2024-11-21
333,4,2024-11-21
333,6,2024-11-21
333,7,2024-11-21
334,1,2022-08-10
334,3,2022-08-10
334,4,2022-08-10
334,5,2022-08-10
334,6,2022-08-10
334,7,2022-08-10
335,1,2022-08-10
335,2,2022-08-10
335,3,2022-08-10
335,4,2022-08-10
335,5,2022-08-10
335,7,2022-08-10
336,1,2022-08-10
336,2,2022-08-10
336,4,2022-08-10
336,5,2022-08-10
336,6,2022-08-10
336,7,2022-08-10
337,1,2025-06-26
337,2,2025-06-26
337,3,2025-06-26
337,4,2025-06-26
337,6,2025-06-26
337,7,2025-06-26
338,1,2021-09-28
338,3,2021-09-28
338,5,2021-09-28
338,6,2021-09-28
338,7,2021-09-28
339,1,2025-06-18
339,3,2025-06-18
339,5,2025-06-18
339,6,2025-06-18
339,7,2025-06-18
340,1,2025-06-18
340,2,2025-06-18
340,3,2025-06-18
340,5,2025-06-18
340,6,2025-06-18
340,7,2025-06-18
341,1,2025-06-18
341,2,2025-06-18
341,3,2025-06-18
341,4,2025-06-18
341,5,2025-06-18
341,7,2025-06-18
342,1,2025-09-18
342,3,2025-09-18
342,4,2025-09-18
342,5,2025-09-18
342,6,2025-09-18
342,7,2025-09-18
343,1,2025-09-18
343,2,2025-09-18
343,3,2025-09-18
343,4,2025-09-18
343,5,2025-09-18
343,6,2025-09-18
343,7,2025-09-18
344,1,2025-09-18
344,2,2025-09-18
344,3,2025-09-18
344,5,2025-09-18
344,6,2025-09-18
344,7,2025-09-18
345,1,2025-09-18
345,2,2025-09-18
345,3,2025-09-18
345,4,2025-09-18
345,5,2025-09-18
345,7,2025-09-18
346,1,2025-09-02
346,2,2025-09-02
346,3,2025-09-02
346,4,2025-09-02
346,5,2025-09-02
346,6,2025-09-02
347,1,2025-09-02
347,2,2025-09-02
347,3,2025-09-02
347,5,2025-09-02
348,1,2025-09-02
348,4,2025-09-02
348,5,2025-09-02
348,6,2025-09-02
349,1,2025-09-02
349,2,2025-09-02
349,3,2025-09-02
349,4,2025-09-02
349,5,2025-09-02
349,6,2025-09-02
349,7,2025-09-02
350,1,2025-09-02
350,2,2025-09-02
350,4,2025-09-02
350,5,2025-09-02
350,6,2025-09-02
350,7,2025-09-02
351,1,2024-09-12
351,2,2024-09-12
351,3,2024-09-12
351,4,2024-09-12
351,5,2024-09-12
352,1,2024-09-12
352,2,2024-09-12
352,3,2024-09-12
352,4,2024-09-12
352,5,2024-09-12
352,6,2024-09-12
352,7,2024-09-12
353,1,2024-09-12
353,3,2024-09-12
353,4,2024-09-12
353,5,2024-09-12
353,6,2024-09-12
353,7,2024-09-12
354,1,2024-09-12
354,3,2024-09-12
354,4,2024-09-12
354,5,2024-09-12
354,6,2024-09-12
354,7,2024-09-12
355,1,2024-09-12
355,2,2024-09-12
355,3,2024-09-12
355,4,2024-09-12
355,5,2024-09-12
355,6,2024-09-12
355,7,2024-09-12
356,1,2024-09-12
356,2,2024-09-12
356,4,2024-09-12
356,5,2024-09-12
356,7,2024-09-12
357,1,2024-09-12
357,2,2024-09-12
357,3,2024-09-12
357,4,2024-09-12
357,5,2024-09-12
357,7,2024-09-12
358,1,2024-09-12
358,3,2024-09-12
358,4,2024-09-12
358,5,2024-09-12
358,7,2024-09-12
359,1,2024-09-12
359,2,2024-09-12
359,3,2024-09-12
359,4,2024-09-12
359,5,2024-09-12
359,7,2024-09-12
360,1,2024-09-12
360,3,2024-09-12
360,5,2024-09-12
360,7,2024-09-12
361,1,2023-06-11
361,2,2023-06-11
361,3,2023-06-11
361,4,2023-06-11
361,5,2023-06-11
361,6,2023-06-11
361,7,2023-06-11
362,1,2026-05-08
362,3,2026-05-08
362,4,2026-05-08
362,5,2026-05-08
362,6,2026-05-08
362,7,2026-05-08
363,1,2026-05-08
363,2,2026-05-08
363,3,2026-05-08
363,4,2026-05-08
363,5,2026-05-08
363,6,2026-05-08
363,7,2026-05-08
364,1,2026-05-08
364,2,2026-05-08
364,3,2026-05-08
364,4,2026-05-08
364,5,2026-05-08
364,6,2026-05-08
365,1,2026-05-08
365,2,2026-05-08
365,3,2026-05-08
365,4,2026-05-08
365,6,2026-05-08
365,7,2026-05-08
366,1,2026-05-08
366,2,2026-05-08
366,4,2026-05-08
366,5,2026-05-08
366,7,2026-05-08
367,1,2025-01-22
367,3,2025-01-22
367,5,2025-01-22
367,6,2025-01-22
367,7,2025-01-22
368,1,2025-01-22
368,2,2025-01-22
368,4,2025-01-22
368,5,2025-01-22
368,6,2025-01-22
368,7,2025-01-22
369,1,2025-01-22
369,2,2025-01-22
369,3,2025-01-22
369,4,2025-01-22
369,5,2025-01-22
369,6,2025-01-22
369,7,2025-01-22
370,1,2026-06-24
370,2,2026-06-24
370,3,2026-06-24
370,4,2026-06-24
370,5,2026-06-24
370,6,2026-06-24
370,7,2026-06-24
371,1,2026-06-24
371,2,2026-06-24
371,3,2026-06-24
371,4,2026-06-24
371,5,2026-06-24
371,7,2026-06-24
372,1,2026-06-24
372,3,2026-06-24
372,4,2026-06-24
372,5,2026-06-24
372,6,2026-06-24
372,7,2026-06-24
373,1,2026-06-24
373,2,2026-06-24
373,3,2026-06-24
373,4,2026-06-24
373,5,2026-06-24
373,6,2026-06-24
374,1,2023-08-12
374,2,2023-08-12
374,3,2023-08-12
374,5,2023-08-12
374,6,2023-08-12
375,1,2023-08-12
375,7,2023-08-12
376,1,2023-08-12
376,2,2023-08-12
376,3,2023-08-12
376,4,2023-08-12
376,6,2023-08-12
377,1,2023-08-12
377,2,2023-08-12
377,4,2023-08-12
377,5,2023-08-12
377,6,2023-08-12
377,7,2023-08-12
378,1,2023-08-12
378,3,2023-08-12
378,4,2023-08-12
378,5,2023-08-12
378,6,2023-08-12
378,7,2023-08-12
379,1,2021-12-22
379,2,2021-12-22
379,4,2021-12-22
379,6,2021-12-22
379,7,2021-12-22
380,1,2021-12-22
380,2,2021-12-22
380,3,2021-12-22
380,5,2021-12-22
380,7,2021-12-22
381,1,2021-12-22
381,3,2021-12-22
381,5,2021-12-22
381,6,2021-12-22
381,7,2021-12-22
382,1,2022-05-19
382,2,2022-05-19
382,3,2022-05-19
382,4,2022-05-19
382,5,2022-05-19
382,6,2022-05-19
382,7,2022-05-19
383,1,2022-05-19
383,2,2022-05-19
383,3,2022-05-19
383,4,2022-05-19
383,5,2022-05-19
383,6,2022-05-19
383,7,2022-05-19
384,1,2022-05-19
384,2,2022-05-19
384,3,2022-05-19
384,5,2022-05-19
384,6,2022-05-19
384,7,2022-05-19
385,1,2022-05-19
385,3,2022-05-19
385,4,2022-05-19
385,5,2022-05-19
385,7,2022-05-19
386,1,2022-05-19
386,4,2022-05-19
386,5,2022-05-19
386,6,2022-05-19
387,1,2022-05-19
387,3,2022-05-19
387,5,2022-05-19
387,6,2022-05-19
387,7,2022-05-19
388,1,2022-05-19
388,2,2022-05-19
388,5,2022-05-19
388,6,2022-05-19
388,7,2022-05-19
389,1,2022-05-19
389,2,2022-05-19
389,3,2022-05-19
389,6,2022-05-19
389,7,2022-05-19
390,1,2022-05-19
390,2,2022-05-19
390,3,2022-05-19
390,5,2022-05-19
390,6,2022-05-19
391,1,2022-05-19
391,2,2022-05-19
391,3,2022-05-19
391,5,2022-05-19
391,6,2022-05-19
392,1,2022-05-19
392,2,2022-05-19
392,3,2022-05-19
392,4,2022-05-19
392,5,2022-05-19
392,6,2022-05-19
392,7,2022-05-19
393,1,2023-05-08
393,2,2023-05-08
393,3,2023-05-08
393,4,2023-05-08
393,5,2023-05-08
393,6,2023-05-08
393,7,2023-05-08
394,1,2023-05-08
394,3,2023-05-08
394,4,2023-05-08
394,6,2023-05-08
394,7,2023-05-08
395,1,2023-05-08
395,2,2023-05-08
395,3,2023-05-08
395,4,2023-05-08
395,5,2023-05-08
395,6,2023-05-08
395,7,2023-05-08
396,1,2023-05-08
396,2,2023-05-08
396,3,2023-05-08
396,4,2023-05-08
396,5,2023-05-08
396,6,2023-05-08
396,7,2023-05-08
397,1,2023-05-08
397,2,2023-05-08
397,4,2023-05-08
397,5,2023-05-08
397,7,2023-05-08
398,1,2022-06-15
398,4,2022-06-15
398,5,2022-06-15
398,6,2022-06-15
398,7,2022-06-15
399,1,2022-06-15
399,2,2022-06-15
399,3,2022-06-15
399,5,2022-06-15
399,6,2022-06-15
399,7,2022-06-15
400,1,2022-06-15
400,3,2022-06-15
400,4,2022-06-15
400,5,2022-06-15
401,1,2025-07-25
401,2,2025-07-25
401,3,2025-07-25
401,4,2025-07-25
401,5,2025-07-25
402,1,2025-07-25
402,3,2025-07-25
402,4,2025-07-25
402,5,2025-07-25
402,6,2025-07-25
402,7,2025-07-25
403,1,2025-07-25
403,2,2025-07-25
403,4,2025-07-25
403,7,2025-07-25
404,1,2025-07-25
404,2,2025-07-25
404,3,2025-07-25
404,4,2025-07-25
404,5,2025-07-25
404,6,2025-07-25
404,7,2025-07-25
405,1,2025-07-25
405,4,2025-07-25
405,5,2025-07-25
405,6,2025-07-25
406,1,2025-07-25
406,2,2025-07-25
406,3,2025-07-25
406,4,2025-07-25
406,5,2025-07-25
406,6,2025-07-25
406,7,2025-07-25
407,1,2025-07-25
407,2,2025-07-25
407,3,2025-07-25
407,4,2025-07-25
407,5,2025-07-25
407,6,2025-07-25
407,7,2025-07-25
408,1,2025-07-25
408,2,2025-07-25
408,3,2025-07-25
408,4,2025-07-25
408,6,2025-07-25
408,7,2025-07-25
409,1,2024-02-04
409,2,2024-02-04
409,3,2024-02-04
409,6,2024-02-04
409,7,2024-02-04
410,1,2024-02-04
410,2,2024-02-04
410,3,2024-02-04
410,4,2024-02-04
410,6,2024-02-04
410,7,2024-02-04
411,1,2024-02-04
411,3,2024-02-04
411,4,2024-02-04
411,5,2024-02-04
411,6,2024-02-04
411,7,2024-02-04
412,1,2024-02-04
412,2,2024-02-04
412,3,2024-02-04
412,5,2024-02-04
412,6,2024-02-04
412,7,2024-02-04
413,1,2024-02-04
413,2,2024-02-04
413,3,2024-02-04
413,5,2024-02-04
413,6,2024-02-04
413,7,2024-02-04
414,1,2024-02-04
414,2,2024-02-04
414,3,2024-02-04
414,4,2024-02-04
414,5,2024-02-04
414,7,2024-02-04
415,1,2024-02-04
415,2,2024-02-04
415,3,2024-02-04
415,4,2024-02-04
415,6,2024-02-04
415,7,2024-02-04
416,1,2024-02-04
416,2,2024-02-04
416,3,2024-02-04
416,4,2024-02-04
416,5,2024-02-04
416,7,2024-02-04
417,1,2024-02-04
417,2,2024-02-04
417,3,2024-02-04
417,4,2024-02-04
417,5,2024-02-04
417,6,2024-02-04
417,7,2024-02-04
418,1,2022-03-10
418,4,2022-03-10
418,6,2022-03-10
418,7,2022-03-10
419,1,2022-05-29
419,2,2022-05-29
419,3,2022-05-29
419,4,2022-05-29
419,5,2022-05-29
419,7,2022-05-29
420,1,2022-05-29
420,2,2022-05-29
420,3,2022-05-29
420,4,2022-05-29
420,6,2022-05-29
420,7,2022-05-29
421,1,2022-05-29
421,2,2022-05-29
421,4,2022-05-29
421,5,2022-05-29
421,6,2022-05-29
422,1,2022-05-29
422,3,2022-05-29
422,4,2022-05-29
422,5,2022-05-29
422,6,2022-05-29
422,7,2022-05-29
423,1,2023-07-14
423,2,2023-07-14
423,5,2023-07-14
423,6,2023-07-14
423,7,2023-07-14
424,1,2023-07-14
424,2,2023-07-14
424,3,2023-07-14
424,4,2023-07-14
424,5,2023-07-14
424,6,2023-07-14
424,7,2023-07-14
425,1,2023-07-14
425,2,2023-07-14
425,3,2023-07-14
425,4,2023-07-14
425,5,2023-07-14
425,6,2023-07-14
425,7,2023-07-14
426,1,2023-07-14
426,3,2023-07-14
426,4,2023-07-14
426,5,2023-07-14
427,1,2023-07-14
427,2,2023-07-14
427,4,2023-07-14
427,5,2023-07-14
427,6,2023-07-14
427,7,2023-07-14
428,1,2023-07-14
428,2,2023-07-14
428,3,2023-07-14
428,4,2023-07-14
428,5,2023-07-14
428,6,2023-07-14
428,7,2023-07-14
429,1,2023-07-14
429,3,2023-07-14
429,4,2023-07-14
429,5,2023-07-14
429,6,2023-07-14
429,7,2023-07-14
430,1,2023-07-14
430,2,2023-07-14
430,3,2023-07-14
430,5,2023-07-14
430,6,2023-07-14
430,7,2023-07-14
431,1,2023-07-14
431,2,2023-07-14
431,3,2023-07-14
431,4,2023-07-14
431,5,2023-07-14
431,6,2023-07-14
432,1,2023-07-14
432,2,2023-07-14
432,3,2023-07-14
432,4,2023-07-14
432,5,2023-07-14
432,6,2023-07-14
432,7,2023-07-14
433,1,2023-07-14
433,2,2023-07-14
433,3,2023-07-14
433,4,2023-07-14
433,5,2023-07-14
433,6,2023-07-14
433,7,2023-07-14
434,1,2023-07-14
434,3,2023-07-14
434,5,2023-07-14
434,6,2023-07-14
434,7,2023-07-14
435,1,2023-12-05
435,2,2023-12-05
435,3,2023-12-05
435,4,2023-12-05
435,6,2023-12-05
435,7,2023-12-05
436,1,2023-12-05
436,2,2023-12-05
436,3,2023-12-05
436,4,2023-12-05
436,5,2023-12-05
436,6,2023-12-05
436,7,2023-12-05
437,1,2023-12-05
437,2,2023-12-05
437,3,2023-12-05
437,4,2023-12-05
437,6,2023-12-05
437,7,2023-12-05
438,1,2023-12-05
438,2,2023-12-05
438,3,2023-12-05
438,4,2023-12-05
438,5,2023-12-05
438,6,2023-12-05
438,7,2023-12-05
439,1,2023-12-05
439,2,2023-12-05
439,4,2023-12-05
439,5,2023-12-05
439,7,2023-12-05
440,1,2023-12-05
440,2,2023-12-05
440,3,2023-12-05
440,5,2023-12-05
440,6,2023-12-05
441,1,2023-12-05
441,2,2023-12-05
441,3,2023-12-05
441,4,2023-12-05
441,5,2023-12-05
441,6,2023-12-05
441,7,2023-12-05
442,1,2022-07-12
442,2,2022-07-12
442,3,2022-07-12
442,4,2022-07-12
442,5,2022-07-12
442,6,2022-07-12
443,1,2024-03-13
443,2,2024-03-13
443,3,2024-03-13
443,4,2024-03-13
443,5,2024-03-13
443,6,2024-03-13
443,7,2024-03-13
444,1,2021-12-18
444,2,2021-12-18
444,3,2021-12-18
444,4,2021-12-18
444,5,2021-12-18
444,6,2021-12-18
444,7,2021-12-18
445,1,2022-05-27
445,2,2022-05-27
445,4,2022-05-27
445,6,2022-05-27
445,7,2022-05-27
446,1,2022-05-27
446,3,2022-05-27
446,4,2022-05-27
446,5,2022-05-27
446,6,2022-05-27
446,7,2022-05-27
447,1,2022-05-27
447,2,2022-05-27
447,3,2022-05-27
447,4,2022-05-27
447,5,2022-05-27
447,6,2022-05-27
447,7,2022-05-27
448,1,2022-05-27
448,2,2022-05-27
448,3,2022-05-27
448,4,2022-05-27
448,5,2022-05-27
448,6,2022-05-27
448,7,2022-05-27
449,1,2022-05-27
449,2,2022-05-27
449,4,2022-05-27
449,6,2022-05-27
449,7,2022-05-27
450,1,2022-05-27
450,3,2022-05-27
450,5,2022-05-27
450,7,2022-05-27
451,1,2022-05-27
451,2,2022-05-27
451,3,2022-05-27
451,4,2022-05-27
451,5,2022-05-27
451,6,2022-05-27
451,7,2022-05-27
452,1,2022-05-27
452,2,2022-05-27
452,3,2022-05-27
452,5,2022-05-27
452,6,2022-05-27
452,7,2022-05-27
453,1,2022-05-27
453,2,2022-05-27
453,4,2022-05-27
453,5,2022-05-27
453,7,2022-05-27
454,1,2022-05-27
454,5,2022-05-27
454,7,2022-05-27
455,1,2022-05-27
455,2,2022-05-27
455,3,2022-05-27
455,4,2022-05-27
455,5,2022-05-27
455,6,2022-05-27
455,7,2022-05-27
456,1,2024-06-02
456,2,2024-06-02
456,3,2024-06-02
456,5,2024-06-02
456,6,2024-06-02
456,7,2024-06-02
457,1,2024-06-02
457,2,2024-06-02
457,5,2024-06-02
457,6,2024-06-02
458,1,2024-06-02
458,2,2024-06-02
458,3,2024-06-02
458,4,2024-06-02
458,6,2024-06-02
458,7,2024-06-02
459,1,2024-06-02
459,2,2024-06-02
459,3,2024-06-02
459,5,2024-06-02
459,6,2024-06-02
459,7,2024-06-02
460,1,2024-06-02
460,2,2024-06-02
460,3,2024-06-02
460,5,2024-06-02
460,6,2024-06-02
460,7,2024-06-02
461,1,2024-06-02
461,3,2024-06-02
461,4,2024-06-02
461,6,2024-06-02
461,7,2024-06-02
462,1,2024-06-02
462,2,2024-06-02
462,3,2024-06-02
462,4,2024-06-02
462,5,2024-06-02
462,7,2024-06-02
463,1,2024-06-02
463,2,2024-06-02
463,3,2024-06-02
463,4,2024-06-02
463,5,2024-06-02
463,6,2024-06-02
463,7,2024-06-02
464,1,2024-06-02
464,2,2024-06-02
464,4,2024-06-02
464,5,2024-06-02
464,6,2024-06-02
464,7,2024-06-02
465,1,2024-06-02
465,2,2024-06-02
465,3,2024-06-02
465,4,2024-06-02
465,5,2024-06-02
465,6,2024-06-02
465,7,2024-06-02
466,1,2024-06-02
466,2,2024-06-02
466,3,2024-06-02
466,4,2024-06-02
466,5,2024-06-02
466,6,2024-06-02
466,7,2024-06-02
467,1,2024-06-02
467,2,2024-06-02
467,3,2024-06-02
467,5,2024-06-02
467,6,2024-06-02
467,7,2024-06-02
468,1,2023-06-17
468,2,2023-06-17
468,4,2023-06-17
468,7,2023-06-17
469,1,2023-02-28
469,2,2023-02-28
469,3,2023-02-28
469,4,2023-02-28
469,5,2023-02-28
469,6,2023-02-28
469,7,2023-02-28
470,1,2023-02-28
470,2,2023-02-28
470,3,2023-02-28
470,4,2023-02-28
470,5,2023-02-28
470,6,2023-02-28
470,7,2023-02-28
471,1,2023-02-28
471,2,2023-02-28
471,3,2023-02-28
471,4,2023-02-28
471,5,2023-02-28
471,6,2023-02-28
471,7,2023-02-28
472,1,2023-02-28
472,2,2023-02-28
472,3,2023-02-28
472,4,2023-02-28
472,5,2023-02-28
472,6,2023-02-28
472,7,2023-02-28
473,1,2023-02-28
473,2,2023-02-28
473,3,2023-02-28
473,4,2023-02-28
473,5,2023-02-28
473,7,2023-02-28
474,1,2023-02-28
474,2,2023-02-28
474,3,2023-02-28
474,4,2023-02-28
474,6,2023-02-28
474,7,2023-02-28
475,1,2023-02-28
475,2,2023-02-28
475,3,2023-02-28
475,4,2023-02-28
475,6,2023-02-28
475,7,2023-02-28
476,1,2023-02-28
476,2,2023-02-28
476,3,2023-02-28
476,4,2023-02-28
476,7,2023-02-28
477,1,2025-09-22
477,3,2025-09-22
477,5,2025-09-22
477,7,2025-09-22
478,1,2022-10-12
478,2,2022-10-12
478,5,2022-10-12
478,7,2022-10-12
479,1,2024-12-29
479,2,2024-12-29
479,3,2024-12-29
479,4,2024-12-29
479,5,2024-12-29
479,6,2024-12-29
479,7,2024-12-29
480,1,2024-02-10
480,2,2024-02-10
480,3,2024-02-10
480,4,2024-02-10
480,5,2024-02-10
480,6,2024-02-10
481,1,2025-08-25
481,2,2025-08-25
481,3,2025-08-25
481,4,2025-08-25
481,5,2025-08-25
481,6,2025-08-25
482,1,2024-06-23
482,2,2024-06-23
482,3,2024-06-23
482,4,2024-06-23
482,5,2024-06-23
482,7,2024-06-23
483,1,2023-11-09
483,2,2023-11-09
483,3,2023-11-09
483,5,2023-11-09
483,7,2023-11-09
484,1,2024-04-03
484,2,2024-04-03
484,3,2024-04-03
484,4,2024-04-03
484,5,2024-04-03
484,6,2024-04-03
484,7,2024-04-03
485,1,2022-07-26
485,2,2022-07-26
485,3,2022-07-26
485,4,2022-07-26
485,5,2022-07-26
485,6,2022-07-26
485,7,2022-07-26
486,1,2024-02-22
486,2,2024-02-22
486,4,2024-02-22
486,5,2024-02-22
486,7,2024-02-22
487,1,2026-07-04
487,2,2026-07-04
487,3,2026-07-04
487,4,2026-07-04
487,7,2026-07-04
488,1,2023-09-23
488,2,2023-09-23
488,3,2023-09-23
488,4,2023-09-23
488,5,2023-09-23
488,6,2023-09-23
488,7,2023-09-23
489,1,2022-06-16
489,2,2022-06-16
489,5,2022-06-16
489,6,2022-06-16
489,7,2022-06-16
490,1,2022-06-16
490,2,2022-06-16
490,3,2022-06-16
490,4,2022-06-16
490,5,2022-06-16
490,6,2022-06-16
491,1,2022-06-16
491,4,2022-06-16
491,5,2022-06-16
491,7,2022-06-16
492,1,2022-06-16
492,2,2022-06-16
492,3,2022-06-16
492,4,2022-06-16
492,6,2022-06-16
492,7,2022-06-16
493,1,2022-06-16
493,2,2022-06-16
493,3,2022-06-16
493,4,2022-06-16
493,5,2022-06-16
493,6,2022-06-16
493,7,2022-06-16
494,1,2024-06-15
494,2,2024-06-15
494,3,2024-06-15
494,5,2024-06-15
494,6,2024-06-15
494,7,2024-06-15
495,1,2024-06-15
495,2,2024-06-15
495,3,2024-06-15
495,4,2024-06-15
495,6,2024-06-15
495,7,2024-06-15
496,1,2024-06-15
496,4,2024-06-15
496,5,2024-06-15
496,6,2024-06-15
497,1,2026-04-25
497,2,2026-04-25
497,4,2026-04-25
497,5,2026-04-25
497,6,2026-04-25
497,7,2026-04-25
498,1,2023-03-14
498,3,2023-03-14
498,4,2023-03-14
498,5,2023-03-14
498,6,2023-03-14
498,7,2023-03-14
499,1,2025-04-27
499,2,2025-04-27
499,4,2025-04-27
499,5,2025-04-27
499,6,2025-04-27
499,7,2025-04-27
500,1,2022-11-29
500,2,2022-11-29
500,3,2022-11-29
500,4,2022-11-29
500,5,2022-11-29
500,6,2022-11-29
500,7,2022-11-29
501,1,2025-02-28
501,2,2025-02-28
501,4,2025-02-28
501,5,2025-02-28
501,6,2025-02-28
501,7,2025-02-28
502,1,2025-08-18
502,2,2025-08-18
502,4,2025-08-18
502,5,2025-08-18
502,6,2025-08-18
503,1,2025-08-18
503,2,2025-08-18
503,4,2025-08-18
503,5,2025-08-18
503,6,2025-08-18
503,7,2025-08-18
504,1,2025-08-18
504,3,2025-08-18
504,4,2025-08-18
504,5,2025-08-18
504,7,2025-08-18
505,1,2026-02-26
505,2,2026-02-26
505,4,2026-02-26
505,5,2026-02-26
505,6,2026-02-26
505,7,2026-02-26
506,1,2026-02-26
506,2,2026-02-26
506,3,2026-02-26
506,4,2026-02-26
506,5,2026-02-26
506,6,2026-02-26
506,7,2026-02-26
507,1,2026-02-26
507,2,2026-02-26
507,3,2026-02-26
507,4,2026-02-26
507,7,2026-02-26
508,1,2026-02-26
508,3,2026-02-26
508,5,2026-02-26
508,6,2026-02-26
509,1,2021-09-19
509,2,2021-09-19
509,3,2021-09-19
509,4,2021-09-19
509,5,2021-09-19
509,7,2021-09-19
510,1,2024-02-08
510,3,2024-02-08
510,4,2024-02-08
510,6,2024-02-08
510,7,2024-02-08
511,1,2024-02-08
511,2,2024-02-08
511,3,2024-02-08
511,4,2024-02-08
511,6,2024-02-08
512,1,2024-02-08
512,2,2024-02-08
512,3,2024-02-08
512,4,2024-02-08
512,6,2024-02-08
513,1,2023-12-08
513,2,2023-12-08
513,3,2023-12-08
513,4,2023-12-08
513,7,2023-12-08
514,1,2023-12-08
514,2,2023-12-08
514,3,2023-12-08
514,4,2023-12-08
514,5,2023-12-08
514,6,2023-12-08
514,7,2023-12-08
515,1,2023-12-08
515,2,2023-12-08
515,3,2023-12-08
515,4,2023-12-08
515,6,2023-12-08
515,7,2023-12-08
516,1,2023-12-08
516,3,2023-12-08
516,4,2023-12-08
516,5,2023-12-08
516,6,2023-12-08
517,1,2025-10-10
517,2,2025-10-10
517,3,2025-10-10
517,4,2025-10-10
517,5,2025-10-10
518,1,2025-10-10
518,2,2025-10-10
518,3,2025-10-10
518,4,2025-10-10
518,5,2025-10-10
518,6,2025-10-10
518,7,2025-10-10
519,1,2025-10-10
519,2,2025-10-10
519,4,2025-10-10
519,6,2025-10-10
519,7,2025-10-10
520,1,2025-10-10
520,2,2025-10-10
520,5,2025-10-10
520,6,2025-10-10
521,1,2025-10-10
521,2,2025-10-10
521,3,2025-10-10
521,4,2025-10-10
521,5,2025-10-10
521,6,2025-10-10
522,1,2025-08-16
522,2,2025-08-16
522,4,2025-08-16
522,6,2025-08-16
522,7,2025-08-16
523,1,2025-08-16
523,3,2025-08-16
523,4,2025-08-16
523,5,2025-08-16
523,6,2025-08-16
524,1,2025-08-16
524,2,2025-08-16
524,3,2025-08-16
524,4,2025-08-16
524,6,2025-08-16
524,7,2025-08-16
525,1,2025-08-16
525,2,2025-08-16
525,3,2025-08-16
525,4,2025-08-16
525,5,2025-08-16
525,6,2025-08-16
525,7,2025-08-16
526,1,2025-08-16
526,2,2025-08-16
526,3,2025-08-16
526,4,2025-08-16
526,5,2025-08-16
526,6,2025-08-16
526,7,2025-08-16
527,1,2025-08-16
527,2,2025-08-16
527,3,2025-08-16
527,4,2025-08-16
527,5,2025-08-16
527,7,2025-08-16
528,1,2025-08-16
528,2,2025-08-16
528,3,2025-08-16
528,4,2025-08-16
528,5,2025-08-16
528,7,2025-08-16
529,1,2025-08-16
529,2,2025-08-16
529,3,2025-08-16
529,5,2025-08-16
529,7,2025-08-16
530,1,2025-08-16
530,2,2025-08-16
530,4,2025-08-16
530,5,2025-08-16
531,1,2025-08-16
531,2,2025-08-16
531,4,2025-08-16
531,5,2025-08-16
531,6,2025-08-16
531,7,2025-08-16
532,1,2024-11-23
532,2,2024-11-23
532,3,2024-11-23
532,6,2024-11-23
532,7,2024-11-23
533,1,2024-11-23
533,2,2024-11-23
533,3,2024-11-23
533,4,2024-11-23
533,6,2024-11-23
534,1,2024-11-23
534,3,2024-11-23
534,4,2024-11-23
534,5,2024-11-23
534,6,2024-11-23
534,7,2024-11-23
535,1,2024-11-23
535,3,2024-11-23
535,4,2024-11-23
535,5,2024-11-23
535,6,2024-11-23
536,1,2023-11-16
536,3,2023-11-16
536,4,2023-11-16
536,5,2023-11-16
536,7,2023-11-16
537,1,2023-11-16
537,3,2023-11-16
537,4,2023-11-16
537,5,2023-11-16
537,6,2023-11-16
537,7,2023-11-16
538,1,2023-11-16
538,2,2023-11-16
538,3,2023-11-16
538,4,2023-11-16
538,5,2023-11-16
538,7,2023-11-16
539,1,2023-11-16
539,2,2023-11-16
539,3,2023-11-16
539,4,2023-11-16
539,5,2023-11-16
539,6,2023-11-16
540,1,2023-11-16
540,2,2023-11-16
540,4,2023-11-16
540,5,2023-11-16
540,6,2023-11-16
540,7,2023-11-16
541,1,2023-02-05
541,2,2023-02-05
541,3,2023-02-05
541,4,2023-02-05
541,7,2023-02-05
542,1,2023-02-05
542,2,2023-02-05
542,3,2023-02-05
542,4,2023-02-05
543,1,2023-02-05
543,2,2023-02-05
543,4,2023-02-05
543,5,2023-02-05
543,6,2023-02-05
543,7,2023-02-05
544,1,2022-04-10
544,2,2022-04-10
544,5,2022-04-10
544,6,2022-04-10
544,7,2022-04-10
545,1,2022-04-10
545,2,2022-04-10
545,4,2022-04-10
545,5,2022-04-10
545,6,2022-04-10
545,7,2022-04-10
546,1,2022-04-10
546,2,2022-04-10
546,3,2022-04-10
546,4,2022-04-10
546,5,2022-04-10
546,6,2022-04-10
546,7,2022-04-10
547,1,2022-04-10
547,2,2022-04-10
547,3,2022-04-10
547,5,2022-04-10
547,6,2022-04-10
548,1,2022-04-10
548,2,2022-04-10
548,3,2022-04-10
548,4,2022-04-10
548,5,2022-04-10
548,6,2022-04-10
548,7,2022-04-10
549,1,2022-04-10
549,2,2022-04-10
549,4,2022-04-10
549,5,2022-04-10
549,6,2022-04-10
549,7,2022-04-10
550,1,2022-04-10
550,2,2022-04-10
550,3,2022-04-10
550,4,2022-04-10
551,1,2022-04-10
551,4,2022-04-10
551,5,2022-04-10
551,6,2022-04-10
551,7,2022-04-10
552,1,2025-06-03
552,2,2025-06-03
552,3,2025-06-03
552,5,2025-06-03
552,7,2025-06-03
553,1,2025-06-03
553,2,2025-06-03
553,7,2025-06-03
554,1,2025-06-03
554,2,2025-06-03
554,3,2025-06-03
554,5,2025-06-03
554,6,2025-06-03
555,1,2025-06-03
555,2,2025-06-03
555,3,2025-06-03
555,6,2025-06-03
555,7,2025-06-03
556,1,2025-06-03
556,2,2025-06-03
556,4,2025-06-03
556,5,2025-06-03
556,6,2025-06-03
556,7,2025-06-03
557,1,2025-06-03
557,2,2025-06-03
557,4,2025-06-03
557,5,2025-06-03
557,6,2025-06-03
557,7,2025-06-03
558,1,2025-06-03
558,2,2025-06-03
558,3,2025-06-03
558,4,2025-06-03
558,5,2025-06-03
558,6,2025-06-03
558,7,2025-06-03
559,1,2025-06-03
559,2,2025-06-03
559,3,2025-06-03
559,4,2025-06-03
559,5,2025-06-03
559,6,2025-06-03
559,7,2025-06-03
560,1,2025-06-03
560,2,2025-06-03
560,3,2025-06-03
560,4,2025-06-03
560,5,2025-06-03
560,6,2025-06-03
561,1,2023-12-01
561,2,2023-12-01
561,3,2023-12-01
561,4,2023-12-01
561,5,2023-12-01
561,6,2023-12-01
561,7,2023-12-01
562,1,2024-08-31
562,2,2024-08-31
562,3,2024-08-31
562,4,2024-08-31
562,5,2024-08-31
562,6,2024-08-31
562,7,2024-08-31
563,1,2024-08-31
563,2,2024-08-31
563,3,2024-08-31
563,6,2024-08-31
563,7,2024-08-31
564,1,2024-08-31
564,2,2024-08-31
564,3,2024-08-31
564,4,2024-08-31
564,5,2024-08-31
565,1,2024-08-31
565,2,2024-08-31
565,3,2024-08-31
565,4,2024-08-31
565,6,2024-08-31
565,7,2024-08-31
566,1,2021-08-20
566,2,2021-08-20
566,3,2021-08-20
566,5,2021-08-20
566,6,2021-08-20
566,7,2021-08-20
567,1,2021-08-20
567,2,2021-08-20
567,3,2021-08-20
567,6,2021-08-20
567,7,2021-08-20
568,1,2021-08-20
568,2,2021-08-20
568,3,2021-08-20
568,4,2021-08-20
568,5,2021-08-20
568,6,2021-08-20
568,7,2021-08-20
569,1,2021-08-20
569,2,2021-08-20
569,3,2021-08-20
569,4,2021-08-20
569,5,2021-08-20
569,6,2021-08-20
570,1,2021-08-20
570,2,2021-08-20
570,3,2021-08-20
570,5,2021-08-20
570,6,2021-08-20
570,7,2021-08-20
571,1,2022-06-13
571,2,2022-06-13
571,3,2022-06-13
571,5,2022-06-13
571,6,2022-06-13
571,7,2022-06-13
572,1,2022-06-13
572,2,2022-06-13
572,3,2022-06-13
572,4,2022-06-13
572,5,2022-06-13
572,6,2022-06-13
572,7,2022-06-13
573,1,2022-06-13
573,3,2022-06-13
573,4,2022-06-13
573,5,2022-06-13
573,6,2022-06-13
574,1,2022-06-13
574,4,2022-06-13
574,7,2022-06-13
575,1,2022-06-13
575,2,2022-06-13
575,3,2022-06-13
575,4,2022-06-13
575,5,2022-06-13
575,6,2022-06-13
575,7,2022-06-13
576,1,2022-06-13
576,2,2022-06-13
576,3,2022-06-13
576,4,2022-06-13
576,5,2022-06-13
576,6,2022-06-13
576,7,2022-06-13
577,1,2022-06-13
577,5,2022-06-13
577,6,2022-06-13
577,7,2022-06-13
578,1,2024-05-23
578,2,2024-05-23
578,3,2024-05-23
578,5,2024-05-23
579,1,2024-05-23
579,2,2024-05-23
579,3,2024-05-23
579,4,2024-05-23
579,5,2024-05-23
579,7,2024-05-23
580,1,2024-05-23
580,2,2024-05-23
580,4,2024-05-23
580,6,2024-05-23
580,7,2024-05-23
581,1,2024-05-23
581,2,2024-05-23
581,3,2024-05-23
581,4,2024-05-23
581,5,2024-05-23
581,6,2024-05-23
581,7,2024-05-23
582,1,2023-05-20
582,4,2023-05-20
582,5,2023-05-20
582,7,2023-05-20
583,1,2023-05-20
583,2,2023-05-20
583,3,2023-05-20
583,5,2023-05-20
583,6,2023-05-20
584,1,2023-05-20
584,3,2023-05-20
584,5,2023-05-20
584,6,2023-05-20
584,7,2023-05-20
585,1,2023-05-20
585,2,2023-05-20
585,3,2023-05-20
585,5,2023-05-20
585,6,2023-05-20
585,7,2023-05-20
586,1,2023-05-20
586,2,2023-05-20
586,3,2023-05-20
586,4,2023-05-20
586,5,2023-05-20
586,7,2023-05-20
587,1,2023-05-20
587,2,2023-05-20
587,3,2023-05-20
587,4,2023-05-20
587,5,2023-05-20
587,6,2023-05-20
587,7,2023-05-20
588,1,2023-05-20
588,2,2023-05-20
588,3,2023-05-20
588,4,2023-05-20
588,5,2023-05-20
588,6,2023-05-20
588,7,2023-05-20
589,1,2023-05-20
589,2,2023-05-20
589,3,2023-05-20
589,4,2023-05-20
589,6,2023-05-20
589,7,2023-05-20
590,1,2023-05-20
590,2,2023-05-20
590,3,2023-05-20
590,4,2023-05-20
590,5,2023-05-20
590,6,2023-05-20
591,1,2022-02-23
591,2,2022-02-23
591,3,2022-02-23
591,6,2022-02-23
591,7,2022-02-23
592,1,2022-02-23
592,2,2022-02-23
592,3,2022-02-23
592,4,2022-02-23
592,5,2022-02-23
592,6,2022-02-23
592,7,2022-02-23
593,1,2022-02-23
593,2,2022-02-23
593,4,2022-02-23
593,5,2022-02-23
593,6,2022-02-23
593,7,2022-02-23
594,1,2022-02-23
594,4,2022-02-23
594,5,2022-02-23
594,6,2022-02-23
594,7,2022-02-23
595,1,2022-02-23
595,2,2022-02-23
595,3,2022-02-23
595,4,2022-02-23
595,5,2022-02-23
595,6,2022-02-23
595,7,2022-02-23
596,1,2022-02-23
596,2,2022-02-23
596,3,2022-02-23
596,4,2022-02-23
596,6,2022-02-23
596,7,2022-02-23
597,1,2022-02-23
597,3,2022-02-23
597,5,2022-02-23
597,6,2022-02-23
597,7,2022-02-23
598,1,2022-02-23
598,2,2022-02-23
598,3,2022-02-23
598,5,2022-02-23
598,6,2022-02-23
598,7,2022-02-23
599,1,2022-02-23
599,2,2022-02-23
599,3,2022-02-23
599,4,2022-02-23
599,5,2022-02-23
599,7,2022-02-23
600,1,2022-02-23
600,2,2022-02-23
600,3,2022-02-23
600,4,2022-02-23
600,6,2022-02-23
600,7,2022-02-23
601,1,2023-12-07
601,2,2023-12-07
601,3,2023-12-07
601,4,2023-12-07
601,5,2023-12-07
601,6,2023-12-07
601,7,2023-12-07
602,1,2021-12-31
602,2,2021-12-31
602,4,2021-12-31
602,5,2021-12-31
603,1,2021-12-31
603,2,2021-12-31
603,3,2021-12-31
603,4,2021-12-31
603,5,2021-12-31
603,6,2021-12-31
604,1,2021-12-31
604,2,2021-12-31
604,4,2021-12-31
604,5,2021-12-31
604,6,2021-12-31
604,7,2021-12-31
605,1,2021-12-31
605,3,2021-12-31
605,5,2021-12-31
605,6,2021-12-31
605,7,2021-12-31
606,1,2021-12-31
606,2,2021-12-31
606,3,2021-12-31
606,4,2021-12-31
606,6,2021-12-31
606,7,2021-12-31
607,1,2021-12-31
607,3,2021-12-31
607,4,2021-12-31
607,5,2021-12-31
607,6,2021-12-31
607,7,2021-12-31
608,1,2021-12-31
608,2,2021-12-31
608,3,2021-12-31
608,4,2021-12-31
608,5,2021-12-31
608,6,2021-12-31
609,1,2021-12-31
609,2,2021-12-31
609,3,2021-12-31
609,4,2021-12-31
609,5,2021-12-31
609,6,2021-12-31
609,7,2021-12-31
610,1,2021-12-31
610,2,2021-12-31
610,3,2021-12-31
610,4,2021-12-31
610,6,2021-12-31
610,7,2021-12-31
611,1,2021-12-31
611,2,2021-12-31
611,3,2021-12-31
611,6,2021-12-31
611,7,2021-12-31
612,1,2021-12-31
612,3,2021-12-31
612,4,2021-12-31
612,5,2021-12-31
612,6,2021-12-31
612,7,2021-12-31
613,1,2021-12-31
613,3,2021-12-31
613,4,2021-12-31
613,5,2021-12-31
613,6,2021-12-31
613,7,2021-12-31
614,1,2021-11-05
614,2,2021-11-05
614,3,2021-11-05
614,4,2021-11-05
615,1,2021-11-05
615,2,2021-11-05
615,3,2021-11-05
615,4,2021-11-05
615,5,2021-11-05
615,7,2021-11-05
616,1,2021-11-05
616,2,2021-11-05
616,5,2021-11-05
616,6,2021-11-05
616,7,2021-11-05
617,1,2021-11-05
617,3,2021-11-05
617,4,2021-11-05
617,5,2021-11-05
617,6,2021-11-05
617,7,2021-11-05
618,1,2021-11-05
618,2,2021-11-05
618,3,2021-11-05
618,4,2021-11-05
618,6,2021-11-05
618,7,2021-11-05
619,1,2021-11-05
619,4,2021-11-05
619,5,2021-11-05
619,6,2021-11-05
619,7,2021-11-05
620,1,2021-11-05
620,2,2021-11-05
620,3,2021-11-05
620,4,2021-11-05
620,7,2021-11-05
621,1,2021-08-24
621,2,2021-08-24
621,3,2021-08-24
621,4,2021-08-24
621,5,2021-08-24
621,6,2021-08-24
621,7,2021-08-24
622,1,2026-01-16
622,2,2026-01-16
622,3,2026-01-16
622,4,2026-01-16
622,5,2026-01-16
622,6,2026-01-16
622,7,2026-01-16
623,1,2023-12-24
623,2,2023-12-24
623,3,2023-12-24
623,5,2023-12-24
623,6,2023-12-24
623,7,2023-12-24
624,1,2025-06-30
624,2,2025-06-30
624,4,2025-06-30
624,5,2025-06-30
624,6,2025-06-30
624,7,2025-06-30
625,1,2025-06-30
625,2,2025-06-30
625,3,2025-06-30
625,4,2025-06-30
625,6,2025-06-30
625,7,2025-06-30
626,1,2025-06-30
626,3,2025-06-30
626,4,2025-06-30
626,6,2025-06-30
626,7,2025-06-30
627,1,2025-06-30
627,2,2025-06-30
627,3,2025-06-30
627,4,2025-06-30
627,6,2025-06-30
627,7,2025-06-30
628,1,2025-06-30
628,2,2025-06-30
628,4,2025-06-30
628,5,2025-06-30
628,6,2025-06-30
628,7,2025-06-30
629,1,2025-06-30
629,2,2025-06-30
629,3,2025-06-30
629,5,2025-06-30
629,6,2025-06-30
629,7,2025-06-30
630,1,2025-06-30
630,2,2025-06-30
630,3,2025-06-30
630,4,2025-06-30
630,5,2025-06-30
630,7,2025-06-30
631,1,2025-06-30
631,2,2025-06-30
631,3,2025-06-30
631,4,2025-06-30
631,5,2025-06-30
631,6,2025-06-30
631,7,2025-06-30
632,1,2025-06-30
632,2,2025-06-30
632,3,2025-06-30
632,4,2025-06-30
632,5,2025-06-30
632,6,2025-06-30
632,7,2025-06-30
633,1,2025-06-30
633,2,2025-06-30
633,3,2025-06-30
633,4,2025-06-30
633,5,2025-06-30
633,7,2025-06-30
634,1,2025-06-30
634,2,2025-06-30
634,3,2025-06-30
634,4,2025-06-30
634,5,2025-06-30
634,6,2025-06-30
634,7,2025-06-30
635,1,2025-03-24
635,2,2025-03-24
635,3,2025-03-24
635,4,2025-03-24
635,5,2025-03-24
635,6,2025-03-24
636,1,2023-02-16
636,2,2023-02-16
636,3,2023-02-16
636,4,2023-02-16
636,5,2023-02-16
636,6,2023-02-16
636,7,2023-02-16
637,1,2023-04-19
637,2,2023-04-19
637,3,2023-04-19
637,5,2023-04-19
637,6,2023-04-19
637,7,2023-04-19
638,1,2025-07-11
638,3,2025-07-11
638,4,2025-07-11
638,5,2025-07-11
638,6,2025-07-11
639,1,2026-04-17
639,2,2026-04-17
639,3,2026-04-17
639,4,2026-04-17
639,5,2026-04-17
639,7,2026-04-17
640,1,2022-06-14
640,2,2022-06-14
640,3,2022-06-14
640,4,2022-06-14
640,5,2022-06-14
640,6,2022-06-14
640,7,2022-06-14
641,1,2025-03-20
641,2,2025-03-20
641,3,2025-03-20
641,4,2025-03-20
641,5,2025-03-20
641,6,2025-03-20
641,7,2025-03-20
642,1,2022-05-11
642,2,2022-05-11
642,3,2022-05-11
642,5,2022-05-11
642,6,2022-05-11
642,7,2022-05-11
643,1,2025-03-11
643,2,2025-03-11
643,4,2025-03-11
643,5,2025-03-11
643,6,2025-03-11
643,7,2025-03-11
644,1,2024-06-18
644,2,2024-06-18
644,3,2024-06-18
644,4,2024-06-18
644,5,2024-06-18
644,7,2024-06-18
645,1,2025-02-25
645,3,2025-02-25
645,4,2025-02-25
645,5,2025-02-25
645,6,2025-02-25
645,7,2025-02-25
646,1,2025-11-14
646,3,2025-11-14
646,4,2025-11-14
646,5,2025-11-14
646,6,2025-11-14
646,7,2025-11-14
647,1,2023-03-15
647,2,2023-03-15
647,4,2023-03-15
647,5,2023-03-15
647,6,2023-03-15
647,7,2023-03-15
648,1,2021-08-27
648,2,2021-08-27
648,3,2021-08-27
648,4,2021-08-27
648,6,2021-08-27
648,7,2021-08-27
649,1,2022-01-05
649,2,2022-01-05
649,3,2022-01-05
649,4,2022-01-05
649,5,2022-01-05
649,6,2022-01-05
649,7,2022-01-05
650,1,2023-07-09
650,2,2023-07-09
650,4,2023-07-09
650,5,2023-07-09
650,6,2023-07-09
650,7,2023-07-09
651,1,2023-07-09
651,2,2023-07-09
651,3,2023-07-09
651,4,2023-07-09
651,6,2023-07-09
652,1,2023-07-09
652,2,2023-07-09
652,3,2023-07-09
652,4,2023-07-09
652,7,2023-07-09
653,1,2023-07-09
653,4,2023-07-09
653,5,2023-07-09
653,7,2023-07-09
654,1,2023-07-09
654,3,2023-07-09
654,4,2023-07-09
654,6,2023-07-09
654,7,2023-07-09
655,1,2025-01-15
655,2,2025-01-15
655,3,2025-01-15
655,6,2025-01-15
655,7,2025-01-15
656,1,2025-01-15
656,2,2025-01-15
656,3,2025-01-15
656,4,2025-01-15
656,5,2025-01-15
656,6,2025-01-15
657,1,2025-01-15
657,2,2025-01-15
657,3,2025-01-15
657,4,2025-01-15
657,5,2025-01-15
657,6,2025-01-15
657,7,2025-01-15
658,1,2023-06-19
658,3,2023-06-19
658,4,2023-06-19
658,5,2023-06-19
658,6,2023-06-19
659,1,2022-05-16
659,2,2022-05-16
659,3,2022-05-16
659,4,2022-05-16
659,5,2022-05-16
659,6,2022-05-16
659,7,2022-05-16
660,1,2024-10-23
660,2,2024-10-23
660,3,2024-10-23
660,5,2024-10-23
660,6,2024-10-23
660,7,2024-10-23
661,1,2024-10-23
661,3,2024-10-23
661,4,2024-10-23
661,5,2024-10-23
661,6,2024-10-23
662,1,2024-10-23
662,2,2024-10-23
662,4,2024-10-23
662,5,2024-10-23
662,6,2024-10-23
662,7,2024-10-23
663,1,2025-06-29
663,2,2025-06-29
663,3,2025-06-29
663,4,2025-06-29
663,5,2025-06-29
663,6,2025-06-29
664,1,2025-06-29
664,2,2025-06-29
664,3,2025-06-29
664,4,2025-06-29
664,5,2025-06-29
664,7,2025-06-29
665,1,2025-06-29
665,2,2025-06-29
665,3,2025-06-29
665,4,2025-06-29
665,5,2025-06-29
665,7,2025-06-29
666,1,2025-06-29
666,3,2025-06-29
666,5,2025-06-29
666,6,2025-06-29
666,7,2025-06-29
667,1,2021-08-06
667,2,2021-08-06
667,3,2021-08-06
667,5,2021-08-06
667,6,2021-08-06
667,7,2021-08-06
668,1,2021-08-06
668,2,2021-08-06
668,3,2021-08-06
668,4,2021-08-06
668,5,2021-08-06
668,6,2021-08-06
668,7,2021-08-06
669,1,2021-08-06
669,2,2021-08-06
669,3,2021-08-06
669,4,2021-08-06
669,6,2021-08-06
669,7,2021-08-06
670,1,2021-08-06
670,2,2021-08-06
670,3,2021-08-06
670,4,2021-08-06
670,6,2021-08-06
670,7,2021-08-06
671,1,2021-08-06
671,2,2021-08-06
671,3,2021-08-06
671,4,2021-08-06
671,6,2021-08-06
672,1,2024-09-13
672,5,2024-09-13
672,6,2024-09-13
672,7,2024-09-13
673,1,2024-09-13
673,4,2024-09-13
673,5,2024-09-13
673,6,2024-09-13
673,7,2024-09-13
674,1,2024-09-13
674,2,2024-09-13
674,3,2024-09-13
674,4,2024-09-13
674,5,2024-09-13
674,6,2024-09-13
674,7,2024-09-13
675,1,2024-09-13
675,2,2024-09-13
675,4,2024-09-13
675,5,2024-09-13
675,6,2024-09-13
675,7,2024-09-13
676,1,2024-09-13
676,3,2024-09-13
676,5,2024-09-13
676,6,2024-09-13
676,7,2024-09-13
677,1,2024-09-13
677,2,2024-09-13
677,3,2024-09-13
677,4,2024-09-13
677,5,2024-09-13
677,6,2024-09-13
677,7,2024-09-13
678,1,2024-09-13
678,2,2024-09-13
678,3,2024-09-13
678,4,2024-09-13
678,6,2024-09-13
678,7,2024-09-13
679,1,2024-09-13
679,2,2024-09-13
679,4,2024-09-13
679,5,2024-09-13
679,7,2024-09-13
680,1,2024-09-13
680,3,2024-09-13
680,4,2024-09-13
680,5,2024-09-13
680,6,2024-09-13
681,1,2024-09-13
681,2,2024-09-13
681,4,2024-09-13
681,5,2024-09-13
681,6,2024-09-13
681,7,2024-09-13
682,1,2025-07-24
682,2,2025-07-24
682,4,2025-07-24
682,5,2025-07-24
682,6,2025-07-24
682,7,2025-07-24
683,1,2025-05-03
683,2,2025-05-03
683,3,2025-05-03
683,4,2025-05-03
683,6,2025-05-03
683,7,2025-05-03
684,1,2025-05-03
684,2,2025-05-03
684,3,2025-05-03
684,4,2025-05-03
684,7,2025-05-03
685,1,2025-05-03
685,4,2025-05-03
685,6,2025-05-03
685,7,2025-05-03
686,1,2025-05-03
686,2,2025-05-03
686,3,2025-05-03
686,6,2025-05-03
686,7,2025-05-03
687,1,2025-05-03
687,2,2025-05-03
687,3,2025-05-03
687,6,2025-05-03
687,7,2025-05-03
688,1,2023-06-27
688,2,2023-06-27
688,4,2023-06-27
688,5,2023-06-27
688,6,2023-06-27
688,7,2023-06-27
689,1,2023-06-27
689,2,2023-06-27
689,3,2023-06-27
689,4,2023-06-27
689,6,2023-06-27
689,7,2023-06-27
690,1,2023-06-27
690,2,2023-06-27
690,3,2023-06-27
690,5,2023-06-27
690,6,2023-06-27
690,7,2023-06-27
691,1,2022-06-13
691,2,2022-06-13
691,3,2022-06-13
691,5,2022-06-13
691,7,2022-06-13
692,1,2022-06-13
692,2,2022-06-13
692,4,2022-06-13
692,5,2022-06-13
692,6,2022-06-13
692,7,2022-06-13
693,1,2022-06-13
693,3,2022-06-13
693,4,2022-06-13
693,6,2022-06-13
693,7,2022-06-13
694,1,2022-06-13
694,2,2022-06-13
694,3,2022-06-13
694,4,2022-06-13
694,5,2022-06-13
694,6,2022-06-13
694,7,2022-06-13
695,1,2022-01-18
695,2,2022-01-18
695,3,2022-01-18
695,4,2022-01-18
695,5,2022-01-18
695,6,2022-01-18
695,7,2022-01-18
696,1,2022-01-18
696,2,2022-01-18
696,3,2022-01-18
696,4,2022-01-18
696,5,2022-01-18
696,6,2022-01-18
697,1,2022-01-18
697,3,2022-01-18
697,4,2022-01-18
697,7,2022-01-18
698,1,2022-01-18
698,3,2022-01-18
698,4,2022-01-18
698,5,2022-01-18
698,6,2022-01-18
698,7,2022-01-18
699,1,2022-01-18
699,4,2022-01-18
699,5,2022-01-18
699,6,2022-01-18
699,7,2022-01-18
700,1,2026-03-30
700,2,2026-03-30
700,3,2026-03-30
700,4,2026-03-30
700,5,2026-03-30
700,6,2026-03-30
700,7,2026-03-30
701,1,2026-03-30
701,2,2026-03-30
701,3,2026-03-30
701,4,2026-03-30
701,5,2026-03-30
701,6,2026-03-30
701,7,2026-03-30
702,1,2026-03-30
702,2,2026-03-30
702,3,2026-03-30
702,4,2026-03-30
702,5,2026-03-30
702,6,2026-03-30
702,7,2026-03-30
703,1,2023-10-07
703,2,2023-10-07
703,3,2023-10-07
703,4,2023-10-07
703,5,2023-10-07
703,7,2023-10-07
704,1,2023-10-07
704,3,2023-10-07
704,4,2023-10-07
704,5,2023-10-07
704,6,2023-10-07
704,7,2023-10-07
705,1,2023-10-07
705,2,2023-10-07
705,4,2023-10-07
705,5,2023-10-07
705,6,2023-10-07
705,7,2023-10-07
706,1,2023-10-07
706,3,2023-10-07
706,4,2023-10-07
706,5,2023-10-07
706,6,2023-10-07
706,7,2023-10-07
707,1,2023-10-07
707,2,2023-10-07
707,3,2023-10-07
707,4,2023-10-07
707,5,2023-10-07
707,7,2023-10-07
708,1,2023-10-07
708,2,2023-10-07
708,3,2023-10-07
708,4,2023-10-07
708,5,2023-10-07
708,6,2023-10-07
708,7,2023-10-07
709,1,2023-10-07
709,2,2023-10-07
709,3,2023-10-07
709,4,2023-10-07
709,6,2023-10-07
709,7,2023-10-07
710,1,2023-10-07
710,2,2023-10-07
710,3,2023-10-07
710,4,2023-10-07
710,5,2023-10-07
710,6,2023-10-07
710,7,2023-10-07
711,1,2023-10-07
711,2,2023-10-07
711,3,2023-10-07
711,4,2023-10-07
711,5,2023-10-07
711,6,2023-10-07
711,7,2023-10-07
712,1,2023-10-07
712,2,2023-10-07
712,4,2023-10-07
712,5,2023-10-07
712,7,2023-10-07
713,1,2023-10-07
713,2,2023-10-07
713,3,2023-10-07
713,5,2023-10-07
713,6,2023-10-07
713,7,2023-10-07
714,1,2024-04-15
714,2,2024-04-15
714,3,2024-04-15
714,4,2024-04-15
714,5,2024-04-15
714,6,2024-04-15
714,7,2024-04-15
715,1,2024-04-15
715,2,2024-04-15
715,3,2024-04-15
715,6,2024-04-15
715,7,2024-04-15
716,1,2024-04-15
716,2,2024-04-15
716,3,2024-04-15
716,4,2024-04-15
716,5,2024-04-15
716,6,2024-04-15
716,7,2024-04-15
717,1,2024-04-15
717,4,2024-04-15
717,6,2024-04-15
717,7,2024-04-15
718,1,2024-04-15
718,2,2024-04-15
718,3,2024-04-15
718,6,2024-04-15
718,7,2024-04-15
719,1,2022-12-25
719,2,2022-12-25
719,3,2022-12-25
719,4,2022-12-25
719,6,2022-12-25
719,7,2022-12-25
720,1,2022-12-25
720,2,2022-12-25
720,3,2022-12-25
720,4,2022-12-25
720,7,2022-12-25
721,1,2022-12-25
721,2,2022-12-25
721,3,2022-12-25
721,4,2022-12-25
721,5,2022-12-25
721,7,2022-12-25
722,1,2025-05-21
722,2,2025-05-21
722,4,2025-05-21
722,5,2025-05-21
722,6,2025-05-21
722,7,2025-05-21
723,1,2025-05-21
723,2,2025-05-21
723,4,2025-05-21
723,5,2025-05-21
723,6,2025-05-21
723,7,2025-05-21
724,1,2025-05-21
724,2,2025-05-21
724,3,2025-05-21
724,4,2025-05-21
724,5,2025-05-21
724,7,2025-05-21
725,1,2025-05-21
725,2,2025-05-21
725,4,2025-05-21
725,5,2025-05-21
725,6,2025-05-21
725,7,2025-05-21
726,1,2025-05-21
726,2,2025-05-21
726,3,2025-05-21
726,4,2025-05-21
726,5,2025-05-21
726,7,2025-05-21
727,1,2025-05-21
727,3,2025-05-21
727,4,2025-05-21
727,5,2025-05-21
727,6,2025-05-21
727,7,2025-05-21
728,1,2025-05-21
728,2,2025-05-21
728,3,2025-05-21
728,4,2025-05-21
728,7,2025-05-21
729,1,2025-05-21
729,3,2025-05-21
729,4,2025-05-21
729,6,2025-05-21
730,1,2021-08-15
730,2,2021-08-15
730,3,2021-08-15
730,4,2021-08-15
730,6,2021-08-15
730,7,2021-08-15
731,1,2021-08-15
731,3,2021-08-15
731,6,2021-08-15
731,7,2021-08-15
732,1,2021-08-15
732,2,2021-08-15
732,3,2021-08-15
732,4,2021-08-15
732,5,2021-08-15
732,6,2021-08-15
732,7,2021-08-15
733,1,2021-08-15
733,4,2021-08-15
733,5,2021-08-15
733,6,2021-08-15
733,7,2021-08-15
734,1,2021-08-15
734,2,2021-08-15
734,3,2021-08-15
734,5,2021-08-15
734,6,2021-08-15
734,7,2021-08-15
735,1,2021-08-15
735,2,2021-08-15
735,3,2021-08-15
735,5,2021-08-15
735,6,2021-08-15
735,7,2021-08-15
736,1,2021-08-15
736,2,2021-08-15
736,3,2021-08-15
736,5,2021-08-15
736,6,2021-08-15
736,7,2021-08-15
737,1,2021-08-15
737,2,2021-08-15
737,3,2021-08-15
737,4,2021-08-15
737,5,2021-08-15
737,7,2021-08-15
738,1,2021-08-15
738,2,2021-08-15
738,3,2021-08-15
738,5,2021-08-15
738,6,2021-08-15
738,7,2021-08-15
739,1,2025-02-22
739,3,2025-02-22
739,4,2025-02-22
739,5,2025-02-22
739,6,2025-02-22
739,7,2025-02-22
740,1,2021-09-26
740,2,2021-09-26
740,3,2021-09-26
740,4,2021-09-26
740,5,2021-09-26
740,6,2021-09-26
740,7,2021-09-26
741,1,2021-09-26
741,2,2021-09-26
741,3,2021-09-26
741,5,2021-09-26
741,6,2021-09-26
741,7,2021-09-26
742,1,2021-09-26
742,2,2021-09-26
742,3,2021-09-26
742,5,2021-09-26
742,7,2021-09-26
743,1,2021-09-26
743,2,2021-09-26
743,4,2021-09-26
743,5,2021-09-26
743,6,2021-09-26
743,7,2021-09-26
744,1,2025-03-17
744,2,2025-03-17
744,5,2025-03-17
744,7,2025-03-17
745,1,2025-03-17
745,2,2025-03-17
745,3,2025-03-17
745,4,2025-03-17
745,5,2025-03-17
745,6,2025-03-17
745,7,2025-03-17
746,1,2025-03-17
746,2,2025-03-17
746,4,2025-03-17
746,5,2025-03-17
746,6,2025-03-17
747,1,2025-03-17
747,2,2025-03-17
747,3,2025-03-17
747,4,2025-03-17
747,5,2025-03-17
747,6,2025-03-17
748,1,2025-03-17
748,2,2025-03-17
748,3,2025-03-17
748,5,2025-03-17
748,6,2025-03-17
749,1,2025-03-17
749,3,2025-03-17
749,4,2025-03-17
749,5,2025-03-17
749,6,2025-03-17
749,7,2025-03-17
750,1,2025-03-17
750,2,2025-03-17
750,3,2025-03-17
750,4,2025-03-17
750,6,2025-03-17
750,7,2025-03-17
751,1,2025-03-17
751,2,2025-03-17
751,3,2025-03-17
751,5,2025-03-17
751,6,2025-03-17
751,7,2025-03-17
752,1,2025-03-17
752,2,2025-03-17
752,3,2025-03-17
752,4,2025-03-17
752,6,2025-03-17
753,1,2025-03-17
753,2,2025-03-17
753,3,2025-03-17
753,4,2025-03-17
753,6,2025-03-17
753,7,2025-03-17
754,1,2025-03-17
754,2,2025-03-17
754,3,2025-03-17
754,4,2025-03-17
754,5,2025-03-17
754,6,2025-03-17
754,7,2025-03-17
755,1,2025-03-17
755,2,2025-03-17
755,3,2025-03-17
755,4,2025-03-17
755,5,2025-03-17
755,7,2025-03-17
756,1,2024-06-17
756,2,2024-06-17
756,3,2024-06-17
756,4,2024-06-17
756,5,2024-06-17
756,6,2024-06-17
756,7,2024-06-17
757,1,2024-06-17
757,2,2024-06-17
757,3,2024-06-17
757,4,2024-06-17
757,5,2024-06-17
757,6,2024-06-17
757,7,2024-06-17
758,1,2024-06-17
758,4,2024-06-17
758,6,2024-06-17
758,7,2024-06-17
759,1,2024-06-17
759,2,2024-06-17
759,3,2024-06-17
759,4,2024-06-17
759,6,2024-06-17
759,7,2024-06-17
760,1,2024-06-17
760,2,2024-06-17
760,3,2024-06-17
760,4,2024-06-17
760,5,2024-06-17
760,7,2024-06-17
761,1,2024-06-17
761,2,2024-06-17
761,5,2024-06-17
761,6,2024-06-17
761,7,2024-06-17
762,1,2024-06-17
762,2,2024-06-17
762,3,2024-06-17
762,4,2024-06-17
762,5,2024-06-17
762,6,2024-06-17
762,7,2024-06-17
763,1,2025-02-02
763,2,2025-02-02
763,3,2025-02-02
763,4,2025-02-02
763,5,2025-02-02
763,6,2025-02-02
763,7,2025-02-02
764,1,2025-07-22
764,2,2025-07-22
764,4,2025-07-22
764,5,2025-07-22
764,7,2025-07-22
765,1,2025-12-30
765,2,2025-12-30
765,3,2025-12-30
765,4,2025-12-30
765,5,2025-12-30
765,6,2025-12-30
765,7,2025-12-30
766,1,2025-10-02
766,3,2025-10-02
766,4,2025-10-02
766,5,2025-10-02
766,6,2025-10-02
766,7,2025-10-02
767,1,2025-10-02
767,2,2025-10-02
767,3,2025-10-02
767,5,2025-10-02
767,6,2025-10-02
767,7,2025-10-02
768,1,2025-10-02
768,3,2025-10-02
768,4,2025-10-02
768,5,2025-10-02
768,6,2025-10-02
768,7,2025-10-02
769,1,2025-10-02
769,2,2025-10-02
769,3,2025-10-02
769,4,2025-10-02
769,5,2025-10-02
770,1,2025-10-02
770,2,2025-10-02
770,3,2025-10-02
770,6,2025-10-02
770,7,2025-10-02
771,1,2025-10-02
771,2,2025-10-02
771,3,2025-10-02
771,5,2025-10-02
771,6,2025-10-02
771,7,2025-10-02
772,1,2025-10-02
772,2,2025-10-02
772,3,2025-10-02
772,4,2025-10-02
772,5,2025-10-02
772,6,2025-10-02
773,1,2025-10-02
773,2,2025-10-02
773,3,2025-10-02
773,5,2025-10-02
773,6,2025-10-02
773,7,2025-10-02
774,1,2025-10-02
774,2,2025-10-02
774,3,2025-10-02
774,4,2025-10-02
774,5,2025-10-02
774,6,2025-10-02
774,7,2025-10-02
775,1,2025-10-02
775,2,2025-10-02
775,3,2025-10-02
775,4,2025-10-02
775,5,2025-10-02
775,6,2025-10-02
776,1,2025-10-02
776,2,2025-10-02
776,3,2025-10-02
776,4,2025-10-02
776,6,2025-10-02
777,1,2025-01-17
777,3,2025-01-17
777,5,2025-01-17
777,6,2025-01-17
777,7,2025-01-17
778,1,2025-01-17
778,2,2025-01-17
778,3,2025-01-17
778,4,2025-01-17
778,5,2025-01-17
778,6,2025-01-17
778,7,2025-01-17
779,1,2025-01-17
779,2,2025-01-17
779,3,2025-01-17
779,4,2025-01-17
779,5,2025-01-17
779,6,2025-01-17
780,1,2025-01-17
780,3,2025-01-17
780,4,2025-01-17
780,5,2025-01-17
780,7,2025-01-17
781,1,2025-01-17
781,2,2025-01-17
781,3,2025-01-17
781,4,2025-01-17
781,5,2025-01-17
781,6,2025-01-17
781,7,2025-01-17
782,1,2025-01-17
782,3,2025-01-17
782,5,2025-01-17
782,6,2025-01-17
782,7,2025-01-17
783,1,2025-01-17
783,2,2025-01-17
783,3,2025-01-17
783,4,2025-01-17
783,6,2025-01-17
783,7,2025-01-17
784,1,2025-01-17
784,2,2025-01-17
784,3,2025-01-17
784,4,2025-01-17
784,5,2025-01-17
784,7,2025-01-17
785,1,2025-01-17
785,2,2025-01-17
785,3,2025-01-17
785,4,2025-01-17
785,6,2025-01-17
785,7,2025-01-17
786,1,2025-01-17
786,2,2025-01-17
786,5,2025-01-17
786,6,2025-01-17
786,7,2025-01-17
787,1,2025-01-17
787,3,2025-01-17
787,4,2025-01-17
787,5,2025-01-17
787,6,2025-01-17
787,7,2025-01-17
788,1,2025-01-17
788,2,2025-01-17
788,3,2025-01-17
788,4,2025-01-17
788,5,2025-01-17
788,6,2025-01-17
789,1,2026-05-25
789,2,2026-05-25
789,3,2026-05-25
789,4,2026-05-25
789,5,2026-05-25
789,6,2026-05-25
789,7,2026-05-25
790,1,2021-10-12
790,2,2021-10-12
790,3,2021-10-12
790,4,2021-10-12
790,6,2021-10-12
790,7,2021-10-12
791,1,2021-10-12
791,2,2021-10-12
791,3,2021-10-12
791,4,2021-10-12
791,5,2021-10-12
791,6,2021-10-12
791,7,2021-10-12
792,1,2021-10-12
792,3,2021-10-12
792,4,2021-10-12
792,7,2021-10-12
793,1,2021-10-12
793,4,2021-10-12
793,5,2021-10-12
793,6,2021-10-12
793,7,2021-10-12
794,1,2021-10-12
794,2,2021-10-12
794,3,2021-10-12
794,5,2021-10-12
794,6,2021-10-12
794,7,2021-10-12
795,1,2021-10-12
795,2,2021-10-12
795,3,2021-10-12
795,5,2021-10-12
795,6,2021-10-12
795,7,2021-10-12
796,1,2021-10-12
796,2,2021-10-12
796,3,2021-10-12
796,4,2021-10-12
796,5,2021-10-12
796,6,2021-10-12
797,1,2021-10-12
797,2,2021-10-12
797,3,2021-10-12
797,4,2021-10-12
797,5,2021-10-12
797,6,2021-10-12
798,1,2025-05-19
798,2,2025-05-19
798,3,2025-05-19
798,4,2025-05-19
798,5,2025-05-19
798,7,2025-05-19
799,1,2025-03-10
799,2,2025-03-10
799,3,2025-03-10
799,5,2025-03-10
799,6,2025-03-10
799,7,2025-03-10
800,1,2023-04-15
800,2,2023-04-15
800,3,2023-04-15
800,4,2023-04-15
800,5,2023-04-15
800,6,2023-04-15
800,7,2023-04-15
801,1,2025-02-07
801,2,2025-02-07
801,3,2025-02-07
801,4,2025-02-07
801,5,2025-02-07
801,6,2025-02-07
801,7,2025-02-07
802,1,2022-02-23
802,2,2022-02-23
802,3,2022-02-23
802,4,2022-02-23
802,6,2022-02-23
803,1,2023-09-12
803,2,2023-09-12
803,3,2023-09-12
803,4,2023-09-12
803,5,2023-09-12
803,6,2023-09-12
803,7,2023-09-12
804,1,2025-07-11
804,2,2025-07-11
804,3,2025-07-11
804,4,2025-07-11
804,5,2025-07-11
804,7,2025-07-11
805,1,2025-02-06
805,3,2025-02-06
805,4,2025-02-06
805,6,2025-02-06
805,7,2025-02-06
806,1,2023-06-12
806,2,2023-06-12
806,3,2023-06-12
806,4,2023-06-12
806,5,2023-06-12
806,6,2023-06-12
807,1,2021-09-08
807,2,2021-09-08
807,3,2021-09-08
807,4,2021-09-08
807,5,2021-09-08
807,6,2021-09-08
808,1,2026-05-18
808,2,2026-05-18
808,3,2026-05-18
808,4,2026-05-18
808,6,2026-05-18
809,1,2025-07-12
809,2,2025-07-12
809,3,2025-07-12
809,5,2025-07-12
809,6,2025-07-12
809,7,2025-07-12
810,1,2021-12-31
810,2,2021-12-31
810,4,2021-12-31
810,5,2021-12-31
810,6,2021-12-31
810,7,2021-12-31
811,1,2021-12-31
811,2,2021-12-31
811,3,2021-12-31
811,5,2021-12-31
811,6,2021-12-31
812,1,2021-12-31
812,2,2021-12-31
812,3,2021-12-31
812,4,2021-12-31
812,5,2021-12-31
812,6,2021-12-31
812,7,2021-12-31
813,1,2021-12-31
813,3,2021-12-31
813,4,2021-12-31
813,5,2021-12-31
813,7,2021-12-31
814,1,2021-12-31
814,2,2021-12-31
814,3,2021-12-31
814,4,2021-12-31
814,5,2021-12-31
814,7,2021-12-31
815,1,2021-09-06
815,2,2021-09-06
815,3,2021-09-06
815,4,2021-09-06
815,5,2021-09-06
815,6,2021-09-06
815,7,2021-09-06
816,1,2021-09-06
816,2,2021-09-06
816,3,2021-09-06
816,4,2021-09-06
816,5,2021-09-06
816,6,2021-09-06
817,1,2021-09-06
817,2,2021-09-06
817,4,2021-09-06
817,5,2021-09-06
817,6,2021-09-06
817,7,2021-09-06
818,1,2024-06-02
818,2,2024-06-02
818,4,2024-06-02
818,5,2024-06-02
819,1,2023-08-01
819,3,2023-08-01
819,4,2023-08-01
819,5,2023-08-01
819,6,2023-08-01
819,7,2023-08-01
820,1,2023-01-26
820,2,2023-01-26
820,3,2023-01-26
820,4,2023-01-26
820,5,2023-01-26
820,6,2023-01-26
820,7,2023-01-26
821,1,2022-06-14
821,2,2022-06-14
821,3,2022-06-14
821,4,2022-06-14
821,5,2022-06-14
821,6,2022-06-14
821,7,2022-06-14
822,1,2022-12-01
822,2,2022-12-01
822,3,2022-12-01
822,4,2022-12-01
822,5,2022-12-01
822,7,2022-12-01
823,1,2025-08-23
823,3,2025-08-23
823,4,2025-08-23
823,5,2025-08-23
823,6,2025-08-23
824,1,2025-08-23
824,2,2025-08-23
824,3,2025-08-23
824,5,2025-08-23
824,6,2025-08-23
825,1,2025-08-23
825,2,2025-08-23
825,4,2025-08-23
825,5,2025-08-23
825,6,2025-08-23
825,7,2025-08-23
826,1,2023-02-04
826,2,2023-02-04
826,3,2023-02-04
826,4,2023-02-04
826,5,2023-02-04
826,6,2023-02-04
826,7,2023-02-04
827,1,2023-02-04
827,2,2023-02-04
827,3,2023-02-04
827,5,2023-02-04
827,7,2023-02-04
828,1,2023-02-04
828,2,2023-02-04
828,3,2023-02-04
828,4,2023-02-04
828,5,2023-02-04
828,7,2023-02-04
829,1,2023-02-04
829,2,2023-02-04
829,3,2023-02-04
829,4,2023-02-04
829,6,2023-02-04
830,1,2023-03-16
830,2,2023-03-16
830,4,2023-03-16
830,5,2023-03-16
830,6,2023-03-16
830,7,2023-03-16
831,1,2024-03-30
831,2,2024-03-30
831,3,2024-03-30
831,4,2024-03-30
831,5,2024-03-30
831,6,2024-03-30
831,7,2024-03-30
832,1,2024-03-30
832,3,2024-03-30
832,4,2024-03-30
832,5,2024-03-30
832,6,2024-03-30
832,7,2024-03-30
833,1,2024-03-30
833,2,2024-03-30
833,3,2024-03-30
833,4,2024-03-30
833,6,2024-03-30
833,7,2024-03-30
834,1,2025-02-05
834,3,2025-02-05
834,5,2025-02-05
834,6,2025-02-05
834,7,2025-02-05
835,1,2025-02-05
835,2,2025-02-05
835,5,2025-02-05
835,6,2025-02-05
835,7,2025-02-05
836,1,2025-02-05
836,2,2025-02-05
836,3,2025-02-05
836,4,2025-02-05
836,6,2025-02-05
836,7,2025-02-05
837,1,2025-02-05
837,3,2025-02-05
837,4,2025-02-05
837,5,2025-02-05
837,6,2025-02-05
837,7,2025-02-05
838,1,2026-03-30
838,2,2026-03-30
838,3,2026-03-30
838,4,2026-03-30
838,5,2026-03-30
838,6,2026-03-30
838,7,2026-03-30
839,1,2026-03-30
839,2,2026-03-30
839,3,2026-03-30
839,4,2026-03-30
839,5,2026-03-30
839,6,2026-03-30
839,7,2026-03-30
840,1,2026-03-30
840,2,2026-03-30
840,3,2026-03-30
840,4,2026-03-30
840,5,2026-03-30
840,6,2026-03-30
840,7,2026-03-30
841,1,2026-03-30
841,4,2026-03-30
841,5,2026-03-30
841,6,2026-03-30
841,7,2026-03-30
842,1,2026-03-30
842,4,2026-03-30
842,5,2026-03-30
842,6,2026-03-30
842,7,2026-03-30
843,1,2024-06-23
843,2,2024-06-23
843,4,2024-06-23
843,5,2024-06-23
843,7,2024-06-23
844,1,2024-06-23
844,2,2024-06-23
844,3,2024-06-23
844,4,2024-06-23
844,6,2024-06-23
845,1,2024-06-23
845,2,2024-06-23
845,3,2024-06-23
845,4,2024-06-23
845,5,2024-06-23
845,6,2024-06-23
845,7,2024-06-23
846,1,2024-06-23
846,2,2024-06-23
846,3,2024-06-23
846,5,2024-06-23
846,6,2024-06-23
846,7,2024-06-23
847,1,2024-06-23
847,2,2024-06-23
847,3,2024-06-23
847,4,2024-06-23
847,5,2024-06-23
847,6,2024-06-23
847,7,2024-06-23
848,1,2024-06-23
848,2,2024-06-23
848,4,2024-06-23
848,5,2024-06-23
848,7,2024-06-23
849,1,2024-06-23
849,2,2024-06-23
849,3,2024-06-23
849,4,2024-06-23
849,5,2024-06-23
849,6,2024-06-23
849,7,2024-06-23
850,1,2024-06-23
850,3,2024-06-23
850,5,2024-06-23
850,6,2024-06-23
850,7,2024-06-23
851,1,2024-06-23
851,2,2024-06-23
851,3,2024-06-23
851,4,2024-06-23
851,5,2024-06-23
851,6,2024-06-23
851,7,2024-06-23
852,1,2024-06-23
852,2,2024-06-23
852,3,2024-06-23
852,4,2024-06-23
852,5,2024-06-23
852,6,2024-06-23
852,7,2024-06-23
853,1,2022-05-06
853,3,2022-05-06
853,4,2022-05-06
853,5,2022-05-06
853,6,2022-05-06
854,1,2022-05-06
854,2,2022-05-06
854,3,2022-05-06
854,4,2022-05-06
854,5,2022-05-06
854,6,2022-05-06
854,7,2022-05-06
855,1,2022-05-06
855,2,2022-05-06
855,3,2022-05-06
855,6,2022-05-06
855,7,2022-05-06
856,1,2022-05-06
856,2,2022-05-06
856,3,2022-05-06
856,4,2022-05-06
856,5,2022-05-06
856,6,2022-05-06
856,7,2022-05-06
857,1,2025-11-21
857,3,2025-11-21
857,4,2025-11-21
857,5,2025-11-21
857,6,2025-11-21
857,7,2025-11-21
858,1,2025-11-21
858,2,2025-11-21
858,4,2025-11-21
858,5,2025-11-21
858,6,2025-11-21
858,7,2025-11-21
859,1,2025-11-21
859,2,2025-11-21
859,3,2025-11-21
859,4,2025-11-21
859,5,2025-11-21
860,1,2025-11-21
860,2,2025-11-21
860,3,2025-11-21
860,4,2025-11-21
860,5,2025-11-21
860,6,2025-11-21
860,7,2025-11-21
861,1,2025-11-21
861,2,2025-11-21
861,3,2025-11-21
861,4,2025-11-21
861,5,2025-11-21
861,6,2025-11-21
861,7,2025-11-21
862,1,2026-01-17
862,2,2026-01-17
862,3,2026-01-17
862,4,2026-01-17
862,6,2026-01-17
862,7,2026-01-17
863,1,2026-01-17
863,2,2026-01-17
863,3,2026-01-17
863,4,2026-01-17
863,7,2026-01-17
864,1,2026-01-17
864,2,2026-01-17
864,3,2026-01-17
864,5,2026-01-17
864,6,2026-01-17
864,7,2026-01-17
865,1,2026-01-19
865,2,2026-01-19
865,3,2026-01-19
865,5,2026-01-19
865,6,2026-01-19
866,1,2026-01-19
866,2,2026-01-19
866,3,2026-01-19
866,5,2026-01-19
866,6,2026-01-19
866,7,2026-01-19
867,1,2026-01-19
867,2,2026-01-19
867,3,2026-01-19
867,4,2026-01-19
867,5,2026-01-19
867,6,2026-01-19
867,7,2026-01-19
868,1,2026-01-19
868,2,2026-01-19
868,3,2026-01-19
868,4,2026-01-19
868,5,2026-01-19
868,7,2026-01-19
869,1,2026-01-19
869,2,2026-01-19
869,3,2026-01-19
869,4,2026-01-19
869,5,2026-01-19
869,6,2026-01-19
870,1,2026-01-19
870,3,2026-01-19
870,4,2026-01-19
870,5,2026-01-19
870,6,2026-01-19
870,7,2026-01-19
871,1,2026-01-19
871,2,2026-01-19
871,3,2026-01-19
871,4,2026-01-19
871,5,2026-01-19
871,6,2026-01-19
871,7,2026-01-19
872,1,2026-01-19
872,2,2026-01-19
872,3,2026-01-19
872,4,2026-01-19
872,5,2026-01-19
872,6,2026-01-19
872,7,2026-01-19
873,1,2025-08-07
873,2,2025-08-07
873,3,2025-08-07
873,4,2025-08-07
873,5,2025-08-07
873,7,2025-08-07
874,1,2025-08-07
874,2,2025-08-07
874,3,2025-08-07
874,5,2025-08-07
875,1,2025-08-07
875,2,2025-08-07
875,5,2025-08-07
875,7,2025-08-07
876,1,2025-08-07
876,3,2025-08-07
876,4,2025-08-07
876,5,2025-08-07
876,7,2025-08-07
877,1,2025-08-07
877,2,2025-08-07
877,3,2025-08-07
877,4,2025-08-07
877,6,2025-08-07
878,1,2025-08-07
878,2,2025-08-07
878,3,2025-08-07
878,4,2025-08-07
878,5,2025-08-07
878,6,2025-08-07
878,7,2025-08-07
879,1,2025-08-07
879,2,2025-08-07
879,3,2025-08-07
879,4,2025-08-07
879,5,2025-08-07
879,6,2025-08-07
879,7,2025-08-07
880,1,2025-08-07
880,2,2025-08-07
880,3,2025-08-07
880,4,2025-08-07
880,6,2025-08-07
881,1,2025-08-07
881,3,2025-08-07
881,4,2025-08-07
881,6,2025-08-07
881,7,2025-08-07
882,1,2023-05-02
882,2,2023-05-02
882,5,2023-05-02
882,6,2023-05-02
882,7,2023-05-02
883,1,2024-10-07
883,2,2024-10-07
883,3,2024-10-07
883,4,2024-10-07
883,5,2024-10-07
883,6,2024-10-07
884,1,2024-10-07
884,3,2024-10-07
884,4,2024-10-07
884,6,2024-10-07
884,7,2024-10-07
885,1,2024-10-07
885,2,2024-10-07
885,3,2024-10-07
885,4,2024-10-07
885,6,2024-10-07
886,1,2024-10-07
886,2,2024-10-07
886,3,2024-10-07
886,4,2024-10-07
886,6,2024-10-07
886,7,2024-10-07
887,1,2021-12-07
887,3,2021-12-07
887,4,2021-12-07
887,5,2021-12-07
887,6,2021-12-07
888,1,2021-12-07
888,2,2021-12-07
888,3,2021-12-07
888,4,2021-12-07
888,5,2021-12-07
888,7,2021-12-07
889,1,2021-12-07
889,2,2021-12-07
889,3,2021-12-07
889,4,2021-12-07
889,6,2021-12-07
890,1,2021-12-07
890,2,2021-12-07
890,3,2021-12-07
890,4,2021-12-07
890,6,2021-12-07
890,7,2021-12-07
891,1,2021-12-07
891,2,2021-12-07
891,3,2021-12-07
891,4,2021-12-07
891,5,2021-12-07
891,6,2021-12-07
891,7,2021-12-07
892,1,2023-08-21
892,2,2023-08-21
892,3,2023-08-21
892,4,2023-08-21
892,6,2023-08-21
892,7,2023-08-21
893,1,2023-08-21
893,3,2023-08-21
893,4,2023-08-21
893,5,2023-08-21
893,6,2023-08-21
893,7,2023-08-21
894,1,2023-08-21
894,2,2023-08-21
894,3,2023-08-21
894,6,2023-08-21
894,7,2023-08-21
895,1,2023-08-21
895,2,2023-08-21
895,4,2023-08-21
895,5,2023-08-21
895,6,2023-08-21
896,1,2023-08-21
896,2,2023-08-21
896,3,2023-08-21
896,4,2023-08-21
896,5,2023-08-21
896,6,2023-08-21
896,7,2023-08-21
897,1,2023-08-21
897,3,2023-08-21
897,4,2023-08-21
897,5,2023-08-21
897,6,2023-08-21
897,7,2023-08-21
898,1,2023-08-21
898,2,2023-08-21
898,3,2023-08-21
898,4,2023-08-21
898,5,2023-08-21
898,6,2023-08-21
898,7,2023-08-21
899,1,2023-06-12
899,2,2023-06-12
899,4,2023-06-12
899,5,2023-06-12
899,6,2023-06-12
899,7,2023-06-12
900,1,2023-06-12
900,2,2023-06-12
900,3,2023-06-12
900,4,2023-06-12
900,5,2023-06-12
900,7,2023-06-12
901,1,2023-06-12
901,3,2023-06-12
901,4,2023-06-12
901,5,2023-06-12
901,6,2023-06-12
902,1,2023-06-12
902,2,2023-06-12
902,3,2023-06-12
902,4,2023-06-12
902,5,2023-06-12
902,6,2023-06-12
902,7,2023-06-12
903,1,2024-05-04
903,3,2024-05-04
903,4,2024-05-04
904,1,2024-05-04
904,2,2024-05-04
904,3,2024-05-04
904,4,2024-05-04
904,5,2024-05-04
904,6,2024-05-04
905,1,2024-05-04
905,2,2024-05-04
905,3,2024-05-04
905,5,2024-05-04
905,6,2024-05-04
905,7,2024-05-04
906,1,2024-05-04
906,2,2024-05-04
906,3,2024-05-04
906,5,2024-05-04
906,7,2024-05-04
907,1,2024-05-04
907,2,2024-05-04
907,6,2024-05-04
907,7,2024-05-04
908,1,2024-05-04
908,2,2024-05-04
908,3,2024-05-04
908,4,2024-05-04
908,5,2024-05-04
908,7,2024-05-04
909,1,2024-05-04
909,2,2024-05-04
909,3,2024-05-04
909,4,2024-05-04
909,5,2024-05-04
909,6,2024-05-04
909,7,2024-05-04
910,1,2024-05-04
910,5,2024-05-04
911,1,2024-05-04
911,3,2024-05-04
911,4,2024-05-04
911,6,2024-05-04
911,7,2024-05-04
912,1,2024-11-06
912,2,2024-11-06
912,3,2024-11-06
912,4,2024-11-06
912,5,2024-11-06
912,6,2024-11-06
912,7,2024-11-06
913,1,2024-11-06
913,3,2024-11-06
913,5,2024-11-06
913,6,2024-11-06
913,7,2024-11-06
914,1,2024-11-06
914,2,2024-11-06
914,3,2024-11-06
914,4,2024-11-06
914,7,2024-11-06
915,1,2024-11-06
915,2,2024-11-06
915,4,2024-11-06
915,6,2024-11-06
915,7,2024-11-06
916,1,2024-11-06
916,2,2024-11-06
916,3,2024-11-06
916,5,2024-11-06
916,6,2024-11-06
916,7,2024-11-06
917,1,2024-11-06
917,2,2024-11-06
917,4,2024-11-06
917,5,2024-11-06
917,6,2024-11-06
917,7,2024-11-06
918,1,2024-11-06
918,3,2024-11-06
918,4,2024-11-06
918,5,2024-11-06
918,6,2024-11-06
918,7,2024-11-06
919,1,2024-11-06
919,2,2024-11-06
919,5,2024-11-06
919,6,2024-11-06
919,7,2024-11-06
920,1,2024-11-06
920,2,2024-11-06
920,3,2024-11-06
920,5,2024-11-06
920,6,2024-11-06
920,7,2024-11-06
921,1,2024-11-06
921,3,2024-11-06
921,4,2024-11-06
921,6,2024-11-06
922,1,2024-09-21
922,2,2024-09-21
922,3,2024-09-21
922,4,2024-09-21
922,5,2024-09-21
922,6,2024-09-21
923,1,2024-07-01
923,2,2024-07-01
923,3,2024-07-01
923,4,2024-07-01
923,5,2024-07-01
923,7,2024-07-01
924,1,2024-07-01
924,2,2024-07-01
924,3,2024-07-01
924,4,2024-07-01
924,6,2024-07-01
924,7,2024-07-01
925,1,2024-07-01
925,2,2024-07-01
925,3,2024-07-01
925,4,2024-07-01
925,5,2024-07-01
925,6,2024-07-01
925,7,2024-07-01
926,1,2024-07-01
926,2,2024-07-01
926,3,2024-07-01
926,4,2024-07-01
926,6,2024-07-01
926,7,2024-07-01
927,1,2024-07-01
927,2,2024-07-01
927,3,2024-07-01
927,4,2024-07-01
927,6,2024-07-01
927,7,2024-07-01
928,1,2024-07-01
928,2,2024-07-01
928,3,2024-07-01
928,4,2024-07-01
928,6,2024-07-01
928,7,2024-07-01
929,1,2024-07-01
929,2,2024-07-01
929,3,2024-07-01
929,4,2024-07-01
929,5,2024-07-01
929,6,2024-07-01
929,7,2024-07-01
930,1,2024-07-01
930,2,2024-07-01
930,3,2024-07-01
930,4,2024-07-01
930,5,2024-07-01
930,7,2024-07-01
931,1,2024-07-01
931,2,2024-07-01
931,3,2024-07-01
931,5,2024-07-01
931,6,2024-07-01
931,7,2024-07-01
932,1,2024-07-01
932,2,2024-07-01
932,3,2024-07-01
932,4,2024-07-01
932,5,2024-07-01
933,1,2024-07-01
933,2,2024-07-01
933,3,2024-07-01
933,4,2024-07-01
933,5,2024-07-01
933,6,2024-07-01
933,7,2024-07-01
934,1,2024-07-01
934,2,2024-07-01
934,5,2024-07-01
935,1,2025-06-21
935,2,2025-06-21
935,3,2025-06-21
935,4,2025-06-21
935,5,2025-06-21
935,6,2025-06-21
935,7,2025-06-21
936,1,2025-06-21
936,2,2025-06-21
936,3,2025-06-21
936,4,2025-06-21
936,5,2025-06-21
936,6,2025-06-21
936,7,2025-06-21
937,1,2025-06-21
937,2,2025-06-21
937,4,2025-06-21
937,5,2025-06-21
937,6,2025-06-21
937,7,2025-06-21
938,1,2025-06-21
938,2,2025-06-21
938,5,2025-06-21
938,6,2025-06-21
938,7,2025-06-21
939,1,2025-06-21
939,3,2025-06-21
939,4,2025-06-21
939,5,2025-06-21
939,6,2025-06-21
939,7,2025-06-21
940,1,2025-06-21
940,2,2025-06-21
940,3,2025-06-21
940,4,2025-06-21
940,5,2025-06-21
940,6,2025-06-21
940,7,2025-06-21
941,1,2025-06-21
941,2,2025-06-21
941,5,2025-06-21
941,6,2025-06-21
941,7,2025-06-21
942,1,2022-06-01
942,2,2022-06-01
942,3,2022-06-01
942,5,2022-06-01
942,7,2022-06-01
943,1,2023-12-09
943,2,2023-12-09
943,3,2023-12-09
943,4,2023-12-09
943,5,2023-12-09
943,6,2023-12-09
943,7,2023-12-09
944,1,2025-12-05
944,3,2025-12-05
944,4,2025-12-05
944,5,2025-12-05
944,6,2025-12-05
944,7,2025-12-05
945,1,2021-11-15
945,2,2021-11-15
945,3,2021-11-15
945,5,2021-11-15
945,6,2021-11-15
945,7,2021-11-15
946,1,2021-11-15
946,2,2021-11-15
946,3,2021-11-15
946,5,2021-11-15
946,6,2021-11-15
946,7,2021-11-15
947,1,2021-11-15
947,2,2021-11-15
947,3,2021-11-15
947,4,2021-11-15
947,5,2021-11-15
947,6,2021-11-15
948,1,2021-11-15
948,2,2021-11-15
948,3,2021-11-15
948,4,2021-11-15
948,5,2021-11-15
948,6,2021-11-15
949,1,2021-11-15
949,2,2021-11-15
949,3,2021-11-15
949,4,2021-11-15
949,5,2021-11-15
949,6,2021-11-15
949,7,2021-11-15
950,1,2021-11-15
950,2,2021-11-15
950,3,2021-11-15
950,4,2021-11-15
950,6,2021-11-15
950,7,2021-11-15
951,1,2021-11-15
951,4,2021-11-15
951,6,2021-11-15
951,7,2021-11-15
952,1,2021-11-15
952,2,2021-11-15
952,4,2021-11-15
952,5,2021-11-15
952,7,2021-11-15
953,1,2021-11-15
953,2,2021-11-15
953,3,2021-11-15
953,4,2021-11-15
953,6,2021-11-15
954,1,2021-11-15
954,2,2021-11-15
954,3,2021-11-15
954,4,2021-11-15
954,5,2021-11-15
954,7,2021-11-15
955,1,2021-11-15
955,2,2021-11-15
955,4,2021-11-15
955,5,2021-11-15
955,7,2021-11-15
956,1,2024-07-29
956,2,2024-07-29
956,3,2024-07-29
956,4,2024-07-29
956,5,2024-07-29
956,6,2024-07-29
956,7,2024-07-29
957,1,2025-10-25
957,2,2025-10-25
957,3,2025-10-25
957,5,2025-10-25
957,6,2025-10-25
957,7,2025-10-25
958,1,2023-12-01
958,2,2023-12-01
958,3,2023-12-01
958,4,2023-12-01
958,5,2023-12-01
958,6,2023-12-01
959,1,2025-06-21
959,2,2025-06-21
959,3,2025-06-21
959,5,2025-06-21
959,6,2025-06-21
959,7,2025-06-21
960,1,2024-03-03
960,2,2024-03-03
960,3,2024-03-03
960,4,2024-03-03
960,5,2024-03-03
960,6,2024-03-03
960,7,2024-03-03
961,1,2025-05-26
961,2,2025-05-26
961,3,2025-05-26
961,4,2025-05-26
961,5,2025-05-26
961,6,2025-05-26
961,7,2025-05-26
962,1,2026-03-25
962,3,2026-03-25
962,4,2026-03-25
962,5,2026-03-25
962,6,2026-03-25
963,1,2023-07-03
963,2,2023-07-03
963,3,2023-07-03
963,4,2023-07-03
963,6,2023-07-03
963,7,2023-07-03
964,1,2024-03-19
964,3,2024-03-19
964,4,2024-03-19
964,5,2024-03-19
965,1,2024-09-11
965,2,2024-09-11
965,3,2024-09-11
965,4,2024-09-11
965,5,2024-09-11
965,6,2024-09-11
965,7,2024-09-11
966,1,2024-04-28
966,2,2024-04-28
966,3,2024-04-28
966,4,2024-04-28
966,5,2024-04-28
966,7,2024-04-28
967,1,2025-12-14
967,2,2025-12-14
967,3,2025-12-14
967,5,2025-12-14
968,1,2022-06-02
968,2,2022-06-02
968,3,2022-06-02
968,4,2022-06-02
968,5,2022-06-02
968,6,2022-06-02
968,7,2022-06-02
969,1,2025-01-22
969,3,2025-01-22
969,4,2025-01-22
969,5,2025-01-22
969,6,2025-01-22
969,7,2025-01-22
970,1,2021-09-03
970,3,2021-09-03
970,5,2021-09-03
970,6,2021-09-03
970,7,2021-09-03
971,1,2026-05-23
971,3,2026-05-23
971,4,2026-05-23
971,5,2026-05-23
971,7,2026-05-23
972,1,2026-05-23
972,2,2026-05-23
972,3,2026-05-23
972,5,2026-05-23
972,6,2026-05-23
972,7,2026-05-23
973,1,2026-05-23
973,3,2026-05-23
973,5,2026-05-23
973,7,2026-05-23
974,1,2026-05-23
974,2,2026-05-23
974,3,2026-05-23
974,4,2026-05-23
974,5,2026-05-23
974,6,2026-05-23
974,7,2026-05-23
975,1,2026-05-23
975,3,2026-05-23
975,4,2026-05-23
975,5,2026-05-23
975,6,2026-05-23
975,7,2026-05-23
976,1,2025-08-22
976,2,2025-08-22
976,3,2025-08-22
976,4,2025-08-22
976,5,2025-08-22
976,6,2025-08-22
976,7,2025-08-22
977,1,2025-08-22
977,2,2025-08-22
977,3,2025-08-22
977,4,2025-08-22
977,5,2025-08-22
977,6,2025-08-22
977,7,2025-08-22
978,1,2025-08-22
978,2,2025-08-22
978,4,2025-08-22
978,5,2025-08-22
978,6,2025-08-22
978,7,2025-08-22
979,1,2025-10-01
979,2,2025-10-01
979,3,2025-10-01
979,4,2025-10-01
979,5,2025-10-01
979,6,2025-10-01
979,7,2025-10-01
980,1,2022-05-30
980,2,2022-05-30
980,3,2022-05-30
980,4,2022-05-30
980,5,2022-05-30
980,6,2022-05-30
980,7,2022-05-30
981,1,2023-01-25
981,2,2023-01-25
981,3,2023-01-25
981,4,2023-01-25
981,5,2023-01-25
981,6,2023-01-25
982,1,2023-01-25
982,2,2023-01-25
982,3,2023-01-25
982,4,2023-01-25
982,5,2023-01-25
982,6,2023-01-25
982,7,2023-01-25
983,1,2023-01-25
983,2,2023-01-25
983,4,2023-01-25
983,5,2023-01-25
983,6,2023-01-25
984,1,2021-08-04
984,3,2021-08-04
984,4,2021-08-04
984,5,2021-08-04
984,6,2021-08-04
984,7,2021-08-04
985,1,2021-08-04
985,3,2021-08-04
985,4,2021-08-04
985,5,2021-08-04
985,6,2021-08-04
985,7,2021-08-04
986,1,2021-08-04
986,2,2021-08-04
986,3,2021-08-04
986,4,2021-08-04
986,5,2021-08-04
986,6,2021-08-04
986,7,2021-08-04
987,1,2021-08-04
987,2,2021-08-04
987,4,2021-08-04
987,5,2021-08-04
988,1,2022-02-08
988,2,2022-02-08
988,3,2022-02-08
988,4,2022-02-08
988,5,2022-02-08
988,7,2022-02-08
989,1,2022-02-08
989,2,2022-02-08
989,3,2022-02-08
989,4,2022-02-08
989,5,2022-02-08
989,6,2022-02-08
990,1,2022-02-08
990,2,2022-02-08
990,4,2022-02-08
990,5,2022-02-08
990,7,2022-02-08
991,1,2022-02-08
991,2,2022-02-08
991,3,2022-02-08
991,4,2022-02-08
991,5,2022-02-08
991,6,2022-02-08
991,7,2022-02-08
992,1,2022-02-08
992,2,2022-02-08
992,3,2022-02-08
992,5,2022-02-08
992,6,2022-02-08
993,1,2024-03-05
993,2,2024-03-05
993,3,2024-03-05
993,6,2024-03-05
993,7,2024-03-05
994,1,2024-03-05
994,2,2024-03-05
994,3,2024-03-05
994,4,2024-03-05
994,5,2024-03-05
994,6,2024-03-05
994,7,2024-03-05
995,1,2024-03-05
995,2,2024-03-05
995,5,2024-03-05
996,1,2024-03-05
996,3,2024-03-05
996,4,2024-03-05
996,6,2024-03-05
996,7,2024-03-05
997,1,2024-03-05
997,3,2024-03-05
997,4,2024-03-05
997,5,2024-03-05
997,6,2024-03-05
997,7,2024-03-05
998,1,2024-03-05
998,2,2024-03-05
998,3,2024-03-05
998,5,2024-03-05
998,6,2024-03-05
998,7,2024-03-05
999,1,2024-03-05
999,2,2024-03-05
999,3,2024-03-05
999,4,2024-03-05
999,5,2024-03-05
999,6,2024-03-05
999,7,2024-03-05
1000,1,2024-03-05
1000,3,2024-03-05
1000,4,2024-03-05
1000,5,2024-03-05
1000,7,2024-03-05
1001,1,2024-03-05
1001,2,2024-03-05
1001,4,2024-03-05
1001,5,2024-03-05
1001,6,2024-03-05
1001,7,2024-03-05
1002,1,2024-03-05
1002,2,2024-03-05
1002,4,2024-03-05
1002,5,2024-03-05
1002,6,2024-03-05
1002,7,2024-03-05
1003,1,2023-01-04
1003,3,2023-01-04
1003,4,2023-01-04
1003,5,2023-01-04
1003,6,2023-01-04
1004,1,2024-04-05
1004,5,2024-04-05
1004,6,2024-04-05
1004,7,2024-04-05
1005,1,2024-04-05
1005,2,2024-04-05
1005,3,2024-04-05
1005,4,2024-04-05
1005,5,2024-04-05
1005,6,2024-04-05
1005,7,2024-04-05
1006,1,2024-04-05
1006,3,2024-04-05
1006,4,2024-04-05
1006,5,2024-04-05
1006,6,2024-04-05
1006,7,2024-04-05
1007,1,2024-04-05
1007,2,2024-04-05
1007,3,2024-04-05
1007,4,2024-04-05
1007,5,2024-04-05
1007,6,2024-04-05
1007,7,2024-04-05
1008,1,2024-04-05
1008,2,2024-04-05
1008,4,2024-04-05
1008,5,2024-04-05
1008,6,2024-04-05
1009,1,2025-10-05
1009,2,2025-10-05
1009,3,2025-10-05
1009,4,2025-10-05
1009,5,2025-10-05
1009,6,2025-10-05
1009,7,2025-10-05
1010,1,2025-10-05
1010,3,2025-10-05
1010,4,2025-10-05
1010,5,2025-10-05
1010,6,2025-10-05
1010,7,2025-10-05
1011,1,2025-10-05
1011,2,2025-10-05
1011,3,2025-10-05
1011,4,2025-10-05
1011,6,2025-10-05
1011,7,2025-10-05
1012,1,2021-11-19
1012,2,2021-11-19
1012,4,2021-11-19
1012,5,2021-11-19
1012,6,2021-11-19
1012,7,2021-11-19
1013,1,2021-11-19
1013,2,2021-11-19
1013,3,2021-11-19
1013,4,2021-11-19
1013,5,2021-11-19
1013,6,2021-11-19
1013,7,2021-11-19
1014,1,2021-11-19
1014,2,2021-11-19
1014,6,2021-11-19
1014,7,2021-11-19
1015,1,2021-11-19
1015,2,2021-11-19
1015,4,2021-11-19
1015,5,2021-11-19
1015,6,2021-11-19
1015,7,2021-11-19
1016,1,2023-06-26
1016,2,2023-06-26
1016,3,2023-06-26
1016,4,2023-06-26
1016,5,2023-06-26
1016,7,2023-06-26
1017,1,2023-06-26
1017,2,2023-06-26
1017,3,2023-06-26
1017,5,2023-06-26
1017,6,2023-06-26
1017,7,2023-06-26
1018,1,2023-06-26
1018,2,2023-06-26
1018,3,2023-06-26
1018,5,2023-06-26
1019,1,2023-06-26
1019,2,2023-06-26
1019,3,2023-06-26
1019,6,2023-06-26
1019,7,2023-06-26
1020,1,2023-06-26
1020,2,2023-06-26
1020,3,2023-06-26
1020,4,2023-06-26
1020,5,2023-06-26
1020,6,2023-06-26
1020,7,2023-06-26
1021,1,2025-04-01
1021,2,2025-04-01
1021,3,2025-04-01
1021,4,2025-04-01
1021,5,2025-04-01
1021,6,2025-04-01
1021,7,2025-04-01
1022,1,2025-04-01
1022,2,2025-04-01
1022,3,2025-04-01
1022,4,2025-04-01
1022,6,2025-04-01
1022,7,2025-04-01
1023,1,2025-04-01
1023,2,2025-04-01
1023,4,2025-04-01
1023,5,2025-04-01
1023,6,2025-04-01
1023,7,2025-04-01
1024,1,2024-05-08
1024,2,2024-05-08
1024,3,2024-05-08
1024,4,2024-05-08
1024,5,2024-05-08
1024,6,2024-05-08
1024,7,2024-05-08
1025,1,2024-05-08
1025,2,2024-05-08
1025,3,2024-05-08
1025,6,2024-05-08
1026,1,2024-05-08
1026,2,2024-05-08
1026,3,2024-05-08
1026,4,2024-05-08
1026,6,2024-05-08
1026,7,2024-05-08
1027,1,2024-05-08
1027,2,2024-05-08
1027,4,2024-05-08
1027,5,2024-05-08
1027,6,2024-05-08
1028,1,2024-05-08
1028,2,2024-05-08
1028,3,2024-05-08
1028,5,2024-05-08
1028,6,2024-05-08
1028,7,2024-05-08
1029,1,2024-05-08
1029,2,2024-05-08
1029,3,2024-05-08
1029,4,2024-05-08
1029,6,2024-05-08
1030,1,2024-05-08
1030,2,2024-05-08
1030,5,2024-05-08
1030,7,2024-05-08
1031,1,2024-05-08
1031,3,2024-05-08
1031,4,2024-05-08
1031,5,2024-05-08
1031,6,2024-05-08
1031,7,2024-05-08
1032,1,2024-05-08
1032,2,2024-05-08
1032,3,2024-05-08
1032,4,2024-05-08
1032,5,2024-05-08
1032,6,2024-05-08
1032,7,2024-05-08
1033,1,2024-05-08
1033,2,2024-05-08
1033,3,2024-05-08
1033,5,2024-05-08
1033,7,2024-05-08
1034,1,2024-05-08
1034,2,2024-05-08
1034,3,2024-05-08
1034,4,2024-05-08
1034,5,2024-05-08
1035,1,2022-01-28
1035,4,2022-01-28
1035,5,2022-01-28
1035,6,2022-01-28
1035,7,2022-01-28
1036,1,2022-01-28
1036,3,2022-01-28
1036,4,2022-01-28
1036,5,2022-01-28
1036,6,2022-01-28
1036,7,2022-01-28
1037,1,2022-01-28
1037,2,2022-01-28
1037,3,2022-01-28
1037,4,2022-01-28
1037,5,2022-01-28
1037,6,2022-01-28
1037,7,2022-01-28
1038,1,2022-01-28
1038,2,2022-01-28
1038,3,2022-01-28
1038,4,2022-01-28
1038,5,2022-01-28
1038,7,2022-01-28
1039,1,2022-01-28
1039,2,2022-01-28
1039,3,2022-01-28
1039,4,2022-01-28
1039,5,2022-01-28
1039,6,2022-01-28
1039,7,2022-01-28
1040,1,2025-03-20
1040,2,2025-03-20
1040,3,2025-03-20
1040,5,2025-03-20
1040,6,2025-03-20
1041,1,2025-03-20
1041,2,2025-03-20
1041,3,2025-03-20
1041,4,2025-03-20
1041,5,2025-03-20
1041,6,2025-03-20
1041,7,2025-03-20
1042,1,2025-03-20
1042,3,2025-03-20
1042,4,2025-03-20
1042,5,2025-03-20
1042,6,2025-03-20
1042,7,2025-03-20
1043,1,2023-06-28
1043,2,2023-06-28
1043,3,2023-06-28
1043,4,2023-06-28
1043,5,2023-06-28
1043,6,2023-06-28
1043,7,2023-06-28
1044,1,2023-06-28
1044,3,2023-06-28
1044,4,2023-06-28
1044,5,2023-06-28
1044,6,2023-06-28
1044,7,2023-06-28
1045,1,2023-06-28
1045,2,2023-06-28
1045,3,2023-06-28
1045,4,2023-06-28
1045,5,2023-06-28
1045,6,2023-06-28
1045,7,2023-06-28
1046,1,2023-06-28
1046,2,2023-06-28
1046,3,2023-06-28
1046,4,2023-06-28
1046,5,2023-06-28
1046,6,2023-06-28
1047,1,2023-06-28
1047,2,2023-06-28
1047,3,2023-06-28
1047,4,2023-06-28
1047,5,2023-06-28
1047,7,2023-06-28
1048,1,2023-06-28
1048,3,2023-06-28
1048,4,2023-06-28
1048,5,2023-06-28
1048,6,2023-06-28
1048,7,2023-06-28
1049,1,2023-06-28
1049,2,2023-06-28
1049,3,2023-06-28
1049,5,2023-06-28
1049,6,2023-06-28
1049,7,2023-06-28
1050,1,2023-06-28
1050,2,2023-06-28
1050,3,2023-06-28
1050,4,2023-06-28
1050,6,2023-06-28
1050,7,2023-06-28
1051,1,2025-02-18
1051,2,2025-02-18
1051,3,2025-02-18
1051,4,2025-02-18
1051,5,2025-02-18
1051,6,2025-02-18
1051,7,2025-02-18
1052,1,2025-02-18
1052,2,2025-02-18
1052,3,2025-02-18
1052,4,2025-02-18
1052,5,2025-02-18
1052,6,2025-02-18
1052,7,2025-02-18
1053,1,2025-02-18
1053,2,2025-02-18
1053,3,2025-02-18
1053,5,2025-02-18
1053,6,2025-02-18
1053,7,2025-02-18
1054,1,2025-02-18
1054,2,2025-02-18
1054,3,2025-02-18
1054,4,2025-02-18
1054,5,2025-02-18
1054,6,2025-02-18
1054,7,2025-02-18
1055,1,2025-02-18
1055,2,2025-02-18
1055,3,2025-02-18
1055,4,2025-02-18
1055,5,2025-02-18
1055,6,2025-02-18
1055,7,2025-02-18
1056,1,2025-02-18
1056,2,2025-02-18
1056,3,2025-02-18
1056,4,2025-02-18
1056,5,2025-02-18
1056,6,2025-02-18
1056,7,2025-02-18
1057,1,2025-02-18
1057,2,2025-02-18
1057,3,2025-02-18
1057,5,2025-02-18
1057,6,2025-02-18
1057,7,2025-02-18
1058,1,2025-02-18
1058,2,2025-02-18
1058,3,2025-02-18
1058,4,2025-02-18
1058,5,2025-02-18
1058,7,2025-02-18
1059,1,2025-02-18
1059,2,2025-02-18
1059,4,2025-02-18
1059,5,2025-02-18
1059,6,2025-02-18
1059,7,2025-02-18
1060,1,2023-10-06
1060,2,2023-10-06
1060,5,2023-10-06
1060,6,2023-10-06
1060,7,2023-10-06
1061,1,2023-03-20
1061,2,2023-03-20
1061,3,2023-03-20
1061,4,2023-03-20
1061,6,2023-03-20
1061,7,2023-03-20
1062,1,2023-03-20
1062,2,2023-03-20
1062,3,2023-03-20
1062,4,2023-03-20
1062,6,2023-03-20
1062,7,2023-03-20
1063,1,2023-03-20
1063,2,2023-03-20
1063,4,2023-03-20
1063,5,2023-03-20
1063,6,2023-03-20
1063,7,2023-03-20
1064,1,2023-03-20
1064,3,2023-03-20
1064,4,2023-03-20
1064,5,2023-03-20
1064,7,2023-03-20
1065,1,2024-06-25
1065,2,2024-06-25
1065,3,2024-06-25
1065,4,2024-06-25
1065,5,2024-06-25
1065,6,2024-06-25
1065,7,2024-06-25
1066,1,2024-06-25
1066,2,2024-06-25
1066,3,2024-06-25
1066,5,2024-06-25
1066,6,2024-06-25
1066,7,2024-06-25
1067,1,2024-06-25
1067,3,2024-06-25
1067,5,2024-06-25
1067,6,2024-06-25
1067,7,2024-06-25
1068,1,2024-06-25
1068,3,2024-06-25
1068,4,2024-06-25
1068,5,2024-06-25
1068,6,2024-06-25
1068,7,2024-06-25
1069,1,2024-06-25
1069,4,2024-06-25
1069,5,2024-06-25
1069,7,2024-06-25
1070,1,2024-06-25
1070,2,2024-06-25
1070,6,2024-06-25
1070,7,2024-06-25
1071,1,2024-06-25
1071,3,2024-06-25
1071,4,2024-06-25
1071,5,2024-06-25
1071,6,2024-06-25
1071,7,2024-06-25
1072,1,2024-06-25
1072,2,2024-06-25
1072,3,2024-06-25
1072,4,2024-06-25
1072,5,2024-06-25
1072,6,2024-06-25
1072,7,2024-06-25
1073,1,2024-06-25
1073,2,2024-06-25
1073,3,2024-06-25
1073,4,2024-06-25
1073,5,2024-06-25
1073,6,2024-06-25
1073,7,2024-06-25
1074,1,2024-06-25
1074,3,2024-06-25
1074,4,2024-06-25
1074,5,2024-06-25
1074,7,2024-06-25
1075,1,2024-06-25
1075,2,2024-06-25
1075,3,2024-06-25
1075,4,2024-06-25
1075,5,2024-06-25
1075,6,2024-06-25
1075,7,2024-06-25
1076,1,2024-06-25
1076,2,2024-06-25
1076,3,2024-06-25
1076,4,2024-06-25
1076,5,2024-06-25
1076,7,2024-06-25
1077,1,2026-04-06
1077,3,2026-04-06
1077,4,2026-04-06
1077,5,2026-04-06
1077,7,2026-04-06
1078,1,2026-04-06
1078,2,2026-04-06
1078,3,2026-04-06
1078,5,2026-04-06
1078,6,2026-04-06
1078,7,2026-04-06
1079,1,2026-04-06
1079,2,2026-04-06
1079,3,2026-04-06
1079,5,2026-04-06
1079,6,2026-04-06
1079,7,2026-04-06
1080,1,2026-04-06
1080,2,2026-04-06
1080,3,2026-04-06
1080,4,2026-04-06
1080,6,2026-04-06
1080,7,2026-04-06
1081,1,2026-04-06
1081,2,2026-04-06
1081,3,2026-04-06
1081,4,2026-04-06
1081,5,2026-04-06
1081,6,2026-04-06
1082,1,2026-04-06
1082,2,2026-04-06
1082,4,2026-04-06
1082,5,2026-04-06
1082,6,2026-04-06
1083,1,2026-04-06
1083,2,2026-04-06
1083,4,2026-04-06
1083,5,2026-04-06
1083,6,2026-04-06
1083,7,2026-04-06
1084,1,2026-06-04
1084,3,2026-06-04
1084,5,2026-06-04
1084,6,2026-06-04
1084,7,2026-06-04
1085,1,2021-11-21
1085,2,2021-11-21
1085,4,2021-11-21
1085,5,2021-11-21
1085,6,2021-11-21
1085,7,2021-11-21
1086,1,2023-05-18
1086,2,2023-05-18
1086,3,2023-05-18
1086,4,2023-05-18
1086,7,2023-05-18
1087,1,2025-11-15
1087,2,2025-11-15
1087,3,2025-11-15
1087,4,2025-11-15
1087,5,2025-11-15
1087,6,2025-11-15
1087,7,2025-11-15
1088,1,2025-11-15
1088,2,2025-11-15
1088,3,2025-11-15
1088,4,2025-11-15
1088,5,2025-11-15
1088,6,2025-11-15
1089,1,2025-11-15
1089,2,2025-11-15
1089,4,2025-11-15
1089,5,2025-11-15
1089,6,2025-11-15
1089,7,2025-11-15
1090,1,2025-11-15
1090,2,2025-11-15
1090,3,2025-11-15
1090,4,2025-11-15
1090,5,2025-11-15
1090,6,2025-11-15
1090,7,2025-11-15
1091,1,2025-11-15
1091,2,2025-11-15
1091,3,2025-11-15
1091,4,2025-11-15
1091,5,2025-11-15
1091,6,2025-11-15
1091,7,2025-11-15
1092,1,2025-11-15
1092,2,2025-11-15
1092,5,2025-11-15
1092,7,2025-11-15
1093,1,2025-11-15
1093,3,2025-11-15
1093,4,2025-11-15
1093,5,2025-11-15
1093,6,2025-11-15
1094,1,2025-11-15
1094,2,2025-11-15
1094,3,2025-11-15
1094,4,2025-11-15
1094,6,2025-11-15
1094,7,2025-11-15
1095,1,2025-11-15
1095,4,2025-11-15
1095,5,2025-11-15
1095,6,2025-11-15
1095,7,2025-11-15
1096,1,2025-11-15
1096,2,2025-11-15
1096,3,2025-11-15
1096,4,2025-11-15
1096,5,2025-11-15
1096,6,2025-11-15
1096,7,2025-11-15
1097,1,2025-11-15
1097,2,2025-11-15
1097,3,2025-11-15
1097,5,2025-11-15
1097,6,2025-11-15
1097,7,2025-11-15
1098,1,2022-02-03
1098,2,2022-02-03
1098,5,2022-02-03
1098,6,2022-02-03
1098,7,2022-02-03
1099,1,2022-02-03
1099,2,2022-02-03
1099,4,2022-02-03
1099,5,2022-02-03
1099,6,2022-02-03
1099,7,2022-02-03
1100,1,2022-02-03
1100,3,2022-02-03
1100,4,2022-02-03
1100,5,2022-02-03
1100,7,2022-02-03
1101,1,2022-02-03
1101,2,2022-02-03
1101,3,2022-02-03
1101,4,2022-02-03
1101,5,2022-02-03
1101,6,2022-02-03
1101,7,2022-02-03
1102,1,2022-02-03
1102,2,2022-02-03
1102,3,2022-02-03
1102,4,2022-02-03
1102,7,2022-02-03
1103,1,2022-02-03
1103,2,2022-02-03
1103,5,2022-02-03
1103,6,2022-02-03
1103,7,2022-02-03
1104,1,2022-02-03
1104,2,2022-02-03
1104,3,2022-02-03
1104,5,2022-02-03
1104,6,2022-02-03
1104,7,2022-02-03
1105,1,2022-02-03
1105,2,2022-02-03
1105,3,2022-02-03
1105,4,2022-02-03
1105,5,2022-02-03
1105,6,2022-02-03
1105,7,2022-02-03
1106,1,2022-02-03
1106,2,2022-02-03
1106,3,2022-02-03
1106,4,2022-02-03
1106,5,2022-02-03
1106,6,2022-02-03
1106,7,2022-02-03
1107,1,2022-02-03
1107,2,2022-02-03
1107,3,2022-02-03
1107,4,2022-02-03
1107,5,2022-02-03
1107,6,2022-02-03
1107,7,2022-02-03
1108,1,2022-02-03
1108,3,2022-02-03
1108,4,2022-02-03
1108,7,2022-02-03
1109,1,2022-02-03
1109,2,2022-02-03
1109,3,2022-02-03
1109,4,2022-02-03
1109,5,2022-02-03
1109,6,2022-02-03
1109,7,2022-02-03
1110,1,2026-01-13
1110,2,2026-01-13
1110,5,2026-01-13
1110,6,2026-01-13
1110,7,2026-01-13
1111,1,2022-07-22
1111,2,2022-07-22
1111,4,2022-07-22
1111,6,2022-07-22
1111,7,2022-07-22
1112,1,2022-07-22
1112,2,2022-07-22
1112,4,2022-07-22
1112,5,2022-07-22
1112,6,2022-07-22
1112,7,2022-07-22
1113,1,2022-07-22
1113,2,2022-07-22
1113,3,2022-07-22
1113,4,2022-07-22
1113,5,2022-07-22
1113,6,2022-07-22
1113,7,2022-07-22
1114,1,2022-07-22
1114,2,2022-07-22
1114,3,2022-07-22
1114,4,2022-07-22
1114,5,2022-07-22
1114,6,2022-07-22
1115,1,2022-07-22
1115,2,2022-07-22
1115,3,2022-07-22
1115,4,2022-07-22
1115,5,2022-07-22
1115,6,2022-07-22
1115,7,2022-07-22
1116,1,2022-07-22
1116,2,2022-07-22
1116,3,2022-07-22
1116,5,2022-07-22
1117,1,2022-07-22
1117,3,2022-07-22
1117,4,2022-07-22
1117,5,2022-07-22
1117,6,2022-07-22
1117,7,2022-07-22
1118,1,2022-07-22
1118,3,2022-07-22
1118,4,2022-07-22
1118,5,2022-07-22
1118,6,2022-07-22
1118,7,2022-07-22
1119,1,2021-12-10
1119,2,2021-12-10
1119,3,2021-12-10
1119,4,2021-12-10
1119,5,2021-12-10
1119,7,2021-12-10
1120,1,2025-05-25
1120,2,2025-05-25
1120,3,2025-05-25
1120,4,2025-05-25
1120,5,2025-05-25
1120,6,2025-05-25
1120,7,2025-05-25
1121,1,2024-10-12
1121,2,2024-10-12
1121,3,2024-10-12
1121,4,2024-10-12
1121,5,2024-10-12
1121,6,2024-10-12
1121,7,2024-10-12
1122,1,2026-05-21
1122,2,2026-05-21
1122,4,2026-05-21
1122,5,2026-05-21
1122,6,2026-05-21
1122,7,2026-05-21
1123,1,2022-09-13
1123,3,2022-09-13
1123,4,2022-09-13
1123,5,2022-09-13
1124,1,2022-08-16
1124,2,2022-08-16
1124,3,2022-08-16
1124,4,2022-08-16
1124,5,2022-08-16
1124,6,2022-08-16
1124,7,2022-08-16
1125,1,2023-06-06
1125,2,2023-06-06
1125,3,2023-06-06
1125,5,2023-06-06
1125,6,2023-06-06
1125,7,2023-06-06
1126,1,2022-10-06
1126,2,2022-10-06
1126,3,2022-10-06
1126,5,2022-10-06
1126,6,2022-10-06
1126,7,2022-10-06
1127,1,2022-11-10
1127,2,2022-11-10
1127,3,2022-11-10
1127,4,2022-11-10
1127,5,2022-11-10
1127,6,2022-11-10
1128,1,2025-02-14
1128,2,2025-02-14
1128,3,2025-02-14
1128,4,2025-02-14
1128,5,2025-02-14
1129,1,2025-08-05
1129,4,2025-08-05
1129,5,2025-08-05
1129,6,2025-08-05
1129,7,2025-08-05
1130,1,2026-02-02
1130,2,2026-02-02
1130,3,2026-02-02
1130,7,2026-02-02
1131,1,2022-03-24
1131,2,2022-03-24
1131,3,2022-03-24
1131,5,2022-03-24
1131,6,2022-03-24
1131,7,2022-03-24
1132,1,2022-03-24
1132,2,2022-03-24
1132,3,2022-03-24
1132,5,2022-03-24
1132,6,2022-03-24
1133,1,2022-03-24
1133,3,2022-03-24
1133,4,2022-03-24
1133,5,2022-03-24
1133,6,2022-03-24
1133,7,2022-03-24
1134,1,2022-03-24
1134,4,2022-03-24
1134,5,2022-03-24
1134,7,2022-03-24
1135,1,2022-03-24
1135,2,2022-03-24
1135,3,2022-03-24
1135,4,2022-03-24
1135,5,2022-03-24
1135,6,2022-03-24
1135,7,2022-03-24
1136,1,2026-01-24
1136,4,2026-01-24
1136,5,2026-01-24
1136,6,2026-01-24
1136,7,2026-01-24
1137,1,2026-01-24
1137,2,2026-01-24
1137,3,2026-01-24
1137,4,2026-01-24
1137,5,2026-01-24
1137,6,2026-01-24
1137,7,2026-01-24
1138,1,2026-01-24
1138,2,2026-01-24
1138,3,2026-01-24
1138,4,2026-01-24
1138,5,2026-01-24
1138,6,2026-01-24
1138,7,2026-01-24
1139,1,2022-03-01
1139,3,2022-03-01
1139,4,2022-03-01
1139,6,2022-03-01
1139,7,2022-03-01
1140,1,2023-08-29
1140,2,2023-08-29
1140,3,2023-08-29
1140,4,2023-08-29
1141,1,2025-04-17
1141,2,2025-04-17
1141,3,2025-04-17
1141,4,2025-04-17
1141,5,2025-04-17
1141,6,2025-04-17
1141,7,2025-04-17
1142,1,2025-05-06
1142,2,2025-05-06
1142,4,2025-05-06
1142,5,2025-05-06
1142,6,2025-05-06
1142,7,2025-05-06
1143,1,2022-05-08
1143,2,2022-05-08
1143,7,2022-05-08
1144,1,2023-12-29
1144,2,2023-12-29
1144,3,2023-12-29
1144,4,2023-12-29
1144,5,2023-12-29
1144,6,2023-12-29
1145,1,2023-12-29
1145,2,2023-12-29
1145,3,2023-12-29
1145,4,2023-12-29
1145,5,2023-12-29
1145,7,2023-12-29
1146,1,2023-12-29
1146,2,2023-12-29
1146,3,2023-12-29
1146,4,2023-12-29
1146,5,2023-12-29
1146,6,2023-12-29
1146,7,2023-12-29
1147,1,2026-05-28
1147,2,2026-05-28
1147,3,2026-05-28
1147,4,2026-05-28
1147,5,2026-05-28
1147,7,2026-05-28
1148,1,2026-05-28
1148,2,2026-05-28
1148,3,2026-05-28
1148,4,2026-05-28
1148,6,2026-05-28
1148,7,2026-05-28
1149,1,2026-05-28
1149,2,2026-05-28
1149,4,2026-05-28
1149,5,2026-05-28
1149,6,2026-05-28
1149,7,2026-05-28
1150,1,2026-05-28
1150,2,2026-05-28
1150,3,2026-05-28
1150,4,2026-05-28
1150,6,2026-05-28
1150,7,2026-05-28
1151,1,2022-07-06
1151,2,2022-07-06
1151,3,2022-07-06
1151,4,2022-07-06
1151,6,2022-07-06
1151,7,2022-07-06
1152,1,2023-11-29
1152,2,2023-11-29
1152,3,2023-11-29
1152,4,2023-11-29
1152,5,2023-11-29
1152,6,2023-11-29
1153,1,2023-11-29
1153,2,2023-11-29
1153,3,2023-11-29
1153,4,2023-11-29
1153,5,2023-11-29
1153,6,2023-11-29
1153,7,2023-11-29
1154,1,2023-11-29
1154,2,2023-11-29
1154,3,2023-11-29
1154,4,2023-11-29
1154,5,2023-11-29
1154,6,2023-11-29
1154,7,2023-11-29
1155,1,2025-07-03
1155,3,2025-07-03
1155,4,2025-07-03
1155,5,2025-07-03
1155,6,2025-07-03
1155,7,2025-07-03
1156,1,2025-07-03
1156,2,2025-07-03
1156,3,2025-07-03
1156,4,2025-07-03
1156,6,2025-07-03
1157,1,2025-07-03
1157,2,2025-07-03
1157,4,2025-07-03
1157,5,2025-07-03
1157,6,2025-07-03
1157,7,2025-07-03
1158,1,2025-07-03
1158,2,2025-07-03
1158,3,2025-07-03
1158,4,2025-07-03
1158,6,2025-07-03
1159,1,2024-05-07
1159,2,2024-05-07
1159,3,2024-05-07
1159,4,2024-05-07
1159,5,2024-05-07
1159,6,2024-05-07
1159,7,2024-05-07
1160,1,2024-05-07
1160,2,2024-05-07
1160,3,2024-05-07
1160,5,2024-05-07
1160,6,2024-05-07
1160,7,2024-05-07
1161,1,2024-05-07
1161,2,2024-05-07
1161,3,2024-05-07
1161,4,2024-05-07
1161,5,2024-05-07
1161,6,2024-05-07
1161,7,2024-05-07
1162,1,2024-05-07
1162,3,2024-05-07
1162,4,2024-05-07
1162,6,2024-05-07
1162,7,2024-05-07
1163,1,2024-05-07
1163,2,2024-05-07
1163,4,2024-05-07
1163,5,2024-05-07
1163,6,2024-05-07
1163,7,2024-05-07
1164,1,2023-08-23
1164,2,2023-08-23
1164,3,2023-08-23
1164,4,2023-08-23
1164,6,2023-08-23
1164,7,2023-08-23
1165,1,2023-08-23
1165,2,2023-08-23
1165,3,2023-08-23
1165,4,2023-08-23
1165,5,2023-08-23
1165,6,2023-08-23
1165,7,2023-08-23
1166,1,2023-08-23
1166,2,2023-08-23
1166,3,2023-08-23
1166,4,2023-08-23
1166,5,2023-08-23
1166,6,2023-08-23
1166,7,2023-08-23
1167,1,2023-08-23
1167,2,2023-08-23
1167,3,2023-08-23
1167,4,2023-08-23
1167,7,2023-08-23
1168,1,2023-08-23
1168,2,2023-08-23
1168,3,2023-08-23
1168,4,2023-08-23
1168,5,2023-08-23
1168,6,2023-08-23
1168,7,2023-08-23
1169,1,2023-08-23
1169,2,2023-08-23
1169,4,2023-08-23
1169,5,2023-08-23
1170,1,2023-08-23
1170,2,2023-08-23
1170,3,2023-08-23
1170,4,2023-08-23
1170,5,2023-08-23
1171,1,2023-08-23
1171,2,2023-08-23
1171,3,2023-08-23
1171,4,2023-08-23
1171,6,2023-08-23
1171,7,2023-08-23
1172,1,2023-08-23
1172,3,2023-08-23
1172,4,2023-08-23
1172,6,2023-08-23
1172,7,2023-08-23
1173,1,2023-08-23
1173,2,2023-08-23
1173,3,2023-08-23
1173,4,2023-08-23
1173,5,2023-08-23
1173,6,2023-08-23
1173,7,2023-08-23
1174,1,2023-02-10
1174,2,2023-02-10
1174,3,2023-02-10
1174,4,2023-02-10
1174,5,2023-02-10
1174,6,2023-02-10
1174,7,2023-02-10
1175,1,2023-02-10
1175,2,2023-02-10
1175,4,2023-02-10
1175,5,2023-02-10
1175,6,2023-02-10
1175,7,2023-02-10
1176,1,2023-02-10
1176,3,2023-02-10
1176,4,2023-02-10
1176,5,2023-02-10
1176,6,2023-02-10
1176,7,2023-02-10
1177,1,2023-02-10
1177,2,2023-02-10
1177,4,2023-02-10
1177,5,2023-02-10
1177,6,2023-02-10
1177,7,2023-02-10
1178,1,2026-05-17
1178,2,2026-05-17
1178,3,2026-05-17
1178,4,2026-05-17
1178,5,2026-05-17
1178,6,2026-05-17
1178,7,2026-05-17
1179,1,2026-05-17
1179,2,2026-05-17
1179,3,2026-05-17
1179,4,2026-05-17
1179,6,2026-05-17
1179,7,2026-05-17
1180,1,2026-05-17
1180,3,2026-05-17
1180,4,2026-05-17
1180,5,2026-05-17
1180,6,2026-05-17
1180,7,2026-05-17
1181,1,2026-05-17
1181,4,2026-05-17
1181,5,2026-05-17
1181,7,2026-05-17
1182,1,2026-05-17
1182,2,2026-05-17
1182,3,2026-05-17
1182,4,2026-05-17
1182,5,2026-05-17
1182,6,2026-05-17
1183,1,2026-03-05
1183,2,2026-03-05
1183,3,2026-03-05
1183,6,2026-03-05
1183,7,2026-03-05
1184,1,2026-03-05
1184,2,2026-03-05
1184,3,2026-03-05
1184,4,2026-03-05
1184,6,2026-03-05
1185,1,2026-03-05
1185,3,2026-03-05
1185,4,2026-03-05
1185,5,2026-03-05
1185,6,2026-03-05
1186,1,2025-03-25
1186,2,2025-03-25
1186,3,2025-03-25
1186,4,2025-03-25
1186,5,2025-03-25
1186,6,2025-03-25
1186,7,2025-03-25
1187,1,2025-03-25
1187,2,2025-03-25
1187,3,2025-03-25
1187,5,2025-03-25
1187,6,2025-03-25
1187,7,2025-03-25
1188,1,2025-03-25
1188,2,2025-03-25
1188,3,2025-03-25
1188,5,2025-03-25
1188,6,2025-03-25
1188,7,2025-03-25
1189,1,2025-03-25
1189,2,2025-03-25
1189,3,2025-03-25
1189,4,2025-03-25
1189,5,2025-03-25
1189,6,2025-03-25
1189,7,2025-03-25
1190,1,2025-03-25
1190,2,2025-03-25
1190,3,2025-03-25
1190,4,2025-03-25
1190,7,2025-03-25
1191,1,2025-03-25
1191,2,2025-03-25
1191,4,2025-03-25
1191,5,2025-03-25
1191,6,2025-03-25
1191,7,2025-03-25
1192,1,2025-03-25
1192,3,2025-03-25
1192,4,2025-03-25
1192,5,2025-03-25
1192,6,2025-03-25
1192,7,2025-03-25
1193,1,2025-03-25
1193,2,2025-03-25
1193,3,2025-03-25
1193,4,2025-03-25
1193,5,2025-03-25
1193,6,2025-03-25
1193,7,2025-03-25
1194,1,2026-01-17
1194,2,2026-01-17
1194,3,2026-01-17
1194,4,2026-01-17
1194,5,2026-01-17
1195,1,2026-01-17
1195,4,2026-01-17
1195,5,2026-01-17
1195,7,2026-01-17
1196,1,2026-01-17
1196,2,2026-01-17
1196,3,2026-01-17
1196,5,2026-01-17
1196,6,2026-01-17
1196,7,2026-01-17
1197,1,2026-01-17
1197,2,2026-01-17
1197,3,2026-01-17
1197,4,2026-01-17
1197,5,2026-01-17
1197,6,2026-01-17
1197,7,2026-01-17
1198,1,2026-01-17
1198,4,2026-01-17
1198,5,2026-01-17
1198,6,2026-01-17
1198,7,2026-01-17
1199,1,2026-01-17
1199,2,2026-01-17
1199,3,2026-01-17
1199,4,2026-01-17
1199,5,2026-01-17
1199,6,2026-01-17
1199,7,2026-01-17
1200,1,2026-01-17
1200,2,2026-01-17
1200,3,2026-01-17
1200,4,2026-01-17
1200,5,2026-01-17
1200,6,2026-01-17
1201,1,2026-01-17
1201,2,2026-01-17
1201,4,2026-01-17
1201,6,2026-01-17
1201,7,2026-01-17
1202,1,2026-01-17
1202,3,2026-01-17
1202,4,2026-01-17
1202,7,2026-01-17
1203,1,2023-02-06
1203,2,2023-02-06
1203,3,2023-02-06
1203,4,2023-02-06
1203,5,2023-02-06
1203,6,2023-02-06
1204,1,2024-07-30
1204,2,2024-07-30
1204,3,2024-07-30
1204,6,2024-07-30
1204,7,2024-07-30
1205,1,2024-07-30
1205,2,2024-07-30
1205,3,2024-07-30
1205,4,2024-07-30
1205,5,2024-07-30
1205,7,2024-07-30
1206,1,2024-07-30
1206,2,2024-07-30
1206,3,2024-07-30
1206,4,2024-07-30
1206,5,2024-07-30
1206,6,2024-07-30
1206,7,2024-07-30
1207,1,2024-07-30
1207,2,2024-07-30
1207,3,2024-07-30
1207,4,2024-07-30
1207,5,2024-07-30
1207,7,2024-07-30
1208,1,2024-01-12
1208,3,2024-01-12
1208,4,2024-01-12
1208,5,2024-01-12
1208,6,2024-01-12
1208,7,2024-01-12
1209,1,2024-01-12
1209,2,2024-01-12
1209,4,2024-01-12
1209,5,2024-01-12
1209,7,2024-01-12
1210,1,2024-01-12
1210,2,2024-01-12
1210,3,2024-01-12
1210,4,2024-01-12
1210,5,2024-01-12
1210,6,2024-01-12
1210,7,2024-01-12
1211,1,2024-01-12
1211,2,2024-01-12
1211,4,2024-01-12
1211,5,2024-01-12
1211,6,2024-01-12
1211,7,2024-01-12
1212,1,2024-01-12
1212,3,2024-01-12
1212,5,2024-01-12
1212,6,2024-01-12
1212,7,2024-01-12
1213,1,2024-11-01
1213,2,2024-11-01
1213,3,2024-11-01
1213,4,2024-11-01
1213,5,2024-11-01
1213,6,2024-11-01
1214,1,2024-11-01
1214,3,2024-11-01
1214,4,2024-11-01
1214,5,2024-11-01
1214,6,2024-11-01
1215,1,2024-11-01
1215,2,2024-11-01
1215,3,2024-11-01
1215,4,2024-11-01
1215,5,2024-11-01
1215,7,2024-11-01
1216,1,2024-11-01
1216,3,2024-11-01
1216,4,2024-11-01
1216,5,2024-11-01
1216,6,2024-11-01
1216,7,2024-11-01
1217,1,2024-11-01
1217,2,2024-11-01
1217,3,2024-11-01
1217,5,2024-11-01
1217,6,2024-11-01
1218,1,2024-11-01
1218,3,2024-11-01
1218,4,2024-11-01
1218,5,2024-11-01
1218,6,2024-11-01
1218,7,2024-11-01
1219,1,2024-11-01
1219,2,2024-11-01
1219,3,2024-11-01
1219,5,2024-11-01
1219,6,2024-11-01
1219,7,2024-11-01
1220,1,2024-06-07
1220,2,2024-06-07
1220,3,2024-06-07
1220,4,2024-06-07
1220,5,2024-06-07
1220,6,2024-06-07
1220,7,2024-06-07
1221,1,2024-06-07
1221,3,2024-06-07
1221,5,2024-06-07
1221,6,2024-06-07
1222,1,2024-06-07
1222,2,2024-06-07
1222,3,2024-06-07
1222,4,2024-06-07
1222,5,2024-06-07
1222,6,2024-06-07
1222,7,2024-06-07
1223,1,2024-06-07
1223,2,2024-06-07
1223,3,2024-06-07
1223,4,2024-06-07
1223,5,2024-06-07
1223,6,2024-06-07
1224,1,2022-08-05
1224,2,2022-08-05
1224,3,2022-08-05
1224,5,2022-08-05
1224,6,2022-08-05
1224,7,2022-08-05
1225,1,2022-08-05
1225,2,2022-08-05
1225,3,2022-08-05
1225,4,2022-08-05
1225,5,2022-08-05
1225,6,2022-08-05
1226,1,2022-08-05
1226,2,2022-08-05
1226,3,2022-08-05
1226,6,2022-08-05
1227,1,2022-08-05
1227,3,2022-08-05
1227,4,2022-08-05
1227,5,2022-08-05
1227,7,2022-08-05
1228,1,2022-08-05
1228,2,2022-08-05
1228,3,2022-08-05
1228,4,2022-08-05
1228,5,2022-08-05
1228,6,2022-08-05
1228,7,2022-08-05
1229,1,2022-08-05
1229,4,2022-08-05
1229,5,2022-08-05
1229,6,2022-08-05
1229,7,2022-08-05
1230,1,2022-08-05
1230,2,2022-08-05
1230,3,2022-08-05
1230,4,2022-08-05
1230,5,2022-08-05
1230,6,2022-08-05
1231,1,2022-08-05
1231,2,2022-08-05
1231,4,2022-08-05
1231,5,2022-08-05
1231,6,2022-08-05
1231,7,2022-08-05
1232,1,2022-08-05
1232,2,2022-08-05
1232,5,2022-08-05
1232,6,2022-08-05
1232,7,2022-08-05
1233,1,2023-01-04
1233,2,2023-01-04
1233,3,2023-01-04
1233,4,2023-01-04
1233,5,2023-01-04
1233,6,2023-01-04
1234,1,2023-01-04
1234,6,2023-01-04
1234,7,2023-01-04
1235,1,2023-01-04
1235,3,2023-01-04
1235,4,2023-01-04
1235,5,2023-01-04
1235,6,2023-01-04
1236,1,2023-01-04
1236,2,2023-01-04
1236,3,2023-01-04
1236,4,2023-01-04
1236,5,2023-01-04
1236,6,2023-01-04
1236,7,2023-01-04
1237,1,2023-01-04
1237,2,2023-01-04
1237,3,2023-01-04
1237,5,2023-01-04
1237,6,2023-01-04
1237,7,2023-01-04
1238,1,2023-01-04
1238,2,2023-01-04
1238,4,2023-01-04
1238,5,2023-01-04
1238,7,2023-01-04
1239,1,2023-01-04
1239,2,2023-01-04
1239,3,2023-01-04
1239,4,2023-01-04
1239,5,2023-01-04
1239,6,2023-01-04
1239,7,2023-01-04
1240,1,2023-01-04
1240,2,2023-01-04
1240,3,2023-01-04
1240,4,2023-01-04
1240,5,2023-01-04
1240,6,2023-01-04
1240,7,2023-01-04
1241,1,2023-01-04
1241,2,2023-01-04
1241,3,2023-01-04
1241,4,2023-01-04
1241,5,2023-01-04
1241,6,2023-01-04
1241,7,2023-01-04
1242,1,2023-01-04
1242,2,2023-01-04
1242,3,2023-01-04
1242,4,2023-01-04
1242,5,2023-01-04
1242,6,2023-01-04
1242,7,2023-01-04
1243,1,2025-09-07
1243,3,2025-09-07
1243,4,2025-09-07
1243,6,2025-09-07
1243,7,2025-09-07
1244,1,2021-10-29
1244,2,2021-10-29
1244,5,2021-10-29
1244,6,2021-10-29
1244,7,2021-10-29
1245,1,2021-10-29
1245,2,2021-10-29
1245,3,2021-10-29
1245,4,2021-10-29
1245,5,2021-10-29
1245,6,2021-10-29
1245,7,2021-10-29
1246,1,2021-10-29
1246,3,2021-10-29
1246,5,2021-10-29
1246,7,2021-10-29
1247,1,2021-10-29
1247,2,2021-10-29
1247,3,2021-10-29
1247,4,2021-10-29
1248,1,2021-10-29
1248,2,2021-10-29
1248,3,2021-10-29
1248,4,2021-10-29
1248,5,2021-10-29
1248,6,2021-10-29
1248,7,2021-10-29
1249,1,2021-10-29
1249,2,2021-10-29
1249,3,2021-10-29
1249,4,2021-10-29
1249,5,2021-10-29
1249,6,2021-10-29
1249,7,2021-10-29
1250,1,2021-10-29
1250,2,2021-10-29
1250,3,2021-10-29
1250,5,2021-10-29
1250,6,2021-10-29
1251,1,2021-10-29
1251,2,2021-10-29
1251,3,2021-10-29
1251,4,2021-10-29
1251,5,2021-10-29
1251,6,2021-10-29
1252,1,2021-10-29
1252,2,2021-10-29
1252,5,2021-10-29
1252,6,2021-10-29
1252,7,2021-10-29
1253,1,2021-10-29
1253,3,2021-10-29
1253,4,2021-10-29
1253,7,2021-10-29
1254,1,2021-10-29
1254,2,2021-10-29
1254,3,2021-10-29
1254,4,2021-10-29
1254,6,2021-10-29
1254,7,2021-10-29
1255,1,2021-10-29
1255,2,2021-10-29
1255,3,2021-10-29
1255,4,2021-10-29
1255,5,2021-10-29
1255,6,2021-10-29
1255,7,2021-10-29
1256,1,2026-02-12
1256,2,2026-02-12
1256,3,2026-02-12
1256,4,2026-02-12
1256,5,2026-02-12
1256,6,2026-02-12
1256,7,2026-02-12
1257,1,2026-02-12
1257,3,2026-02-12
1257,4,2026-02-12
1257,5,2026-02-12
1257,7,2026-02-12
1258,1,2026-02-12
1258,2,2026-02-12
1258,3,2026-02-12
1258,4,2026-02-12
1258,5,2026-02-12
1258,6,2026-02-12
1258,7,2026-02-12
1259,1,2026-02-12
1259,2,2026-02-12
1259,3,2026-02-12
1259,4,2026-02-12
1259,5,2026-02-12
1259,6,2026-02-12
1259,7,2026-02-12
1260,1,2026-02-12
1260,2,2026-02-12
1260,3,2026-02-12
1260,4,2026-02-12
1260,5,2026-02-12
1260,6,2026-02-12
1260,7,2026-02-12
1261,1,2026-02-12
1261,2,2026-02-12
1261,3,2026-02-12
1261,4,2026-02-12
1261,5,2026-02-12
1261,6,2026-02-12
1261,7,2026-02-12
1262,1,2026-02-12
1262,3,2026-02-12
1262,5,2026-02-12
1262,6,2026-02-12
1262,7,2026-02-12
1263,1,2023-10-23
1263,2,2023-10-23
1263,3,2023-10-23
1263,4,2023-10-23
1263,5,2023-10-23
1263,6,2023-10-23
1263,7,2023-10-23
1264,1,2024-01-16
1264,2,2024-01-16
1264,5,2024-01-16
1264,6,2024-01-16
1264,7,2024-01-16
1265,1,2022-04-05
1265,3,2022-04-05
1265,5,2022-04-05
1265,6,2022-04-05
1265,7,2022-04-05
1266,1,2024-09-15
1266,2,2024-09-15
1266,4,2024-09-15
1266,5,2024-09-15
1266,6,2024-09-15
1266,7,2024-09-15
1267,1,2024-09-15
1267,2,2024-09-15
1267,4,2024-09-15
1267,5,2024-09-15
1267,6,2024-09-15
1268,1,2024-09-15
1268,2,2024-09-15
1268,3,2024-09-15
1268,4,2024-09-15
1268,5,2024-09-15
1268,7,2024-09-15
1269,1,2024-09-15
1269,2,2024-09-15
1269,3,2024-09-15
1269,4,2024-09-15
1269,5,2024-09-15
1269,6,2024-09-15
1269,7,2024-09-15
1270,1,2024-09-15
1270,2,2024-09-15
1270,3,2024-09-15
1270,4,2024-09-15
1270,5,2024-09-15
1270,7,2024-09-15
1271,1,2024-09-15
1271,2,2024-09-15
1271,3,2024-09-15
1271,4,2024-09-15
1271,6,2024-09-15
1271,7,2024-09-15
1272,1,2024-09-15
1272,2,2024-09-15
1272,3,2024-09-15
1272,4,2024-09-15
1272,5,2024-09-15
1273,1,2024-09-15
1273,2,2024-09-15
1273,4,2024-09-15
1273,5,2024-09-15
1273,6,2024-09-15
1273,7,2024-09-15
1274,1,2024-09-15
1274,2,2024-09-15
1274,4,2024-09-15
1274,5,2024-09-15
1274,6,2024-09-15
1274,7,2024-09-15
1275,1,2024-09-15
1275,2,2024-09-15
1275,3,2024-09-15
1275,5,2024-09-15
1275,6,2024-09-15
1275,7,2024-09-15
1276,1,2024-09-15
1276,2,2024-09-15
1276,3,2024-09-15
1276,4,2024-09-15
1276,5,2024-09-15
1276,6,2024-09-15
1276,7,2024-09-15
1277,1,2021-12-16
1277,3,2021-12-16
1277,4,2021-12-16
1277,5,2021-12-16
1277,6,2021-12-16
1277,7,2021-12-16
1278,1,2023-12-11
1278,2,2023-12-11
1278,4,2023-12-11
1278,6,2023-12-11
1278,7,2023-12-11
1279,1,2022-05-25
1279,3,2022-05-25
1279,4,2022-05-25
1279,6,2022-05-25
1279,7,2022-05-25
1280,1,2023-07-02
1280,2,2023-07-02
1280,3,2023-07-02
1280,5,2023-07-02
1280,6,2023-07-02
1280,7,2023-07-02
1281,1,2023-10-17
1281,2,2023-10-17
1281,3,2023-10-17
1281,4,2023-10-17
1281,5,2023-10-17
1281,6,2023-10-17
1282,1,2022-08-07
1282,3,2022-08-07
1282,4,2022-08-07
1282,5,2022-08-07
1282,7,2022-08-07
1283,1,2023-03-01
1283,2,2023-03-01
1283,3,2023-03-01
1283,4,2023-03-01
1283,6,2023-03-01
1284,1,2026-06-07
1284,3,2026-06-07
1284,4,2026-06-07
1284,5,2026-06-07
1284,6,2026-06-07
1284,7,2026-06-07
1285,1,2026-02-18
1285,2,2026-02-18
1285,3,2026-02-18
1285,4,2026-02-18
1285,5,2026-02-18
1285,7,2026-02-18
1286,1,2024-11-17
1286,2,2024-11-17
1286,3,2024-11-17
1286,5,2024-11-17
1286,6,2024-11-17
1287,1,2024-06-02
1287,2,2024-06-02
1287,3,2024-06-02
1287,4,2024-06-02
1287,5,2024-06-02
1287,6,2024-06-02
1288,1,2025-11-14
1288,2,2025-11-14
1288,3,2025-11-14
1288,4,2025-11-14
1288,5,2025-11-14
1288,6,2025-11-14
1288,7,2025-11-14
1289,1,2021-12-10
1289,2,2021-12-10
1289,3,2021-12-10
1289,6,2021-12-10
1289,7,2021-12-10
1290,1,2024-10-06
1290,2,2024-10-06
1290,4,2024-10-06
1290,5,2024-10-06
1290,6,2024-10-06
1290,7,2024-10-06
1291,1,2021-08-18
1291,2,2021-08-18
1291,3,2021-08-18
1291,4,2021-08-18
1291,5,2021-08-18
1291,7,2021-08-18
1292,1,2022-02-15
1292,2,2022-02-15
1292,3,2022-02-15
1292,4,2022-02-15
1292,5,2022-02-15
1292,6,2022-02-15
1292,7,2022-02-15
1293,1,2022-02-15
1293,2,2022-02-15
1293,3,2022-02-15
1293,4,2022-02-15
1293,5,2022-02-15
1293,6,2022-02-15
1293,7,2022-02-15
1294,1,2022-02-15
1294,2,2022-02-15
1294,4,2022-02-15
1294,5,2022-02-15
1295,1,2022-02-15
1295,2,2022-02-15
1295,3,2022-02-15
1295,4,2022-02-15
1295,5,2022-02-15
1295,6,2022-02-15
1295,7,2022-02-15
1296,1,2022-02-15
1296,2,2022-02-15
1296,3,2022-02-15
1296,4,2022-02-15
1296,6,2022-02-15
1296,7,2022-02-15
1297,1,2024-02-27
1297,2,2024-02-27
1297,4,2024-02-27
1297,5,2024-02-27
1297,6,2024-02-27
1297,7,2024-02-27
1298,1,2024-02-27
1298,2,2024-02-27
1298,3,2024-02-27
1298,4,2024-02-27
1298,6,2024-02-27
1298,7,2024-02-27
1299,1,2024-02-27
1299,2,2024-02-27
1299,4,2024-02-27
1299,5,2024-02-27
1299,6,2024-02-27
1299,7,2024-02-27
1300,1,2022-05-07
1300,3,2022-05-07
1300,4,2022-05-07
1300,5,2022-05-07
1300,6,2022-05-07
1300,7,2022-05-07
1301,1,2021-10-21
1301,2,2021-10-21
1301,3,2021-10-21
1301,4,2021-10-21
1301,5,2021-10-21
1301,6,2021-10-21
1301,7,2021-10-21
1302,1,2025-05-03
1302,2,2025-05-03
1302,3,2025-05-03
1302,4,2025-05-03
1302,5,2025-05-03
1302,6,2025-05-03
1302,7,2025-05-03
1303,1,2025-05-03
1303,3,2025-05-03
1303,4,2025-05-03
1303,5,2025-05-03
1303,6,2025-05-03
1303,7,2025-05-03
1304,1,2025-05-03
1304,2,2025-05-03
1304,3,2025-05-03
1304,5,2025-05-03
1304,6,2025-05-03
1304,7,2025-05-03
1305,1,2024-11-25
1305,2,2024-11-25
1305,3,2024-11-25
1305,5,2024-11-25
1305,6,2024-11-25
1305,7,2024-11-25
1306,1,2024-11-25
1306,2,2024-11-25
1306,5,2024-11-25
1306,6,2024-11-25
1306,7,2024-11-25
1307,1,2024-11-25
1307,2,2024-11-25
1307,3,2024-11-25
1307,4,2024-11-25
1307,5,2024-11-25
1307,6,2024-11-25
1308,1,2024-11-25
1308,2,2024-11-25
1308,3,2024-11-25
1308,4,2024-11-25
1308,6,2024-11-25
1308,7,2024-11-25
1309,1,2021-12-25
1309,2,2021-12-25
1309,3,2021-12-25
1309,4,2021-12-25
1309,5,2021-12-25
1309,6,2021-12-25
1309,7,2021-12-25
1310,1,2021-12-25
1310,2,2021-12-25
1310,4,2021-12-25
1310,5,2021-12-25
1310,6,2021-12-25
1310,7,2021-12-25
1311,1,2021-12-25
1311,5,2021-12-25
1312,1,2021-12-25
1312,2,2021-12-25
1312,3,2021-12-25
1312,4,2021-12-25
1312,5,2021-12-25
1312,6,2021-12-25
1312,7,2021-12-25
1313,1,2021-12-25
1313,2,2021-12-25
1313,3,2021-12-25
1313,4,2021-12-25
1313,6,2021-12-25
1313,7,2021-12-25
1314,1,2023-06-23
1314,3,2023-06-23
1314,4,2023-06-23
1314,5,2023-06-23
1314,6,2023-06-23
1314,7,2023-06-23
1315,1,2023-06-23
1315,3,2023-06-23
1315,4,2023-06-23
1315,5,2023-06-23
1315,6,2023-06-23
1315,7,2023-06-23
1316,1,2023-06-23
1316,2,2023-06-23
1316,3,2023-06-23
1316,4,2023-06-23
1316,5,2023-06-23
1316,6,2023-06-23
1316,7,2023-06-23
1317,1,2023-06-23
1317,2,2023-06-23
1317,3,2023-06-23
1317,4,2023-06-23
1317,5,2023-06-23
1317,6,2023-06-23
1317,7,2023-06-23
1318,1,2023-06-23
1318,2,2023-06-23
1318,3,2023-06-23
1318,4,2023-06-23
1318,5,2023-06-23
1318,6,2023-06-23
1318,7,2023-06-23
1319,1,2023-06-23
1319,2,2023-06-23
1319,3,2023-06-23
1319,4,2023-06-23
1319,5,2023-06-23
1319,6,2023-06-23
1320,1,2023-06-23
1320,2,2023-06-23
1320,3,2023-06-23
1320,4,2023-06-23
1320,5,2023-06-23
1320,6,2023-06-23
1320,7,2023-06-23
1321,1,2023-06-23
1321,2,2023-06-23
1321,5,2023-06-23
1321,6,2023-06-23
1321,7,2023-06-23
1322,1,2023-06-23
1322,4,2023-06-23
1322,5,2023-06-23
1322,6,2023-06-23
1322,7,2023-06-23
1323,1,2023-06-23
1323,2,2023-06-23
1323,4,2023-06-23
1323,5,2023-06-23
1323,6,2023-06-23
1323,7,2023-06-23
1324,1,2024-01-18
1324,2,2024-01-18
1324,3,2024-01-18
1324,4,2024-01-18
1324,5,2024-01-18
1324,6,2024-01-18
1324,7,2024-01-18
1325,1,2022-10-11
1325,2,2022-10-11
1325,3,2022-10-11
1325,4,2022-10-11
1325,5,2022-10-11
1325,6,2022-10-11
1326,1,2022-10-11
1326,2,2022-10-11
1326,3,2022-10-11
1326,4,2022-10-11
1326,5,2022-10-11
1326,6,2022-10-11
1327,1,2022-10-11
1327,2,2022-10-11
1327,3,2022-10-11
1327,5,2022-10-11
1327,6,2022-10-11
1327,7,2022-10-11
1328,1,2022-10-11
1328,2,2022-10-11
1328,4,2022-10-11
1328,6,2022-10-11
1328,7,2022-10-11
1329,1,2022-10-11
1329,2,2022-10-11
1329,4,2022-10-11
1329,5,2022-10-11
1329,7,2022-10-11
1330,1,2025-01-29
1330,2,2025-01-29
1330,3,2025-01-29
1330,4,2025-01-29
1330,5,2025-01-29
1330,6,2025-01-29
1330,7,2025-01-29
1331,1,2025-01-29
1331,2,2025-01-29
1331,3,2025-01-29
1331,4,2025-01-29
1331,5,2025-01-29
1331,6,2025-01-29
1331,7,2025-01-29
1332,1,2025-01-29
1332,2,2025-01-29
1332,3,2025-01-29
1332,4,2025-01-29
1332,6,2025-01-29
1332,7,2025-01-29
1333,1,2023-09-02
1333,2,2023-09-02
1333,3,2023-09-02
1333,4,2023-09-02
1333,5,2023-09-02
1333,6,2023-09-02
1333,7,2023-09-02
1334,1,2023-09-02
1334,5,2023-09-02
1335,1,2023-09-02
1335,2,2023-09-02
1335,4,2023-09-02
1335,5,2023-09-02
1335,6,2023-09-02
1335,7,2023-09-02
1336,1,2023-09-02
1336,3,2023-09-02
1336,4,2023-09-02
1336,5,2023-09-02
1336,6,2023-09-02
1336,7,2023-09-02
1337,1,2022-06-26
1337,2,2022-06-26
1337,3,2022-06-26
1337,4,2022-06-26
1337,5,2022-06-26
1337,7,2022-06-26
1338,1,2022-06-26
1338,2,2022-06-26
1338,3,2022-06-26
1338,4,2022-06-26
1338,5,2022-06-26
1338,7,2022-06-26
1339,1,2022-06-26
1339,2,2022-06-26
1339,3,2022-06-26
1339,5,2022-06-26
1339,6,2022-06-26
1339,7,2022-06-26
1340,1,2022-06-26
1340,2,2022-06-26
1340,3,2022-06-26
1340,4,2022-06-26
1340,6,2022-06-26
1340,7,2022-06-26
1341,1,2022-06-26
1341,2,2022-06-26
1341,3,2022-06-26
1341,4,2022-06-26
1341,5,2022-06-26
1341,6,2022-06-26
1341,7,2022-06-26
1342,1,2024-09-30
1342,2,2024-09-30
1342,3,2024-09-30
1342,4,2024-09-30
1342,5,2024-09-30
1343,1,2024-09-30
1343,2,2024-09-30
1343,3,2024-09-30
1343,7,2024-09-30
1344,1,2024-09-30
1344,2,2024-09-30
1344,3,2024-09-30
1344,5,2024-09-30
1344,7,2024-09-30
1345,1,2024-11-05
1345,2,2024-11-05
1345,3,2024-11-05
1345,4,2024-11-05
1345,5,2024-11-05
1345,6,2024-11-05
1345,7,2024-11-05
1346,1,2024-11-05
1346,2,2024-11-05
1346,4,2024-11-05
1346,6,2024-11-05
1346,7,2024-11-05
1347,1,2024-11-05
1347,2,2024-11-05
1347,3,2024-11-05
1347,4,2024-11-05
1347,5,2024-11-05
1347,6,2024-11-05
1347,7,2024-11-05
1348,1,2024-11-05
1348,2,2024-11-05
1348,3,2024-11-05
1348,4,2024-11-05
1348,5,2024-11-05
1348,6,2024-11-05
1349,1,2024-11-05
1349,2,2024-11-05
1349,3,2024-11-05
1349,4,2024-11-05
1349,5,2024-11-05
1349,7,2024-11-05
1350,1,2024-11-05
1350,2,2024-11-05
1350,3,2024-11-05
1350,4,2024-11-05
1350,5,2024-11-05
1350,6,2024-11-05
1350,7,2024-11-05
1351,1,2024-11-05
1351,2,2024-11-05
1351,4,2024-11-05
1351,6,2024-11-05
1351,7,2024-11-05
1352,1,2024-11-05
1352,2,2024-11-05
1352,3,2024-11-05
1352,4,2024-11-05
1352,5,2024-11-05
1353,1,2024-11-05
1353,2,2024-11-05
1353,3,2024-11-05
1353,4,2024-11-05
1353,5,2024-11-05
1354,1,2024-11-05
1354,2,2024-11-05
1354,3,2024-11-05
1354,4,2024-11-05
1354,5,2024-11-05
1354,6,2024-11-05
1354,7,2024-11-05
1355,1,2024-11-05
1355,2,2024-11-05
1355,3,2024-11-05
1355,4,2024-11-05
1355,5,2024-11-05
1355,6,2024-11-05
1355,7,2024-11-05
1356,1,2023-07-31
1356,2,2023-07-31
1356,3,2023-07-31
1356,5,2023-07-31
1356,6,2023-07-31
1356,7,2023-07-31
1357,1,2023-07-31
1357,2,2023-07-31
1357,3,2023-07-31
1357,5,2023-07-31
1357,6,2023-07-31
1357,7,2023-07-31
1358,1,2023-07-31
1358,2,2023-07-31
1358,3,2023-07-31
1358,4,2023-07-31
1358,5,2023-07-31
1358,6,2023-07-31
1359,1,2023-07-31
1359,2,2023-07-31
1359,4,2023-07-31
1359,5,2023-07-31
1359,6,2023-07-31
1359,7,2023-07-31
1360,1,2023-07-31
1360,4,2023-07-31
1360,5,2023-07-31
1360,6,2023-07-31
1361,1,2025-05-21
1361,2,2025-05-21
1361,3,2025-05-21
1361,4,2025-05-21
1361,5,2025-05-21
1361,6,2025-05-21
1361,7,2025-05-21
1362,1,2025-05-21
1362,3,2025-05-21
1362,5,2025-05-21
1362,6,2025-05-21
1362,7,2025-05-21
1363,1,2025-05-21
1363,2,2025-05-21
1363,3,2025-05-21
1363,4,2025-05-21
1363,5,2025-05-21
1363,7,2025-05-21
1364,1,2024-10-02
1364,2,2024-10-02
1364,3,2024-10-02
1364,4,2024-10-02
1364,6,2024-10-02
1364,7,2024-10-02
1365,1,2024-10-02
1365,2,2024-10-02
1365,3,2024-10-02
1365,4,2024-10-02
1365,5,2024-10-02
1365,6,2024-10-02
1366,1,2024-10-02
1366,2,2024-10-02
1366,3,2024-10-02
1366,4,2024-10-02
1366,5,2024-10-02
1366,7,2024-10-02
1367,1,2024-10-02
1367,2,2024-10-02
1367,3,2024-10-02
1367,4,2024-10-02
1367,5,2024-10-02
1367,6,2024-10-02
1367,7,2024-10-02
1368,1,2024-10-02
1368,2,2024-10-02
1368,3,2024-10-02
1368,5,2024-10-02
1368,6,2024-10-02
1368,7,2024-10-02
1369,1,2024-10-02
1369,2,2024-10-02
1369,3,2024-10-02
1369,5,2024-10-02
1369,6,2024-10-02
1369,7,2024-10-02
1370,1,2024-10-02
1370,2,2024-10-02
1370,4,2024-10-02
1370,5,2024-10-02
1370,6,2024-10-02
1370,7,2024-10-02
1371,1,2024-10-02
1371,3,2024-10-02
1371,4,2024-10-02
1371,6,2024-10-02
1371,7,2024-10-02
1372,1,2026-01-09
1372,2,2026-01-09
1372,3,2026-01-09
1372,4,2026-01-09
1372,5,2026-01-09
1372,6,2026-01-09
1372,7,2026-01-09
1373,1,2026-01-09
1373,2,2026-01-09
1373,3,2026-01-09
1373,5,2026-01-09
1374,1,2026-01-09
1374,2,2026-01-09
1374,3,2026-01-09
1374,4,2026-01-09
1374,6,2026-01-09
1375,1,2026-01-09
1375,2,2026-01-09
1375,3,2026-01-09
1375,4,2026-01-09
1375,5,2026-01-09
1375,6,2026-01-09
1375,7,2026-01-09
1376,1,2026-01-09
1376,3,2026-01-09
1376,4,2026-01-09
1376,6,2026-01-09
1377,1,2026-01-09
1377,2,2026-01-09
1377,3,2026-01-09
1377,4,2026-01-09
1377,5,2026-01-09
1377,6,2026-01-09
1377,7,2026-01-09
1378,1,2026-01-09
1378,2,2026-01-09
1378,3,2026-01-09
1378,4,2026-01-09
1378,5,2026-01-09
1378,6,2026-01-09
1379,1,2026-01-09
1379,2,2026-01-09
1379,3,2026-01-09
1379,4,2026-01-09
1379,5,2026-01-09
1380,1,2026-01-09
1380,2,2026-01-09
1380,3,2026-01-09
1380,5,2026-01-09
1380,7,2026-01-09
1381,1,2024-06-01
1381,2,2024-06-01
1381,3,2024-06-01
1381,4,2024-06-01
1381,5,2024-06-01
1381,7,2024-06-01
1382,1,2025-08-18
1382,2,2025-08-18
1382,4,2025-08-18
1382,6,2025-08-18
1383,1,2025-08-18
1383,2,2025-08-18
1383,3,2025-08-18
1383,4,2025-08-18
1383,5,2025-08-18
1383,6,2025-08-18
1383,7,2025-08-18
1384,1,2025-08-18
1384,3,2025-08-18
1384,4,2025-08-18
1384,6,2025-08-18
1384,7,2025-08-18
1385,1,2025-08-18
1385,2,2025-08-18
1385,3,2025-08-18
1385,4,2025-08-18
1385,7,2025-08-18
1386,1,2022-06-23
1386,2,2022-06-23
1386,3,2022-06-23
1386,4,2022-06-23
1386,5,2022-06-23
1386,6,2022-06-23
1386,7,2022-06-23
1387,1,2022-06-23
1387,2,2022-06-23
1387,3,2022-06-23
1387,4,2022-06-23
1387,5,2022-06-23
1387,6,2022-06-23
1387,7,2022-06-23
1388,1,2022-06-23
1388,4,2022-06-23
1388,5,2022-06-23
1388,6,2022-06-23
1388,7,2022-06-23
1389,1,2022-06-23
1389,3,2022-06-23
1389,4,2022-06-23
1389,5,2022-06-23
1389,6,2022-06-23
1389,7,2022-06-23
1390,1,2022-06-23
1390,2,2022-06-23
1390,3,2022-06-23
1390,4,2022-06-23
1390,5,2022-06-23
1390,6,2022-06-23
1390,7,2022-06-23
1391,1,2022-06-23
1391,2,2022-06-23
1391,3,2022-06-23
1391,4,2022-06-23
1391,5,2022-06-23
1391,6,2022-06-23
1391,7,2022-06-23
1392,1,2022-06-23
1392,3,2022-06-23
1392,4,2022-06-23
1392,6,2022-06-23
1392,7,2022-06-23
1393,1,2022-06-23
1393,2,2022-06-23
1393,3,2022-06-23
1393,4,2022-06-23
1393,6,2022-06-23
1394,1,2022-06-23
1394,2,2022-06-23
1394,3,2022-06-23
1394,4,2022-06-23
1395,1,2022-06-23
1395,2,2022-06-23
1395,4,2022-06-23
1395,5,2022-06-23
1395,6,2022-06-23
1395,7,2022-06-23
1396,1,2022-06-23
1396,2,2022-06-23
1396,3,2022-06-23
1396,4,2022-06-23
1396,6,2022-06-23
1396,7,2022-06-23
1397,1,2022-06-23
1397,2,2022-06-23
1397,3,2022-06-23
1397,5,2022-06-23
1397,7,2022-06-23
1398,1,2023-10-07
1398,2,2023-10-07
1398,4,2023-10-07
1398,5,2023-10-07
1398,6,2023-10-07
1398,7,2023-10-07
1399,1,2023-10-07
1399,2,2023-10-07
1399,3,2023-10-07
1399,4,2023-10-07
1399,5,2023-10-07
1399,6,2023-10-07
1399,7,2023-10-07
1400,1,2023-10-07
1400,2,2023-10-07
1400,3,2023-10-07
1400,4,2023-10-07
1400,5,2023-10-07
1400,6,2023-10-07
1401,1,2023-10-07
1401,2,2023-10-07
1401,4,2023-10-07
1401,5,2023-10-07
1401,6,2023-10-07
1401,7,2023-10-07
1402,1,2023-10-07
1402,3,2023-10-07
1402,4,2023-10-07
1402,5,2023-10-07
1402,6,2023-10-07
1402,7,2023-10-07
1403,1,2023-10-07
1403,2,2023-10-07
1403,3,2023-10-07
1403,4,2023-10-07
1403,5,2023-10-07
1403,6,2023-10-07
1403,7,2023-10-07
1404,1,2023-10-07
1404,2,2023-10-07
1404,3,2023-10-07
1404,4,2023-10-07
1404,5,2023-10-07
1404,6,2023-10-07
1404,7,2023-10-07
1405,1,2024-11-21
1405,2,2024-11-21
1405,3,2024-11-21
1405,4,2024-11-21
1405,5,2024-11-21
1405,6,2024-11-21
1405,7,2024-11-21
1406,1,2021-09-18
1406,3,2021-09-18
1406,4,2021-09-18
1406,5,2021-09-18
1406,6,2021-09-18
1406,7,2021-09-18
1407,1,2022-03-05
1407,2,2022-03-05
1407,3,2022-03-05
1407,4,2022-03-05
1407,6,2022-03-05
1407,7,2022-03-05
1408,1,2025-07-28
1408,2,2025-07-28
1408,4,2025-07-28
1408,5,2025-07-28
1408,6,2025-07-28
1409,1,2025-07-28
1409,2,2025-07-28
1409,4,2025-07-28
1409,5,2025-07-28
1409,6,2025-07-28
1410,1,2025-07-28
1410,2,2025-07-28
1410,3,2025-07-28
1410,5,2025-07-28
1410,6,2025-07-28
1411,1,2025-07-28
1411,2,2025-07-28
1411,3,2025-07-28
1411,4,2025-07-28
1411,6,2025-07-28
1411,7,2025-07-28
1412,1,2025-07-28
1412,2,2025-07-28
1412,3,2025-07-28
1412,4,2025-07-28
1412,6,2025-07-28
1413,1,2025-07-28
1413,3,2025-07-28
1413,4,2025-07-28
1413,5,2025-07-28
1413,6,2025-07-28
1413,7,2025-07-28
1414,1,2025-07-28
1414,2,2025-07-28
1414,3,2025-07-28
1414,4,2025-07-28
1414,5,2025-07-28
1414,6,2025-07-28
1414,7,2025-07-28
1415,1,2025-07-28
1415,2,2025-07-28
1415,3,2025-07-28
1415,4,2025-07-28
1415,5,2025-07-28
1415,6,2025-07-28
1415,7,2025-07-28
1416,1,2025-07-28
1416,2,2025-07-28
1416,3,2025-07-28
1416,5,2025-07-28
1416,6,2025-07-28
1416,7,2025-07-28
1417,1,2025-07-28
1417,2,2025-07-28
1417,3,2025-07-28
1417,4,2025-07-28
1417,5,2025-07-28
1417,6,2025-07-28
1418,1,2025-07-28
1418,2,2025-07-28
1418,3,2025-07-28
1418,4,2025-07-28
1418,5,2025-07-28
1418,6,2025-07-28
1418,7,2025-07-28
1419,1,2021-12-01
1419,2,2021-12-01
1419,3,2021-12-01
1419,4,2021-12-01
1419,5,2021-12-01
1419,6,2021-12-01
1419,7,2021-12-01
1420,1,2021-12-01
1420,3,2021-12-01
1420,4,2021-12-01
1420,5,2021-12-01
1420,6,2021-12-01
1420,7,2021-12-01
1421,1,2021-12-01
1421,2,2021-12-01
1421,3,2021-12-01
1421,4,2021-12-01
1421,6,2021-12-01
1421,7,2021-12-01
1422,1,2021-12-01
1422,2,2021-12-01
1422,3,2021-12-01
1422,4,2021-12-01
1422,5,2021-12-01
1422,6,2021-12-01
1422,7,2021-12-01
1423,1,2021-12-01
1423,2,2021-12-01
1423,3,2021-12-01
1423,4,2021-12-01
1423,5,2021-12-01
1424,1,2021-12-01
1424,2,2021-12-01
1424,3,2021-12-01
1424,4,2021-12-01
1424,5,2021-12-01
1424,6,2021-12-01
1424,7,2021-12-01
1425,1,2021-12-01
1425,5,2021-12-01
1425,6,2021-12-01
1425,7,2021-12-01
1426,1,2021-12-01
1426,2,2021-12-01
1426,3,2021-12-01
1426,4,2021-12-01
1426,6,2021-12-01
1426,7,2021-12-01
1427,1,2021-12-01
1427,2,2021-12-01
1427,4,2021-12-01
1427,5,2021-12-01
1427,6,2021-12-01
1428,1,2021-12-01
1428,2,2021-12-01
1428,3,2021-12-01
1428,5,2021-12-01
1428,6,2021-12-01
1428,7,2021-12-01
1429,1,2021-12-01
1429,2,2021-12-01
1429,3,2021-12-01
1429,5,2021-12-01
1429,7,2021-12-01
1430,1,2021-12-01
1430,4,2021-12-01
1430,6,2021-12-01
1430,7,2021-12-01
1431,1,2026-01-23
1431,2,2026-01-23
1431,4,2026-01-23
1431,5,2026-01-23
1431,6,2026-01-23
1431,7,2026-01-23
1432,1,2023-01-09
1432,3,2023-01-09
1432,4,2023-01-09
1432,6,2023-01-09
1432,7,2023-01-09
1433,1,2023-01-09
1433,2,2023-01-09
1433,4,2023-01-09
1433,5,2023-01-09
1433,6,2023-01-09
1434,1,2023-01-09
1434,2,2023-01-09
1434,4,2023-01-09
1434,6,2023-01-09
1434,7,2023-01-09
1435,1,2023-01-09
1435,2,2023-01-09
1435,3,2023-01-09
1435,4,2023-01-09
1435,5,2023-01-09
1435,6,2023-01-09
1436,1,2023-01-09
1436,3,2023-01-09
1436,5,2023-01-09
1436,6,2023-01-09
1436,7,2023-01-09
1437,1,2023-01-09
1437,2,2023-01-09
1437,3,2023-01-09
1437,4,2023-01-09
1437,5,2023-01-09
1437,6,2023-01-09
1437,7,2023-01-09
1438,1,2023-01-09
1438,2,2023-01-09
1438,3,2023-01-09
1438,4,2023-01-09
1438,6,2023-01-09
1438,7,2023-01-09
1439,1,2023-01-09
1439,2,2023-01-09
1439,4,2023-01-09
1439,5,2023-01-09
1439,6,2023-01-09
1439,7,2023-01-09
1440,1,2026-05-03
1440,2,2026-05-03
1440,3,2026-05-03
1440,4,2026-05-03
1440,5,2026-05-03
1440,6,2026-05-03
1440,7,2026-05-03
1441,1,2026-03-29
1441,2,2026-03-29
1441,3,2026-03-29
1441,4,2026-03-29
1441,6,2026-03-29
1441,7,2026-03-29
1442,1,2025-09-05
1442,3,2025-09-05
1442,4,2025-09-05
1442,5,2025-09-05
1442,7,2025-09-05
1443,1,2022-07-11
1443,2,2022-07-11
1443,3,2022-07-11
1443,4,2022-07-11
1443,5,2022-07-11
1443,6,2022-07-11
1443,7,2022-07-11
1444,1,2024-04-03
1444,2,2024-04-03
1444,4,2024-04-03
1444,5,2024-04-03
1444,6,2024-04-03
1444,7,2024-04-03
1445,1,2022-04-05
1445,2,2022-04-05
1445,3,2022-04-05
1445,4,2022-04-05
1445,6,2022-04-05
1445,7,2022-04-05
1446,1,2021-11-18
1446,2,2021-11-18
1446,3,2021-11-18
1446,4,2021-11-18
1446,6,2021-11-18
1446,7,2021-11-18
1447,1,2025-12-20
1447,2,2025-12-20
1447,3,2025-12-20
1447,4,2025-12-20
1447,5,2025-12-20
1447,6,2025-12-20
1447,7,2025-12-20
1448,1,2021-12-13
1448,2,2021-12-13
1448,4,2021-12-13
1448,5,2021-12-13
1448,6,2021-12-13
1448,7,2021-12-13
1449,1,2021-09-19
1449,3,2021-09-19
1449,4,2021-09-19
1449,5,2021-09-19
1449,6,2021-09-19
1449,7,2021-09-19
1450,1,2026-01-29
1450,3,2026-01-29
1450,4,2026-01-29
1450,5,2026-01-29
1450,6,2026-01-29
1450,7,2026-01-29
1451,1,2023-12-11
1451,2,2023-12-11
1451,3,2023-12-11
1451,4,2023-12-11
1451,5,2023-12-11
1451,6,2023-12-11
1451,7,2023-12-11
1452,1,2024-10-28
1452,2,2024-10-28
1452,3,2024-10-28
1452,4,2024-10-28
1452,5,2024-10-28
1452,6,2024-10-28
1452,7,2024-10-28
1453,1,2024-10-28
1453,2,2024-10-28
1453,3,2024-10-28
1453,4,2024-10-28
1453,5,2024-10-28
1453,6,2024-10-28
1453,7,2024-10-28
1454,1,2024-10-28
1454,2,2024-10-28
1454,3,2024-10-28
1454,5,2024-10-28
1455,1,2024-10-28
1455,2,2024-10-28
1455,3,2024-10-28
1455,5,2024-10-28
1455,7,2024-10-28
1456,1,2024-10-28
1456,2,2024-10-28
1456,5,2024-10-28
1456,6,2024-10-28
1456,7,2024-10-28
1457,1,2025-10-14
1457,3,2025-10-14
1457,4,2025-10-14
1457,5,2025-10-14
1457,6,2025-10-14
1457,7,2025-10-14
1458,1,2025-10-14
1458,2,2025-10-14
1458,3,2025-10-14
1458,5,2025-10-14
1458,6,2025-10-14
1458,7,2025-10-14
1459,1,2025-10-14
1459,2,2025-10-14
1459,3,2025-10-14
1459,4,2025-10-14
1459,5,2025-10-14
1459,7,2025-10-14
1460,1,2026-04-23
1460,2,2026-04-23
1460,3,2026-04-23
1460,4,2026-04-23
1460,5,2026-04-23
1460,6,2026-04-23
1460,7,2026-04-23
1461,1,2025-09-24
1461,2,2025-09-24
1461,3,2025-09-24
1461,4,2025-09-24
1461,6,2025-09-24
1461,7,2025-09-24
1462,1,2023-03-22
1462,2,2023-03-22
1462,3,2023-03-22
1462,5,2023-03-22
1462,7,2023-03-22
1463,1,2024-08-28
1463,2,2024-08-28
1463,3,2024-08-28
1463,4,2024-08-28
1463,6,2024-08-28
1463,7,2024-08-28
1464,1,2024-02-03
1464,3,2024-02-03
1464,4,2024-02-03
1464,5,2024-02-03
1464,6,2024-02-03
1464,7,2024-02-03
1465,1,2024-11-24
1465,2,2024-11-24
1465,3,2024-11-24
1465,4,2024-11-24
1465,5,2024-11-24
1465,6,2024-11-24
1465,7,2024-11-24
1466,1,2024-11-24
1466,2,2024-11-24
1466,3,2024-11-24
1466,5,2024-11-24
1466,6,2024-11-24
1466,7,2024-11-24
1467,1,2024-11-24
1467,2,2024-11-24
1467,3,2024-11-24
1467,4,2024-11-24
1467,6,2024-11-24
1467,7,2024-11-24
1468,1,2025-09-15
1468,3,2025-09-15
1468,4,2025-09-15
1468,5,2025-09-15
1468,6,2025-09-15
1468,7,2025-09-15
1469,1,2025-09-15
1469,2,2025-09-15
1469,3,2025-09-15
1469,6,2025-09-15
1469,7,2025-09-15
1470,1,2025-09-15
1470,2,2025-09-15
1470,3,2025-09-15
1470,6,2025-09-15
1471,1,2025-09-15
1471,3,2025-09-15
1471,4,2025-09-15
1471,5,2025-09-15
1471,7,2025-09-15
1472,1,2022-12-19
1472,2,2022-12-19
1472,3,2022-12-19
1472,4,2022-12-19
1472,5,2022-12-19
1473,1,2025-09-12
1473,2,2025-09-12
1473,3,2025-09-12
1473,5,2025-09-12
1473,6,2025-09-12
1473,7,2025-09-12
1474,1,2025-09-12
1474,2,2025-09-12
1474,3,2025-09-12
1474,4,2025-09-12
1474,6,2025-09-12
1474,7,2025-09-12
1475,1,2025-09-12
1475,2,2025-09-12
1475,4,2025-09-12
1475,5,2025-09-12
1475,6,2025-09-12
1475,7,2025-09-12
1476,1,2023-03-24
1476,2,2023-03-24
1476,3,2023-03-24
1476,4,2023-03-24
1476,5,2023-03-24
1476,7,2023-03-24
1477,1,2023-03-24
1477,2,2023-03-24
1477,3,2023-03-24
1477,4,2023-03-24
1477,5,2023-03-24
1477,6,2023-03-24
1477,7,2023-03-24
1478,1,2023-03-24
1478,2,2023-03-24
1478,4,2023-03-24
1478,7,2023-03-24
1479,1,2023-03-24
1479,2,2023-03-24
1479,3,2023-03-24
1479,5,2023-03-24
1479,6,2023-03-24
1480,1,2022-05-19
1480,2,2022-05-19
1480,3,2022-05-19
1480,4,2022-05-19
1480,6,2022-05-19
1481,1,2022-05-19
1481,2,2022-05-19
1481,3,2022-05-19
1481,4,2022-05-19
1481,5,2022-05-19
1481,6,2022-05-19
1481,7,2022-05-19
1482,1,2022-05-19
1482,2,2022-05-19
1482,3,2022-05-19
1482,4,2022-05-19
1482,5,2022-05-19
1482,6,2022-05-19
1482,7,2022-05-19
1483,1,2022-05-19
1483,2,2022-05-19
1483,4,2022-05-19
1483,5,2022-05-19
1483,6,2022-05-19
1483,7,2022-05-19
1484,1,2022-05-19
1484,2,2022-05-19
1484,4,2022-05-19
1484,5,2022-05-19
1484,6,2022-05-19
1485,1,2025-07-27
1485,3,2025-07-27
1485,4,2025-07-27
1485,6,2025-07-27
1485,7,2025-07-27
1486,1,2025-07-27
1486,3,2025-07-27
1486,5,2025-07-27
1486,6,2025-07-27
1486,7,2025-07-27
1487,1,2025-07-27
1487,2,2025-07-27
1487,4,2025-07-27
1487,5,2025-07-27
1487,6,2025-07-27
1487,7,2025-07-27
1488,1,2025-07-27
1488,2,2025-07-27
1488,3,2025-07-27
1488,4,2025-07-27
1488,5,2025-07-27
1488,6,2025-07-27
1488,7,2025-07-27
1489,1,2025-07-27
1489,3,2025-07-27
1489,4,2025-07-27
1489,5,2025-07-27
1489,6,2025-07-27
1489,7,2025-07-27
1490,1,2025-07-27
1490,2,2025-07-27
1490,3,2025-07-27
1490,4,2025-07-27
1490,5,2025-07-27
1490,7,2025-07-27
1491,1,2025-07-27
1491,2,2025-07-27
1491,3,2025-07-27
1491,4,2025-07-27
1491,5,2025-07-27
1491,6,2025-07-27
1491,7,2025-07-27
1492,1,2025-07-27
1492,2,2025-07-27
1492,3,2025-07-27
1492,4,2025-07-27
1492,5,2025-07-27
1492,6,2025-07-27
1492,7,2025-07-27
1493,1,2025-07-27
1493,2,2025-07-27
1493,3,2025-07-27
1493,4,2025-07-27
1493,5,2025-07-27
1493,6,2025-07-27
1493,7,2025-07-27
1494,1,2025-07-27
1494,3,2025-07-27
1494,4,2025-07-27
1494,5,2025-07-27
1494,6,2025-07-27
1494,7,2025-07-27
1495,1,2024-12-02
1495,2,2024-12-02
1495,3,2024-12-02
1495,4,2024-12-02
1495,5,2024-12-02
1495,6,2024-12-02
1495,7,2024-12-02
1496,1,2024-12-02
1496,2,2024-12-02
1496,3,2024-12-02
1496,4,2024-12-02
1496,5,2024-12-02
1496,6,2024-12-02
1496,7,2024-12-02
1497,1,2024-12-02
1497,3,2024-12-02
1497,4,2024-12-02
1497,5,2024-12-02
1497,6,2024-12-02
1498,1,2024-12-02
1498,2,2024-12-02
1498,3,2024-12-02
1498,5,2024-12-02
1498,6,2024-12-02
1499,1,2022-09-27
1499,4,2022-09-27
1499,5,2022-09-27
1499,6,2022-09-27
1499,7,2022-09-27
1500,1,2022-09-27
1500,2,2022-09-27
1500,3,2022-09-27
1500,4,2022-09-27
1500,5,2022-09-27
1500,6,2022-09-27
1500,7,2022-09-27
1501,1,2022-09-27
1501,2,2022-09-27
1501,3,2022-09-27
1501,5,2022-09-27
1501,6,2022-09-27
1501,7,2022-09-27
1502,1,2022-09-27
1502,2,2022-09-27
1502,3,2022-09-27
1502,4,2022-09-27
1502,7,2022-09-27
1503,1,2022-09-27
1503,2,2022-09-27
1503,3,2022-09-27
1503,4,2022-09-27
1503,5,2022-09-27
1503,6,2022-09-27
1503,7,2022-09-27
1504,1,2022-04-10
1504,2,2022-04-10
1504,3,2022-04-10
1504,7,2022-04-10
1505,1,2022-04-10
1505,2,2022-04-10
1505,3,2022-04-10
1505,4,2022-04-10
1505,5,2022-04-10
1505,6,2022-04-10
1505,7,2022-04-10
1506,1,2022-04-10
1506,2,2022-04-10
1506,3,2022-04-10
1506,4,2022-04-10
1506,5,2022-04-10
1506,6,2022-04-10
1506,7,2022-04-10
1507,1,2026-06-30
1507,2,2026-06-30
1507,4,2026-06-30
1507,6,2026-06-30
1508,1,2026-06-30
1508,2,2026-06-30
1508,3,2026-06-30
1508,4,2026-06-30
1508,5,2026-06-30
1508,6,2026-06-30
1508,7,2026-06-30
1509,1,2026-06-30
1509,2,2026-06-30
1509,3,2026-06-30
1509,4,2026-06-30
1509,5,2026-06-30
1509,7,2026-06-30
1510,1,2026-06-30
1510,2,2026-06-30
1510,4,2026-06-30
1510,5,2026-06-30
1510,6,2026-06-30
1510,7,2026-06-30
1511,1,2026-06-30
1511,2,2026-06-30
1511,3,2026-06-30
1511,5,2026-06-30
1511,6,2026-06-30
1512,1,2026-06-30
1512,2,2026-06-30
1512,4,2026-06-30
1512,5,2026-06-30
1512,7,2026-06-30
1513,1,2026-06-30
1513,4,2026-06-30
1513,7,2026-06-30
1514,1,2026-06-30
1514,2,2026-06-30
1514,3,2026-06-30
1514,4,2026-06-30
1514,5,2026-06-30
1514,6,2026-06-30
1514,7,2026-06-30
1515,1,2024-05-10
1515,3,2024-05-10
1515,4,2024-05-10
1515,5,2024-05-10
1515,6,2024-05-10
1515,7,2024-05-10
1516,1,2024-05-10
1516,3,2024-05-10
1516,4,2024-05-10
1516,5,2024-05-10
1516,6,2024-05-10
1516,7,2024-05-10
1517,1,2024-05-10
1517,2,2024-05-10
1517,3,2024-05-10
1517,6,2024-05-10
1517,7,2024-05-10
1518,1,2024-05-10
1518,2,2024-05-10
1518,3,2024-05-10
1518,6,2024-05-10
1518,7,2024-05-10
1519,1,2024-05-10
1519,2,2024-05-10
1519,3,2024-05-10
1519,5,2024-05-10
1519,6,2024-05-10
1519,7,2024-05-10
1520,1,2024-05-10
1520,3,2024-05-10
1520,4,2024-05-10
1520,5,2024-05-10
1520,6,2024-05-10
1520,7,2024-05-10
1521,1,2024-05-10
1521,3,2024-05-10
1521,4,2024-05-10
1521,5,2024-05-10
1521,6,2024-05-10
1521,7,2024-05-10
1522,1,2024-05-10
1522,3,2024-05-10
1522,4,2024-05-10
1522,5,2024-05-10
1522,7,2024-05-10
1523,1,2024-05-10
1523,3,2024-05-10
1523,4,2024-05-10
1523,5,2024-05-10
1523,6,2024-05-10
1523,7,2024-05-10
1524,1,2025-08-23
1524,2,2025-08-23
1524,3,2025-08-23
1524,4,2025-08-23
1524,5,2025-08-23
1524,6,2025-08-23
1525,1,2025-08-19
1525,2,2025-08-19
1525,4,2025-08-19
1525,5,2025-08-19
1525,7,2025-08-19
1526,1,2025-08-19
1526,2,2025-08-19
1526,3,2025-08-19
1526,4,2025-08-19
1526,5,2025-08-19
1526,6,2025-08-19
1526,7,2025-08-19
1527,1,2025-08-19
1527,2,2025-08-19
1527,3,2025-08-19
1527,6,2025-08-19
1527,7,2025-08-19
1528,1,2025-08-19
1528,4,2025-08-19
1528,5,2025-08-19
1528,6,2025-08-19
1528,7,2025-08-19
1529,1,2026-05-27
1529,2,2026-05-27
1529,3,2026-05-27
1529,4,2026-05-27
1529,6,2026-05-27
1530,1,2026-05-27
1530,2,2026-05-27
1530,3,2026-05-27
1530,4,2026-05-27
1530,5,2026-05-27
1530,6,2026-05-27
1530,7,2026-05-27
1531,1,2026-05-27
1531,2,2026-05-27
1531,3,2026-05-27
1531,4,2026-05-27
1531,6,2026-05-27
1531,7,2026-05-27
1532,1,2026-05-27
1532,2,2026-05-27
1532,3,2026-05-27
1532,5,2026-05-27
1532,7,2026-05-27
1533,1,2026-05-27
1533,2,2026-05-27
1533,3,2026-05-27
1533,4,2026-05-27
1533,5,2026-05-27
1533,6,2026-05-27
1533,7,2026-05-27
1534,1,2023-09-06
1534,2,2023-09-06
1534,4,2023-09-06
1534,6,2023-09-06
1534,7,2023-09-06
1535,1,2023-09-06
1535,2,2023-09-06
1535,3,2023-09-06
1535,4,2023-09-06
1535,5,2023-09-06
1535,6,2023-09-06
1535,7,2023-09-06
1536,1,2023-09-06
1536,2,2023-09-06
1536,3,2023-09-06
1536,4,2023-09-06
1536,5,2023-09-06
1536,6,2023-09-06
1536,7,2023-09-06
1537,1,2023-09-06
1537,2,2023-09-06
1537,4,2023-09-06
1537,5,2023-09-06
1537,7,2023-09-06
1538,1,2023-09-06
1538,2,2023-09-06
1538,3,2023-09-06
1538,4,2023-09-06
1538,6,2023-09-06
1538,7,2023-09-06
1539,1,2023-09-06
1539,3,2023-09-06
1539,4,2023-09-06
1539,6,2023-09-06
1539,7,2023-09-06
1540,1,2023-09-06
1540,2,2023-09-06
1540,3,2023-09-06
1540,4,2023-09-06
1540,5,2023-09-06
1540,6,2023-09-06
1540,7,2023-09-06
1541,1,2023-06-24
1541,2,2023-06-24
1541,4,2023-06-24
1541,5,2023-06-24
1541,7,2023-06-24
1542,1,2023-06-24
1542,2,2023-06-24
1542,3,2023-06-24
1542,4,2023-06-24
1542,5,2023-06-24
1542,6,2023-06-24
1542,7,2023-06-24
1543,1,2023-06-24
1543,2,2023-06-24
1543,3,2023-06-24
1543,4,2023-06-24
1543,5,2023-06-24
1543,6,2023-06-24
1543,7,2023-06-24
1544,1,2023-06-24
1544,2,2023-06-24
1544,4,2023-06-24
1544,5,2023-06-24
1544,6,2023-06-24
1544,7,2023-06-24
1545,1,2026-03-11
1545,3,2026-03-11
1545,4,2026-03-11
1545,5,2026-03-11
1545,7,2026-03-11
1546,1,2026-03-11
1546,2,2026-03-11
1546,4,2026-03-11
1546,5,2026-03-11
1546,7,2026-03-11
1547,1,2026-03-11
1547,2,2026-03-11
1547,3,2026-03-11
1547,7,2026-03-11
1548,1,2026-03-11
1548,2,2026-03-11
1548,3,2026-03-11
1548,5,2026-03-11
1548,6,2026-03-11
1548,7,2026-03-11
1549,1,2026-03-11
1549,2,2026-03-11
1549,4,2026-03-11
1549,5,2026-03-11
1549,6,2026-03-11
1549,7,2026-03-11
1550,1,2026-03-11
1550,2,2026-03-11
1550,3,2026-03-11
1550,5,2026-03-11
1550,6,2026-03-11
1551,1,2026-03-11
1551,5,2026-03-11
1551,6,2026-03-11
1551,7,2026-03-11
1552,1,2026-03-11
1552,3,2026-03-11
1552,4,2026-03-11
1552,5,2026-03-11
1552,7,2026-03-11
1553,1,2026-03-11
1553,2,2026-03-11
1553,3,2026-03-11
1553,4,2026-03-11
1553,7,2026-03-11
1554,1,2024-02-25
1554,2,2024-02-25
1554,3,2024-02-25
1554,4,2024-02-25
1554,5,2024-02-25
1554,6,2024-02-25
1554,7,2024-02-25
1555,1,2024-02-25
1555,2,2024-02-25
1555,3,2024-02-25
1555,4,2024-02-25
1555,5,2024-02-25
1555,6,2024-02-25
1555,7,2024-02-25
1556,1,2024-02-25
1556,2,2024-02-25
1556,3,2024-02-25
1556,4,2024-02-25
1556,5,2024-02-25
1556,6,2024-02-25
1557,1,2024-02-25
1557,2,2024-02-25
1557,4,2024-02-25
1557,5,2024-02-25
1557,6,2024-02-25
1557,7,2024-02-25
1558,1,2024-02-25
1558,2,2024-02-25
1558,3,2024-02-25
1558,4,2024-02-25
1558,5,2024-02-25
1558,6,2024-02-25
1559,1,2024-02-25
1559,2,2024-02-25
1559,3,2024-02-25
1559,5,2024-02-25
1559,6,2024-02-25
1559,7,2024-02-25
1560,1,2024-02-25
1560,4,2024-02-25
1560,5,2024-02-25
1560,6,2024-02-25
1560,7,2024-02-25
1561,1,2024-02-25
1561,2,2024-02-25
1561,3,2024-02-25
1561,5,2024-02-25
1561,7,2024-02-25
1562,1,2024-02-25
1562,2,2024-02-25
1562,3,2024-02-25
1562,4,2024-02-25
1562,5,2024-02-25
1562,6,2024-02-25
1562,7,2024-02-25
1563,1,2024-02-25
1563,3,2024-02-25
1563,4,2024-02-25
1563,5,2024-02-25
1563,7,2024-02-25
1564,1,2025-07-14
1564,2,2025-07-14
1564,3,2025-07-14
1564,4,2025-07-14
1564,5,2025-07-14
1564,6,2025-07-14
1564,7,2025-07-14
1565,1,2022-06-05
1565,3,2022-06-05
1565,6,2022-06-05
1565,7,2022-06-05
1566,1,2022-06-05
1566,2,2022-06-05
1566,3,2022-06-05
1566,4,2022-06-05
1566,5,2022-06-05
1566,6,2022-06-05
1566,7,2022-06-05
1567,1,2022-06-05
1567,2,2022-06-05
1567,3,2022-06-05
1567,4,2022-06-05
1567,5,2022-06-05
1567,6,2022-06-05
1567,7,2022-06-05
1568,1,2022-06-05
1568,2,2022-06-05
1568,3,2022-06-05
1568,4,2022-06-05
1568,5,2022-06-05
1568,6,2022-06-05
1568,7,2022-06-05
1569,1,2022-06-05
1569,2,2022-06-05
1569,3,2022-06-05
1569,4,2022-06-05
1569,5,2022-06-05
1569,7,2022-06-05
1570,1,2022-06-05
1570,2,2022-06-05
1570,3,2022-06-05
1570,4,2022-06-05
1570,5,2022-06-05
1570,6,2022-06-05
1570,7,2022-06-05
1571,1,2022-06-05
1571,2,2022-06-05
1571,3,2022-06-05
1571,4,2022-06-05
1571,5,2022-06-05
1571,6,2022-06-05
1571,7,2022-06-05
1572,1,2022-06-05
1572,2,2022-06-05
1572,3,2022-06-05
1572,4,2022-06-05
1572,5,2022-06-05
1572,6,2022-06-05
1572,7,2022-06-05
1573,1,2022-06-05
1573,2,2022-06-05
1573,3,2022-06-05
1573,4,2022-06-05
1573,5,2022-06-05
1573,6,2022-06-05
1573,7,2022-06-05
1574,1,2022-06-05
1574,2,2022-06-05
1574,3,2022-06-05
1574,4,2022-06-05
1574,5,2022-06-05
1574,6,2022-06-05
1574,7,2022-06-05
1575,1,2022-06-05
1575,3,2022-06-05
1575,4,2022-06-05
1575,5,2022-06-05
1575,6,2022-06-05
1575,7,2022-06-05
1576,1,2022-06-05
1576,2,2022-06-05
1576,3,2022-06-05
1576,4,2022-06-05
1576,5,2022-06-05
1576,6,2022-06-05
1576,7,2022-06-05
1577,1,2022-03-23
1577,3,2022-03-23
1577,4,2022-03-23
1577,5,2022-03-23
1577,6,2022-03-23
1577,7,2022-03-23
1578,1,2022-03-23
1578,3,2022-03-23
1578,4,2022-03-23
1578,5,2022-03-23
1578,6,2022-03-23
1578,7,2022-03-23
1579,1,2022-03-23
1579,2,2022-03-23
1579,3,2022-03-23
1579,6,2022-03-23
1579,7,2022-03-23
1580,1,2022-03-23
1580,2,2022-03-23
1580,3,2022-03-23
1580,6,2022-03-23
1580,7,2022-03-23
1581,1,2022-03-23
1581,3,2022-03-23
1581,4,2022-03-23
1581,5,2022-03-23
1581,6,2022-03-23
1581,7,2022-03-23
1582,1,2022-03-23
1582,2,2022-03-23
1582,3,2022-03-23
1582,4,2022-03-23
1582,5,2022-03-23
1582,6,2022-03-23
1582,7,2022-03-23
1583,1,2022-03-23
1583,4,2022-03-23
1583,5,2022-03-23
1583,7,2022-03-23
1584,1,2022-04-05
1584,2,2022-04-05
1584,3,2022-04-05
1584,4,2022-04-05
1584,5,2022-04-05
1584,6,2022-04-05
1584,7,2022-04-05
1585,1,2023-01-16
1585,3,2023-01-16
1585,5,2023-01-16
1585,6,2023-01-16
1585,7,2023-01-16
1586,1,2021-12-04
1586,2,2021-12-04
1586,3,2021-12-04
1586,5,2021-12-04
1586,6,2021-12-04
1586,7,2021-12-04
1587,1,2024-02-21
1587,3,2024-02-21
1587,5,2024-02-21
1587,6,2024-02-21
1587,7,2024-02-21
1588,1,2024-02-21
1588,2,2024-02-21
1588,4,2024-02-21
1588,6,2024-02-21
1589,1,2024-02-21
1589,2,2024-02-21
1589,4,2024-02-21
1589,5,2024-02-21
1589,6,2024-02-21
1590,1,2024-02-21
1590,2,2024-02-21
1590,4,2024-02-21
1590,5,2024-02-21
1590,6,2024-02-21
1590,7,2024-02-21
1591,1,2024-02-21
1591,2,2024-02-21
1591,3,2024-02-21
1591,4,2024-02-21
1591,5,2024-02-21
1591,6,2024-02-21
1591,7,2024-02-21
1592,1,2024-02-21
1592,2,2024-02-21
1592,4,2024-02-21
1592,5,2024-02-21
1592,6,2024-02-21
1592,7,2024-02-21
1593,1,2024-02-21
1593,3,2024-02-21
1593,4,2024-02-21
1593,6,2024-02-21
1593,7,2024-02-21
1594,1,2024-02-21
1594,2,2024-02-21
1594,3,2024-02-21
1594,4,2024-02-21
1594,6,2024-02-21
1594,7,2024-02-21
1595,1,2024-02-21
1595,2,2024-02-21
1595,3,2024-02-21
1595,4,2024-02-21
1595,5,2024-02-21
1595,6,2024-02-21
1595,7,2024-02-21
1596,1,2024-02-21
1596,2,2024-02-21
1596,3,2024-02-21
1596,4,2024-02-21
1596,5,2024-02-21
1596,6,2024-02-21
1596,7,2024-02-21
1597,1,2024-02-21
1597,5,2024-02-21
1597,6,2024-02-21
1597,7,2024-02-21
1598,1,2022-09-29
1598,2,2022-09-29
1598,5,2022-09-29
1598,6,2022-09-29
1598,7,2022-09-29
1599,1,2024-08-19
1599,3,2024-08-19
1599,4,2024-08-19
1599,5,2024-08-19
1599,7,2024-08-19
1600,1,2023-07-03
1600,2,2023-07-03
1600,3,2023-07-03
1600,6,2023-07-03
1600,7,2023-07-03
1601,1,2022-01-07
1601,2,2022-01-07
1601,4,2022-01-07
1601,5,2022-01-07
1601,6,2022-01-07
1601,7,2022-01-07
1602,1,2022-12-09
1602,2,2022-12-09
1602,3,2022-12-09
1602,4,2022-12-09
1603,1,2023-04-07
1603,2,2023-04-07
1603,3,2023-04-07
1603,4,2023-04-07
1603,6,2023-04-07
1603,7,2023-04-07
1604,1,2026-05-29
1604,2,2026-05-29
1604,3,2026-05-29
1604,4,2026-05-29
1604,5,2026-05-29
1604,7,2026-05-29
1605,1,2025-11-15
1605,2,2025-11-15
1605,3,2025-11-15
1605,5,2025-11-15
1605,7,2025-11-15
